2026-04-04 20:55:39.694: [INFO][Sync] Configuring for: Extensions, Extension settings, Device Info, User Consents, Send Tab To Self, Web Apps, Encryption Keys, reason: 1, current state: 3
2026-04-04 20:55:39.695: [INFO][SyncEngineBackend::DoStartConfiguration] Start configuration
2026-04-04 20:55:39.697: [INFO][Sync] Configure, desired: Extensions, Extension settings, Device Info, User Consents, Send Tab To Self, Web Apps, Encryption Keys; Allow fail: 
2026-04-04 20:55:39.709: [INFO][Sync] Loading: Extensions
2026-04-04 20:55:39.709: [INFO][Sync] Loading: Extension settings
2026-04-04 20:55:39.709: [INFO][Sync] Loading: Device Info
2026-04-04 20:55:39.709: [INFO][Sync] Loading: User Consents
2026-04-04 20:55:39.709: [INFO][Sync] Loading: Send Tab To Self
2026-04-04 20:55:39.709: [INFO][Sync] Loading: Web Apps
2026-04-04 20:55:39.725: [INFO][Sync] Reset engine, reason: 8
2026-04-04 20:55:39.725: [INFO][Sync] Stopped: Bookmarks
2026-04-04 20:55:39.725: [INFO][Sync] Stopped: Preferences
2026-04-04 20:55:39.725: [INFO][Sync] Stopped: Passwords
2026-04-04 20:55:39.725: [INFO][Sync] Stopped: Autofill Profiles
2026-04-04 20:55:39.725: [INFO][Sync] Stopped: Autofill
2026-04-04 20:55:39.725: [INFO][Sync] Stopped: Extensions
2026-04-04 20:55:39.725: [INFO][Sync] Stopped: Sessions
2026-04-04 20:55:39.725: [INFO][Sync] Stopped: Extension settings
2026-04-04 20:55:39.725: [INFO][Sync] Stopped: History Delete Directives
2026-04-04 20:55:39.725: [INFO][Sync] Stopped: Device Info
2026-04-04 20:55:39.725: [INFO][Sync] Stopped: User Consents
2026-04-04 20:55:39.725: [INFO][Sync] Stopped: Send Tab To Self
2026-04-04 20:55:39.725: [INFO][Sync] Stopped: Web Apps
2026-04-04 20:55:39.725: [INFO][Sync] Stopped: History
2026-04-04 20:55:39.725: [INFO][Sync] Stopped: Saved Tab Group
2026-04-04 20:55:39.725: [INFO][Sync] Stopped: WebAuthn Credentials
2026-04-04 20:55:39.725: [INFO][Sync] Stopped: Collection
2026-04-04 20:55:39.725: [INFO][Sync] Stopped: Edge E Drop
2026-04-04 20:55:39.725: [INFO][Sync] Stopped: Edge Hub App Usage
2026-04-04 20:55:39.725: [INFO][Sync] Stopped: Edge Wallet
2026-04-04 20:55:39.725: [INFO][Sync] Stopped: Edge Workspace
2026-04-04 20:55:39.725: [INFO][Sync] Configured DataTypeManager: Aborted
2026-04-04 20:55:39.725: [INFO][Sync] Reset engine with reason: 8
2026-04-04 20:55:39.736: [INFO][SyncAuthManager::SetLastAuthError] Current auth error: None
2026-04-04 20:55:39.736: [INFO][SyncAuthManager::SetLastAuthError] Current auth error: None
2026-04-04 20:56:56.679: [INFO][Sync] Reset engine, reason: 0
2026-04-04 20:56:57.744: [INFO][Sync] Reset engine, reason: 8
2026-04-04 20:56:57.744: [INFO][Sync] Stopped: Bookmarks
2026-04-04 20:56:57.744: [INFO][Sync] Stopped: Preferences
2026-04-04 20:56:57.744: [INFO][Sync] Stopped: Passwords
2026-04-04 20:56:57.744: [INFO][Sync] Stopped: Autofill Profiles
2026-04-04 20:56:57.744: [INFO][Sync] Stopped: Autofill
2026-04-04 20:56:57.744: [INFO][Sync] Stopped: Extensions
2026-04-04 20:56:57.744: [INFO][Sync] Stopped: Sessions
2026-04-04 20:56:57.744: [INFO][Sync] Stopped: Extension settings
2026-04-04 20:56:57.744: [INFO][Sync] Stopped: History Delete Directives
2026-04-04 20:56:57.744: [INFO][Sync] Stopped: Device Info
2026-04-04 20:56:57.744: [INFO][Sync] Stopped: User Consents
2026-04-04 20:56:57.744: [INFO][Sync] Stopped: Send Tab To Self
2026-04-04 20:56:57.744: [INFO][Sync] Stopped: Web Apps
2026-04-04 20:56:57.744: [INFO][Sync] Stopped: History
2026-04-04 20:56:57.744: [INFO][Sync] Stopped: Saved Tab Group
2026-04-04 20:56:57.744: [INFO][Sync] Stopped: WebAuthn Credentials
2026-04-04 20:56:57.744: [INFO][Sync] Stopped: Collection
2026-04-04 20:56:57.744: [INFO][Sync] Stopped: Edge E Drop
2026-04-04 20:56:57.744: [INFO][Sync] Stopped: Edge Hub App Usage
2026-04-04 20:56:57.744: [INFO][Sync] Stopped: Edge Wallet
2026-04-04 20:56:57.744: [INFO][Sync] Stopped: Edge Workspace
2026-04-04 20:56:57.744: [INFO][Sync] SyncState after authenticated was: NotSignedIn
2026-04-04 20:56:58.071: [INFO][Sync] Reset engine, reason: 8
2026-04-04 20:56:58.071: [INFO][Sync] Stopped: Bookmarks
2026-04-04 20:56:58.071: [INFO][Sync] Stopped: Preferences
2026-04-04 20:56:58.071: [INFO][Sync] Stopped: Passwords
2026-04-04 20:56:58.071: [INFO][Sync] Stopped: Autofill Profiles
2026-04-04 20:56:58.071: [INFO][Sync] Stopped: Autofill
2026-04-04 20:56:58.071: [INFO][Sync] Stopped: Extensions
2026-04-04 20:56:58.071: [INFO][Sync] Stopped: Sessions
2026-04-04 20:56:58.071: [INFO][Sync] Stopped: Extension settings
2026-04-04 20:56:58.071: [INFO][Sync] Stopped: History Delete Directives
2026-04-04 20:56:58.071: [INFO][Sync] Stopped: Device Info
2026-04-04 20:56:58.071: [INFO][Sync] Stopped: User Consents
2026-04-04 20:56:58.071: [INFO][Sync] Stopped: Send Tab To Self
2026-04-04 20:56:58.071: [INFO][Sync] Stopped: Web Apps
2026-04-04 20:56:58.071: [INFO][Sync] Stopped: History
2026-04-04 20:56:58.071: [INFO][Sync] Stopped: Saved Tab Group
2026-04-04 20:56:58.071: [INFO][Sync] Stopped: WebAuthn Credentials
2026-04-04 20:56:58.071: [INFO][Sync] Stopped: Collection
2026-04-04 20:56:58.071: [INFO][Sync] Stopped: Edge E Drop
2026-04-04 20:56:58.071: [INFO][Sync] Stopped: Edge Hub App Usage
2026-04-04 20:56:58.071: [INFO][Sync] Stopped: Edge Wallet
2026-04-04 20:56:58.071: [INFO][Sync] Stopped: Edge Workspace
2026-04-04 23:15:47.167: [INFO][Sync] Reset engine, reason: 0
2026-04-05 21:21:03.567: [INFO][Sync] Reset engine, reason: 8
2026-04-05 21:21:03.567: [INFO][Sync] Stopped: Bookmarks
2026-04-05 21:21:03.567: [INFO][Sync] Stopped: Preferences
2026-04-05 21:21:03.567: [INFO][Sync] Stopped: Passwords
2026-04-05 21:21:03.567: [INFO][Sync] Stopped: Autofill Profiles
2026-04-05 21:21:03.567: [INFO][Sync] Stopped: Autofill
2026-04-05 21:21:03.567: [INFO][Sync] Stopped: Extensions
2026-04-05 21:21:03.567: [INFO][Sync] Stopped: Sessions
2026-04-05 21:21:03.567: [INFO][Sync] Stopped: Extension settings
2026-04-05 21:21:03.567: [INFO][Sync] Stopped: History Delete Directives
2026-04-05 21:21:03.567: [INFO][Sync] Stopped: Device Info
2026-04-05 21:21:03.567: [INFO][Sync] Stopped: User Consents
2026-04-05 21:21:03.567: [INFO][Sync] Stopped: Send Tab To Self
2026-04-05 21:21:03.567: [INFO][Sync] Stopped: Web Apps
2026-04-05 21:21:03.567: [INFO][Sync] Stopped: History
2026-04-05 21:21:03.567: [INFO][Sync] Stopped: Saved Tab Group
2026-04-05 21:21:03.567: [INFO][Sync] Stopped: WebAuthn Credentials
2026-04-05 21:21:03.567: [INFO][Sync] Stopped: Collection
2026-04-05 21:21:03.567: [INFO][Sync] Stopped: Edge E Drop
2026-04-05 21:21:03.567: [INFO][Sync] Stopped: Edge Hub App Usage
2026-04-05 21:21:03.567: [INFO][Sync] Stopped: Edge Wallet
2026-04-05 21:21:03.567: [INFO][Sync] Stopped: Edge Workspace
2026-04-05 21:21:03.567: [INFO][Sync] SyncState after authenticated was: NotSignedIn
2026-04-05 21:21:04.018: [INFO][Sync] Reset engine, reason: 8
2026-04-05 21:21:04.018: [INFO][Sync] Stopped: Bookmarks
2026-04-05 21:21:04.018: [INFO][Sync] Stopped: Preferences
2026-04-05 21:21:04.018: [INFO][Sync] Stopped: Passwords
2026-04-05 21:21:04.018: [INFO][Sync] Stopped: Autofill Profiles
2026-04-05 21:21:04.018: [INFO][Sync] Stopped: Autofill
2026-04-05 21:21:04.018: [INFO][Sync] Stopped: Extensions
2026-04-05 21:21:04.018: [INFO][Sync] Stopped: Sessions
2026-04-05 21:21:04.018: [INFO][Sync] Stopped: Extension settings
2026-04-05 21:21:04.018: [INFO][Sync] Stopped: History Delete Directives
2026-04-05 21:21:04.018: [INFO][Sync] Stopped: Device Info
2026-04-05 21:21:04.018: [INFO][Sync] Stopped: User Consents
2026-04-05 21:21:04.018: [INFO][Sync] Stopped: Send Tab To Self
2026-04-05 21:21:04.018: [INFO][Sync] Stopped: Web Apps
2026-04-05 21:21:04.018: [INFO][Sync] Stopped: History
2026-04-05 21:21:04.018: [INFO][Sync] Stopped: Saved Tab Group
2026-04-05 21:21:04.018: [INFO][Sync] Stopped: WebAuthn Credentials
2026-04-05 21:21:04.018: [INFO][Sync] Stopped: Collection
2026-04-05 21:21:04.018: [INFO][Sync] Stopped: Edge E Drop
2026-04-05 21:21:04.018: [INFO][Sync] Stopped: Edge Hub App Usage
2026-04-05 21:21:04.019: [INFO][Sync] Stopped: Edge Wallet
2026-04-05 21:21:04.019: [INFO][Sync] Stopped: Edge Workspace
2026-04-05 22:35:04.229: [INFO][Sync] Reset engine, reason: 0
2026-04-05 22:35:05.553: [INFO][Sync] Reset engine, reason: 8
2026-04-05 22:35:05.553: [INFO][Sync] Stopped: Bookmarks
2026-04-05 22:35:05.554: [INFO][Sync] Stopped: Preferences
2026-04-05 22:35:05.554: [INFO][Sync] Stopped: Passwords
2026-04-05 22:35:05.554: [INFO][Sync] Stopped: Autofill Profiles
2026-04-05 22:35:05.554: [INFO][Sync] Stopped: Autofill
2026-04-05 22:35:05.554: [INFO][Sync] Stopped: Extensions
2026-04-05 22:35:05.554: [INFO][Sync] Stopped: Sessions
2026-04-05 22:35:05.554: [INFO][Sync] Stopped: Extension settings
2026-04-05 22:35:05.554: [INFO][Sync] Stopped: History Delete Directives
2026-04-05 22:35:05.554: [INFO][Sync] Stopped: Device Info
2026-04-05 22:35:05.554: [INFO][Sync] Stopped: User Consents
2026-04-05 22:35:05.554: [INFO][Sync] Stopped: Send Tab To Self
2026-04-05 22:35:05.554: [INFO][Sync] Stopped: Web Apps
2026-04-05 22:35:05.554: [INFO][Sync] Stopped: History
2026-04-05 22:35:05.554: [INFO][Sync] Stopped: Saved Tab Group
2026-04-05 22:35:05.554: [INFO][Sync] Stopped: WebAuthn Credentials
2026-04-05 22:35:05.554: [INFO][Sync] Stopped: Collection
2026-04-05 22:35:05.554: [INFO][Sync] Stopped: Edge E Drop
2026-04-05 22:35:05.554: [INFO][Sync] Stopped: Edge Hub App Usage
2026-04-05 22:35:05.554: [INFO][Sync] Stopped: Edge Wallet
2026-04-05 22:35:05.554: [INFO][Sync] Stopped: Edge Workspace
2026-04-05 22:35:05.554: [INFO][Sync] SyncState after authenticated was: NotSignedIn
2026-04-05 22:35:06.018: [INFO][Sync] Reset engine, reason: 8
2026-04-05 22:35:06.018: [INFO][Sync] Stopped: Bookmarks
2026-04-05 22:35:06.018: [INFO][Sync] Stopped: Preferences
2026-04-05 22:35:06.018: [INFO][Sync] Stopped: Passwords
2026-04-05 22:35:06.018: [INFO][Sync] Stopped: Autofill Profiles
2026-04-05 22:35:06.018: [INFO][Sync] Stopped: Autofill
2026-04-05 22:35:06.018: [INFO][Sync] Stopped: Extensions
2026-04-05 22:35:06.018: [INFO][Sync] Stopped: Sessions
2026-04-05 22:35:06.018: [INFO][Sync] Stopped: Extension settings
2026-04-05 22:35:06.018: [INFO][Sync] Stopped: History Delete Directives
2026-04-05 22:35:06.018: [INFO][Sync] Stopped: Device Info
2026-04-05 22:35:06.018: [INFO][Sync] Stopped: User Consents
2026-04-05 22:35:06.018: [INFO][Sync] Stopped: Send Tab To Self
2026-04-05 22:35:06.018: [INFO][Sync] Stopped: Web Apps
2026-04-05 22:35:06.018: [INFO][Sync] Stopped: History
2026-04-05 22:35:06.018: [INFO][Sync] Stopped: Saved Tab Group
2026-04-05 22:35:06.018: [INFO][Sync] Stopped: WebAuthn Credentials
2026-04-05 22:35:06.018: [INFO][Sync] Stopped: Collection
2026-04-05 22:35:06.018: [INFO][Sync] Stopped: Edge E Drop
2026-04-05 22:35:06.018: [INFO][Sync] Stopped: Edge Hub App Usage
2026-04-05 22:35:06.018: [INFO][Sync] Stopped: Edge Wallet
2026-04-05 22:35:06.018: [INFO][Sync] Stopped: Edge Workspace
2026-04-05 22:42:48.063: [INFO][Sync] Reset engine, reason: 0
2026-04-07 20:29:01.069: [INFO][Sync] Reset engine, reason: 8
2026-04-07 20:29:01.069: [INFO][Sync] Stopped: Bookmarks
2026-04-07 20:29:01.070: [INFO][Sync] Stopped: Preferences
2026-04-07 20:29:01.070: [INFO][Sync] Stopped: Passwords
2026-04-07 20:29:01.070: [INFO][Sync] Stopped: Autofill Profiles
2026-04-07 20:29:01.070: [INFO][Sync] Stopped: Autofill
2026-04-07 20:29:01.070: [INFO][Sync] Stopped: Extensions
2026-04-07 20:29:01.070: [INFO][Sync] Stopped: Sessions
2026-04-07 20:29:01.070: [INFO][Sync] Stopped: Extension settings
2026-04-07 20:29:01.070: [INFO][Sync] Stopped: History Delete Directives
2026-04-07 20:29:01.070: [INFO][Sync] Stopped: Device Info
2026-04-07 20:29:01.070: [INFO][Sync] Stopped: User Consents
2026-04-07 20:29:01.070: [INFO][Sync] Stopped: Send Tab To Self
2026-04-07 20:29:01.070: [INFO][Sync] Stopped: Web Apps
2026-04-07 20:29:01.070: [INFO][Sync] Stopped: History
2026-04-07 20:29:01.071: [INFO][Sync] Stopped: Saved Tab Group
2026-04-07 20:29:01.071: [INFO][Sync] Stopped: WebAuthn Credentials
2026-04-07 20:29:01.071: [INFO][Sync] Stopped: Collection
2026-04-07 20:29:01.071: [INFO][Sync] Stopped: Edge E Drop
2026-04-07 20:29:01.071: [INFO][Sync] Stopped: Edge Hub App Usage
2026-04-07 20:29:01.071: [INFO][Sync] Stopped: Edge Wallet
2026-04-07 20:29:01.071: [INFO][Sync] Stopped: Edge Workspace
2026-04-07 20:29:01.071: [INFO][Sync] SyncState after authenticated was: NotSignedIn
2026-04-07 20:29:01.702: [INFO][Sync] Reset engine, reason: 8
2026-04-07 20:29:01.702: [INFO][Sync] Stopped: Bookmarks
2026-04-07 20:29:01.702: [INFO][Sync] Stopped: Preferences
2026-04-07 20:29:01.702: [INFO][Sync] Stopped: Passwords
2026-04-07 20:29:01.702: [INFO][Sync] Stopped: Autofill Profiles
2026-04-07 20:29:01.702: [INFO][Sync] Stopped: Autofill
2026-04-07 20:29:01.702: [INFO][Sync] Stopped: Extensions
2026-04-07 20:29:01.702: [INFO][Sync] Stopped: Sessions
2026-04-07 20:29:01.702: [INFO][Sync] Stopped: Extension settings
2026-04-07 20:29:01.702: [INFO][Sync] Stopped: History Delete Directives
2026-04-07 20:29:01.702: [INFO][Sync] Stopped: Device Info
2026-04-07 20:29:01.702: [INFO][Sync] Stopped: User Consents
2026-04-07 20:29:12.628: [INFO][Sync] Reset engine, reason: 8
2026-04-07 20:29:12.628: [INFO][Sync] Stopped: Bookmarks
2026-04-07 20:29:12.628: [INFO][Sync] Stopped: Preferences
2026-04-07 20:29:12.628: [INFO][Sync] Stopped: Passwords
2026-04-07 20:29:12.628: [INFO][Sync] Stopped: Autofill Profiles
2026-04-07 20:29:12.628: [INFO][Sync] Stopped: Autofill
2026-04-07 20:29:12.628: [INFO][Sync] Stopped: Extensions
2026-04-07 20:29:12.628: [INFO][Sync] Stopped: Sessions
2026-04-07 20:29:12.629: [INFO][Sync] Stopped: Extension settings
2026-04-07 20:29:12.629: [INFO][Sync] Stopped: History Delete Directives
2026-04-07 20:29:12.629: [INFO][Sync] Stopped: Device Info
2026-04-07 20:29:12.629: [INFO][Sync] Stopped: User Consents
2026-04-07 20:29:12.629: [INFO][Sync] Stopped: Send Tab To Self
2026-04-07 20:29:12.629: [INFO][Sync] Stopped: Web Apps
2026-04-07 20:29:12.629: [INFO][Sync] Stopped: History
2026-04-07 20:29:12.629: [INFO][Sync] Stopped: Saved Tab Group
2026-04-07 20:29:12.629: [INFO][Sync] Stopped: WebAuthn Credentials
2026-04-07 20:29:12.629: [INFO][Sync] Stopped: Collection
2026-04-07 20:29:12.629: [INFO][Sync] Stopped: Edge E Drop
2026-04-07 20:29:12.629: [INFO][Sync] Stopped: Edge Hub App Usage
2026-04-07 20:29:12.629: [INFO][Sync] Stopped: Edge Wallet
2026-04-07 20:29:12.629: [INFO][Sync] Stopped: Edge Workspace
2026-04-07 20:29:12.629: [INFO][Sync] SyncState after authenticated was: NotSignedIn
2026-04-07 20:29:13.839: [INFO][Sync] Reset engine, reason: 8
2026-04-07 20:29:13.839: [INFO][Sync] Stopped: Bookmarks
2026-04-07 20:29:13.840: [INFO][Sync] Stopped: Preferences
2026-04-07 20:29:13.840: [INFO][Sync] Stopped: Passwords
2026-04-07 20:29:13.840: [INFO][Sync] Stopped: Autofill Profiles
2026-04-07 20:29:13.840: [INFO][Sync] Stopped: Autofill
2026-04-07 20:29:13.840: [INFO][Sync] Stopped: Extensions
2026-04-07 20:29:13.840: [INFO][Sync] Stopped: Sessions
2026-04-07 20:29:13.840: [INFO][Sync] Stopped: Extension settings
2026-04-07 20:29:13.840: [INFO][Sync] Stopped: History Delete Directives
2026-04-07 20:29:13.840: [INFO][Sync] Stopped: Device Info
2026-04-07 20:29:13.840: [INFO][Sync] Stopped: User Consents
2026-04-07 20:29:13.840: [INFO][Sync] Stopped: Send Tab To Self
2026-04-07 20:29:13.840: [INFO][Sync] Stopped: Web Apps
2026-04-07 20:29:13.840: [INFO][Sync] Stopped: History
2026-04-07 20:29:13.840: [INFO][Sync] Stopped: Saved Tab Group
2026-04-07 20:29:13.840: [INFO][Sync] Stopped: WebAuthn Credentials
2026-04-07 20:29:13.840: [INFO][Sync] Stopped: Collection
2026-04-07 20:29:13.840: [INFO][Sync] Stopped: Edge E Drop
2026-04-07 20:29:13.840: [INFO][Sync] Stopped: Edge Hub App Usage
2026-04-07 20:29:13.840: [INFO][Sync] Stopped: Edge Wallet
2026-04-07 20:29:13.840: [INFO][Sync] Stopped: Edge Workspace
2026-04-07 22:34:32.381: [INFO][Sync] Reset engine, reason: 0
2026-04-07 22:34:34.767: [INFO][Sync] Reset engine, reason: 8
2026-04-07 22:34:34.767: [INFO][Sync] Stopped: Bookmarks
2026-04-07 22:34:34.767: [INFO][Sync] Stopped: Preferences
2026-04-07 22:34:34.767: [INFO][Sync] Stopped: Passwords
2026-04-07 22:34:34.767: [INFO][Sync] Stopped: Autofill Profiles
2026-04-07 22:34:34.767: [INFO][Sync] Stopped: Autofill
2026-04-07 22:34:34.767: [INFO][Sync] Stopped: Extensions
2026-04-07 22:34:34.767: [INFO][Sync] Stopped: Sessions
2026-04-07 22:34:34.767: [INFO][Sync] Stopped: Extension settings
2026-04-07 22:34:34.767: [INFO][Sync] Stopped: History Delete Directives
2026-04-07 22:34:34.767: [INFO][Sync] Stopped: Device Info
2026-04-07 22:34:34.767: [INFO][Sync] Stopped: User Consents
2026-04-07 22:34:34.767: [INFO][Sync] Stopped: Send Tab To Self
2026-04-07 22:34:34.767: [INFO][Sync] Stopped: Web Apps
2026-04-07 22:34:34.767: [INFO][Sync] Stopped: History
2026-04-07 22:34:34.767: [INFO][Sync] Stopped: Saved Tab Group
2026-04-07 22:34:34.767: [INFO][Sync] Stopped: WebAuthn Credentials
2026-04-07 22:34:34.767: [INFO][Sync] Stopped: Collection
2026-04-07 22:34:34.767: [INFO][Sync] Stopped: Edge E Drop
2026-04-07 22:34:34.767: [INFO][Sync] Stopped: Edge Hub App Usage
2026-04-07 22:34:34.767: [INFO][Sync] Stopped: Edge Wallet
2026-04-07 22:34:34.767: [INFO][Sync] Stopped: Edge Workspace
2026-04-07 22:34:34.767: [INFO][Sync] SyncState after authenticated was: NotSignedIn
2026-04-07 22:34:35.790: [INFO][Sync] Reset engine, reason: 8
2026-04-07 22:34:35.790: [INFO][Sync] Stopped: Bookmarks
2026-04-07 22:34:35.790: [INFO][Sync] Stopped: Preferences
2026-04-07 22:34:35.790: [INFO][Sync] Stopped: Passwords
2026-04-07 22:34:35.790: [INFO][Sync] Stopped: Autofill Profiles
2026-04-07 22:34:35.790: [INFO][Sync] Stopped: Autofill
2026-04-07 22:34:35.790: [INFO][Sync] Stopped: Extensions
2026-04-07 22:34:35.790: [INFO][Sync] Stopped: Sessions
2026-04-07 22:34:35.790: [INFO][Sync] Stopped: Extension settings
2026-04-07 22:34:35.790: [INFO][Sync] Stopped: History Delete Directives
2026-04-07 22:34:35.790: [INFO][Sync] Stopped: Device Info
2026-04-07 22:34:35.790: [INFO][Sync] Stopped: User Consents
2026-04-07 22:34:35.790: [INFO][Sync] Stopped: Send Tab To Self
2026-04-07 22:34:35.790: [INFO][Sync] Stopped: Web Apps
2026-04-07 22:34:35.790: [INFO][Sync] Stopped: History
2026-04-07 22:34:35.790: [INFO][Sync] Stopped: Saved Tab Group
2026-04-07 22:34:35.790: [INFO][Sync] Stopped: WebAuthn Credentials
2026-04-07 22:34:35.790: [INFO][Sync] Stopped: Collection
2026-04-07 22:34:35.790: [INFO][Sync] Stopped: Edge E Drop
2026-04-07 22:34:35.790: [INFO][Sync] Stopped: Edge Hub App Usage
2026-04-07 22:34:35.790: [INFO][Sync] Stopped: Edge Wallet
2026-04-07 22:34:35.790: [INFO][Sync] Stopped: Edge Workspace
2026-04-07 23:18:14.854: [INFO][Sync] Reset engine, reason: 0
2026-04-08 21:59:00.477: [INFO][Sync] Reset engine, reason: 8
2026-04-08 21:59:00.477: [INFO][Sync] Stopped: Bookmarks
2026-04-08 21:59:00.478: [INFO][Sync] Stopped: Preferences
2026-04-08 21:59:00.478: [INFO][Sync] Stopped: Passwords
2026-04-08 21:59:00.478: [INFO][Sync] Stopped: Autofill Profiles
2026-04-08 21:59:00.478: [INFO][Sync] Stopped: Autofill
2026-04-08 21:59:00.478: [INFO][Sync] Stopped: Extensions
2026-04-08 21:59:00.478: [INFO][Sync] Stopped: Sessions
2026-04-08 21:59:00.478: [INFO][Sync] Stopped: Extension settings
2026-04-08 21:59:00.478: [INFO][Sync] Stopped: History Delete Directives
2026-04-08 21:59:00.478: [INFO][Sync] Stopped: Device Info
2026-04-08 21:59:00.478: [INFO][Sync] Stopped: User Consents
2026-04-08 21:59:00.478: [INFO][Sync] Stopped: Send Tab To Self
2026-04-08 21:59:00.478: [INFO][Sync] Stopped: Web Apps
2026-04-08 21:59:00.478: [INFO][Sync] Stopped: History
2026-04-08 21:59:00.478: [INFO][Sync] Stopped: Saved Tab Group
2026-04-08 21:59:00.478: [INFO][Sync] Stopped: WebAuthn Credentials
2026-04-08 21:59:00.478: [INFO][Sync] Stopped: Collection
2026-04-08 21:59:00.478: [INFO][Sync] Stopped: Edge E Drop
2026-04-08 21:59:00.478: [INFO][Sync] Stopped: Edge Hub App Usage
2026-04-08 21:59:00.478: [INFO][Sync] Stopped: Edge Wallet
2026-04-08 21:59:00.478: [INFO][Sync] Stopped: Edge Workspace
2026-04-08 21:59:00.479: [INFO][Sync] SyncState after authenticated was: NotSignedIn
2026-04-08 21:59:01.453: [INFO][Sync] Reset engine, reason: 8
2026-04-08 21:59:01.453: [INFO][Sync] Stopped: Bookmarks
2026-04-08 21:59:01.453: [INFO][Sync] Stopped: Preferences
2026-04-08 21:59:01.453: [INFO][Sync] Stopped: Passwords
2026-04-08 21:59:01.453: [INFO][Sync] Stopped: Autofill Profiles
2026-04-08 21:59:01.453: [INFO][Sync] Stopped: Autofill
2026-04-08 21:59:01.453: [INFO][Sync] Stopped: Extensions
2026-04-08 21:59:01.453: [INFO][Sync] Stopped: Sessions
2026-04-08 21:59:01.453: [INFO][Sync] Stopped: Extension settings
2026-04-08 21:59:01.453: [INFO][Sync] Stopped: History Delete Directives
2026-04-08 21:59:01.453: [INFO][Sync] Stopped: Device Info
2026-04-08 21:59:01.453: [INFO][Sync] Stopped: User Consents
2026-04-08 21:59:01.453: [INFO][Sync] Stopped: Send Tab To Self
2026-04-08 21:59:01.453: [INFO][Sync] Stopped: Web Apps
2026-04-08 21:59:01.453: [INFO][Sync] Stopped: History
2026-04-08 21:59:01.453: [INFO][Sync] Stopped: Saved Tab Group
2026-04-08 21:59:01.453: [INFO][Sync] Stopped: WebAuthn Credentials
2026-04-08 21:59:01.453: [INFO][Sync] Stopped: Collection
2026-04-08 21:59:01.453: [INFO][Sync] Stopped: Edge E Drop
2026-04-08 21:59:01.453: [INFO][Sync] Stopped: Edge Hub App Usage
2026-04-08 21:59:01.453: [INFO][Sync] Stopped: Edge Wallet
2026-04-08 21:59:01.453: [INFO][Sync] Stopped: Edge Workspace
2026-04-08 23:24:23.325: [INFO][Sync] Reset engine, reason: 0
2026-04-10 07:54:11.336: [INFO][Sync] Reset engine, reason: 8
2026-04-10 07:54:11.336: [INFO][Sync] Stopped: Bookmarks
2026-04-10 07:54:11.336: [INFO][Sync] Stopped: Preferences
2026-04-10 07:54:11.336: [INFO][Sync] Stopped: Passwords
2026-04-10 07:54:11.336: [INFO][Sync] Stopped: Autofill Profiles
2026-04-10 07:54:11.337: [INFO][Sync] Stopped: Autofill
2026-04-10 07:54:11.337: [INFO][Sync] Stopped: Extensions
2026-04-10 07:54:11.337: [INFO][Sync] Stopped: Sessions
2026-04-10 07:54:11.337: [INFO][Sync] Stopped: Extension settings
2026-04-10 07:54:11.337: [INFO][Sync] Stopped: History Delete Directives
2026-04-10 07:54:11.337: [INFO][Sync] Stopped: Device Info
2026-04-10 07:54:11.337: [INFO][Sync] Stopped: User Consents
2026-04-10 07:54:11.337: [INFO][Sync] Stopped: Send Tab To Self
2026-04-10 07:54:11.337: [INFO][Sync] Stopped: Web Apps
2026-04-10 07:54:11.337: [INFO][Sync] Stopped: History
2026-04-10 07:54:11.337: [INFO][Sync] Stopped: Saved Tab Group
2026-04-10 07:54:11.337: [INFO][Sync] Stopped: WebAuthn Credentials
2026-04-10 07:54:11.337: [INFO][Sync] Stopped: Collection
2026-04-10 07:54:11.337: [INFO][Sync] Stopped: Edge E Drop
2026-04-10 07:54:11.337: [INFO][Sync] Stopped: Edge Hub App Usage
2026-04-10 07:54:11.337: [INFO][Sync] Stopped: Edge Wallet
2026-04-10 07:54:11.337: [INFO][Sync] Stopped: Edge Workspace
2026-04-10 07:54:11.337: [INFO][Sync] SyncState after authenticated was: NotSignedIn
2026-04-10 07:54:11.991: [INFO][Sync] Reset engine, reason: 8
2026-04-10 07:54:11.991: [INFO][Sync] Stopped: Bookmarks
2026-04-10 07:54:11.991: [INFO][Sync] Stopped: Preferences
2026-04-10 07:54:11.991: [INFO][Sync] Stopped: Passwords
2026-04-10 07:54:11.991: [INFO][Sync] Stopped: Autofill Profiles
2026-04-10 07:54:11.991: [INFO][Sync] Stopped: Autofill
2026-04-10 07:54:11.991: [INFO][Sync] Stopped: Extensions
2026-04-10 07:54:11.991: [INFO][Sync] Stopped: Sessions
2026-04-10 07:54:11.991: [INFO][Sync] Stopped: Extension settings
2026-04-10 07:54:11.991: [INFO][Sync] Stopped: History Delete Directives
2026-04-10 07:54:11.991: [INFO][Sync] Stopped: Device Info
2026-04-10 07:54:11.991: [INFO][Sync] Stopped: User Consents
2026-04-10 07:54:11.991: [INFO][Sync] Stopped: Send Tab To Self
2026-04-10 07:54:11.991: [INFO][Sync] Stopped: Web Apps
2026-04-10 07:54:11.991: [INFO][Sync] Stopped: History
2026-04-10 07:54:11.991: [INFO][Sync] Stopped: Saved Tab Group
2026-04-10 07:54:11.991: [INFO][Sync] Stopped: WebAuthn Credentials
2026-04-10 07:54:11.991: [INFO][Sync] Stopped: Collection
2026-04-10 07:54:11.991: [INFO][Sync] Stopped: Edge E Drop
2026-04-10 07:54:11.991: [INFO][Sync] Stopped: Edge Hub App Usage
2026-04-10 07:54:11.991: [INFO][Sync] Stopped: Edge Wallet
2026-04-10 07:54:11.991: [INFO][Sync] Stopped: Edge Workspace
2026-04-10 10:35:00.651: [INFO][Sync] Reset engine, reason: 0
2026-04-10 10:47:57.680: [INFO][Sync] Reset engine, reason: 8
2026-04-10 10:47:57.681: [INFO][Sync] Stopped: Bookmarks
2026-04-10 10:47:57.681: [INFO][Sync] Stopped: Preferences
2026-04-10 10:47:57.681: [INFO][Sync] Stopped: Passwords
2026-04-10 10:47:57.681: [INFO][Sync] Stopped: Autofill Profiles
2026-04-10 10:47:57.681: [INFO][Sync] Stopped: Autofill
2026-04-10 10:47:57.681: [INFO][Sync] Stopped: Extensions
2026-04-10 10:47:57.681: [INFO][Sync] Stopped: Sessions
2026-04-10 10:47:57.681: [INFO][Sync] Stopped: Extension settings
2026-04-10 10:47:57.681: [INFO][Sync] Stopped: History Delete Directives
2026-04-10 10:47:57.681: [INFO][Sync] Stopped: Device Info
2026-04-10 10:47:57.681: [INFO][Sync] Stopped: User Consents
2026-04-10 10:47:57.681: [INFO][Sync] Stopped: Send Tab To Self
2026-04-10 10:47:57.681: [INFO][Sync] Stopped: Web Apps
2026-04-10 10:47:57.681: [INFO][Sync] Stopped: History
2026-04-10 10:47:57.681: [INFO][Sync] Stopped: Saved Tab Group
2026-04-10 10:47:57.681: [INFO][Sync] Stopped: WebAuthn Credentials
2026-04-10 10:47:57.681: [INFO][Sync] Stopped: Collection
2026-04-10 10:47:57.681: [INFO][Sync] Stopped: Edge E Drop
2026-04-10 10:47:57.681: [INFO][Sync] Stopped: Edge Hub App Usage
2026-04-10 10:47:57.681: [INFO][Sync] Stopped: Edge Wallet
2026-04-10 10:47:57.681: [INFO][Sync] Stopped: Edge Workspace
2026-04-10 10:47:57.681: [INFO][Sync] SyncState after authenticated was: NotSignedIn
2026-04-10 10:48:04.093: [INFO][Sync] Reset engine, reason: 8
2026-04-10 10:48:04.093: [INFO][Sync] Stopped: Bookmarks
2026-04-10 10:48:04.093: [INFO][Sync] Stopped: Preferences
2026-04-10 10:48:04.093: [INFO][Sync] Stopped: Passwords
2026-04-10 10:48:04.093: [INFO][Sync] Stopped: Autofill Profiles
2026-04-10 10:48:04.093: [INFO][Sync] Stopped: Autofill
2026-04-10 10:48:04.093: [INFO][Sync] Stopped: Extensions
2026-04-10 10:48:04.093: [INFO][Sync] Stopped: Sessions
2026-04-10 10:48:04.094: [INFO][Sync] Stopped: Extension settings
2026-04-10 10:48:04.094: [INFO][Sync] Stopped: History Delete Directives
2026-04-10 10:48:04.094: [INFO][Sync] Stopped: Device Info
2026-04-10 10:48:04.094: [INFO][Sync] Stopped: User Consents
2026-04-10 10:48:04.094: [INFO][Sync] Stopped: Send Tab To Self
2026-04-10 10:48:04.094: [INFO][Sync] Stopped: Web Apps
2026-04-10 10:48:04.094: [INFO][Sync] Stopped: History
2026-04-10 10:48:04.094: [INFO][Sync] Stopped: Saved Tab Group
2026-04-10 10:48:04.094: [INFO][Sync] Stopped: WebAuthn Credentials
2026-04-10 10:48:04.094: [INFO][Sync] Stopped: Collection
2026-04-10 10:48:04.094: [INFO][Sync] Stopped: Edge E Drop
2026-04-10 10:48:04.094: [INFO][Sync] Stopped: Edge Hub App Usage
2026-04-10 10:48:04.094: [INFO][Sync] Stopped: Edge Wallet
2026-04-10 10:48:04.094: [INFO][Sync] Stopped: Edge Workspace
2026-04-10 10:54:53.763: [INFO][Sync] Reset engine, reason: 0
2026-04-10 10:54:58.234: [INFO][Sync] Reset engine, reason: 8
2026-04-10 10:54:58.234: [INFO][Sync] Stopped: Bookmarks
2026-04-10 10:54:58.234: [INFO][Sync] Stopped: Preferences
2026-04-10 10:54:58.234: [INFO][Sync] Stopped: Passwords
2026-04-10 10:54:58.234: [INFO][Sync] Stopped: Autofill Profiles
2026-04-10 10:54:58.234: [INFO][Sync] Stopped: Autofill
2026-04-10 10:54:58.234: [INFO][Sync] Stopped: Extensions
2026-04-10 10:54:58.234: [INFO][Sync] Stopped: Sessions
2026-04-10 10:54:58.234: [INFO][Sync] Stopped: Extension settings
2026-04-10 10:54:58.234: [INFO][Sync] Stopped: History Delete Directives
2026-04-10 10:54:58.234: [INFO][Sync] Stopped: Device Info
2026-04-10 10:54:58.234: [INFO][Sync] Stopped: User Consents
2026-04-10 10:54:58.234: [INFO][Sync] Stopped: Send Tab To Self
2026-04-10 10:54:58.234: [INFO][Sync] Stopped: Web Apps
2026-04-10 10:54:58.234: [INFO][Sync] Stopped: History
2026-04-10 10:54:58.234: [INFO][Sync] Stopped: Saved Tab Group
2026-04-10 10:54:58.234: [INFO][Sync] Stopped: WebAuthn Credentials
2026-04-10 10:54:58.234: [INFO][Sync] Stopped: Collection
2026-04-10 10:54:58.234: [INFO][Sync] Stopped: Edge E Drop
2026-04-10 10:54:58.234: [INFO][Sync] Stopped: Edge Hub App Usage
2026-04-10 10:54:58.234: [INFO][Sync] Stopped: Edge Wallet
2026-04-10 10:54:58.234: [INFO][Sync] Stopped: Edge Workspace
2026-04-10 10:54:58.234: [INFO][Sync] SyncState after authenticated was: NotSignedIn
2026-04-10 10:55:02.171: [INFO][Sync] Reset engine, reason: 8
2026-04-10 10:55:02.171: [INFO][Sync] Stopped: Bookmarks
2026-04-10 10:55:02.171: [INFO][Sync] Stopped: Preferences
2026-04-10 10:55:02.171: [INFO][Sync] Stopped: Passwords
2026-04-10 10:55:02.171: [INFO][Sync] Stopped: Autofill Profiles
2026-04-10 10:55:02.171: [INFO][Sync] Stopped: Autofill
2026-04-10 10:55:02.171: [INFO][Sync] Stopped: Extensions
2026-04-10 10:55:02.171: [INFO][Sync] Stopped: Sessions
2026-04-10 10:55:02.171: [INFO][Sync] Stopped: Extension settings
2026-04-10 10:55:02.171: [INFO][Sync] Stopped: History Delete Directives
2026-04-10 10:55:02.171: [INFO][Sync] Stopped: Device Info
2026-04-10 10:55:02.171: [INFO][Sync] Stopped: User Consents
2026-04-10 10:55:02.171: [INFO][Sync] Stopped: Send Tab To Self
2026-04-10 10:55:02.171: [INFO][Sync] Stopped: Web Apps
2026-04-10 10:55:02.171: [INFO][Sync] Stopped: History
2026-04-10 10:55:02.171: [INFO][Sync] Stopped: Saved Tab Group
2026-04-10 10:55:02.171: [INFO][Sync] Stopped: WebAuthn Credentials
2026-04-10 10:55:02.171: [INFO][Sync] Stopped: Collection
2026-04-10 10:55:02.171: [INFO][Sync] Stopped: Edge E Drop
2026-04-10 10:55:02.171: [INFO][Sync] Stopped: Edge Hub App Usage
2026-04-10 10:55:02.171: [INFO][Sync] Stopped: Edge Wallet
2026-04-10 10:55:02.171: [INFO][Sync] Stopped: Edge Workspace
2026-04-10 23:48:07.520: [INFO][Sync] Reset engine, reason: 8
2026-04-10 23:48:07.520: [INFO][Sync] Stopped: Bookmarks
2026-04-10 23:48:07.520: [INFO][Sync] Stopped: Preferences
2026-04-10 23:48:07.520: [INFO][Sync] Stopped: Passwords
2026-04-10 23:48:07.520: [INFO][Sync] Stopped: Autofill Profiles
2026-04-10 23:48:07.520: [INFO][Sync] Stopped: Autofill
2026-04-10 23:48:07.520: [INFO][Sync] Stopped: Extensions
2026-04-10 23:48:07.520: [INFO][Sync] Stopped: Sessions
2026-04-10 23:48:07.520: [INFO][Sync] Stopped: Extension settings
2026-04-10 23:48:07.520: [INFO][Sync] Stopped: History Delete Directives
2026-04-10 23:48:07.520: [INFO][Sync] Stopped: Device Info
2026-04-10 23:48:07.520: [INFO][Sync] Stopped: User Consents
2026-04-10 23:48:07.520: [INFO][Sync] Stopped: Send Tab To Self
2026-04-10 23:48:07.520: [INFO][Sync] Stopped: Web Apps
2026-04-10 23:48:07.520: [INFO][Sync] Stopped: History
2026-04-10 23:48:07.520: [INFO][Sync] Stopped: Saved Tab Group
2026-04-10 23:48:07.520: [INFO][Sync] Stopped: WebAuthn Credentials
2026-04-10 23:48:07.520: [INFO][Sync] Stopped: Collection
2026-04-10 23:48:07.520: [INFO][Sync] Stopped: Edge E Drop
2026-04-10 23:48:07.520: [INFO][Sync] Stopped: Edge Hub App Usage
2026-04-10 23:48:07.520: [INFO][Sync] Stopped: Edge Wallet
2026-04-10 23:48:07.520: [INFO][Sync] Stopped: Edge Workspace
2026-04-10 23:48:07.521: [INFO][Sync] SyncState after authenticated was: NotSignedIn
2026-04-10 23:48:08.421: [INFO][Sync] Reset engine, reason: 8
2026-04-10 23:48:08.421: [INFO][Sync] Stopped: Bookmarks
2026-04-10 23:48:08.421: [INFO][Sync] Stopped: Preferences
2026-04-10 23:48:08.421: [INFO][Sync] Stopped: Passwords
2026-04-10 23:48:08.421: [INFO][Sync] Stopped: Autofill Profiles
2026-04-10 23:48:08.421: [INFO][Sync] Stopped: Autofill
2026-04-10 23:48:08.421: [INFO][Sync] Stopped: Extensions
2026-04-10 23:48:08.421: [INFO][Sync] Stopped: Sessions
2026-04-10 23:48:08.421: [INFO][Sync] Stopped: Extension settings
2026-04-10 23:48:08.421: [INFO][Sync] Stopped: History Delete Directives
2026-04-10 23:48:08.421: [INFO][Sync] Stopped: Device Info
2026-04-10 23:48:08.421: [INFO][Sync] Stopped: User Consents
2026-04-10 23:48:08.421: [INFO][Sync] Stopped: Send Tab To Self
2026-04-10 23:48:08.421: [INFO][Sync] Stopped: Web Apps
2026-04-10 23:48:08.421: [INFO][Sync] Stopped: History
2026-04-10 23:48:08.421: [INFO][Sync] Stopped: Saved Tab Group
2026-04-10 23:48:08.421: [INFO][Sync] Stopped: WebAuthn Credentials
2026-04-10 23:48:08.421: [INFO][Sync] Stopped: Collection
2026-04-10 23:48:08.422: [INFO][Sync] Stopped: Edge E Drop
2026-04-10 23:48:08.422: [INFO][Sync] Stopped: Edge Hub App Usage
2026-04-10 23:48:08.422: [INFO][Sync] Stopped: Edge Wallet
2026-04-10 23:48:08.422: [INFO][Sync] Stopped: Edge Workspace
2026-04-12 02:27:05.951: [INFO][Sync] Reset engine, reason: 8
2026-04-12 02:27:05.951: [INFO][Sync] Stopped: Bookmarks
2026-04-12 02:27:05.951: [INFO][Sync] Stopped: Preferences
2026-04-12 02:27:05.951: [INFO][Sync] Stopped: Passwords
2026-04-12 02:27:05.951: [INFO][Sync] Stopped: Autofill Profiles
2026-04-12 02:27:05.951: [INFO][Sync] Stopped: Autofill
2026-04-12 02:27:05.951: [INFO][Sync] Stopped: Extensions
2026-04-12 02:27:05.951: [INFO][Sync] Stopped: Sessions
2026-04-12 02:27:05.951: [INFO][Sync] Stopped: Extension settings
2026-04-12 02:27:05.951: [INFO][Sync] Stopped: History Delete Directives
2026-04-12 02:27:05.951: [INFO][Sync] Stopped: Device Info
2026-04-12 02:27:05.951: [INFO][Sync] Stopped: User Consents
2026-04-12 02:27:05.951: [INFO][Sync] Stopped: Send Tab To Self
2026-04-12 02:27:05.951: [INFO][Sync] Stopped: Web Apps
2026-04-12 02:27:05.951: [INFO][Sync] Stopped: History
2026-04-12 02:27:05.951: [INFO][Sync] Stopped: Saved Tab Group
2026-04-12 02:27:05.951: [INFO][Sync] Stopped: WebAuthn Credentials
2026-04-12 02:27:05.951: [INFO][Sync] Stopped: Collection
2026-04-12 02:27:05.951: [INFO][Sync] Stopped: Edge E Drop
2026-04-12 02:27:05.951: [INFO][Sync] Stopped: Edge Hub App Usage
2026-04-12 02:27:05.951: [INFO][Sync] Stopped: Edge Wallet
2026-04-12 02:27:05.951: [INFO][Sync] Stopped: Edge Workspace
2026-04-12 02:27:05.953: [INFO][Sync] SyncState after authenticated was: NotSignedIn
2026-04-12 02:27:06.609: [INFO][Sync] Reset engine, reason: 8
2026-04-12 02:27:06.609: [INFO][Sync] Stopped: Bookmarks
2026-04-12 02:27:06.609: [INFO][Sync] Stopped: Preferences
2026-04-12 02:27:06.609: [INFO][Sync] Stopped: Passwords
2026-04-12 02:27:06.609: [INFO][Sync] Stopped: Autofill Profiles
2026-04-12 02:27:06.609: [INFO][Sync] Stopped: Autofill
2026-04-12 02:27:06.609: [INFO][Sync] Stopped: Extensions
2026-04-12 02:27:06.609: [INFO][Sync] Stopped: Sessions
2026-04-12 02:27:06.609: [INFO][Sync] Stopped: Extension settings
2026-04-12 02:27:06.609: [INFO][Sync] Stopped: History Delete Directives
2026-04-12 02:27:06.609: [INFO][Sync] Stopped: Device Info
2026-04-12 02:27:06.609: [INFO][Sync] Stopped: User Consents
2026-04-12 02:27:06.609: [INFO][Sync] Stopped: Send Tab To Self
2026-04-12 02:27:06.609: [INFO][Sync] Stopped: Web Apps
2026-04-12 02:27:06.609: [INFO][Sync] Stopped: History
2026-04-12 02:27:06.609: [INFO][Sync] Stopped: Saved Tab Group
2026-04-12 02:27:06.609: [INFO][Sync] Stopped: WebAuthn Credentials
2026-04-12 02:27:06.609: [INFO][Sync] Stopped: Collection
2026-04-12 02:27:06.609: [INFO][Sync] Stopped: Edge E Drop
2026-04-12 02:27:06.609: [INFO][Sync] Stopped: Edge Hub App Usage
2026-04-12 02:27:06.609: [INFO][Sync] Stopped: Edge Wallet
2026-04-12 02:27:06.609: [INFO][Sync] Stopped: Edge Workspace
2026-04-12 02:27:11.900: [INFO][Sync] Reset engine, reason: 8
2026-04-12 02:27:11.900: [INFO][Sync] Stopped: Bookmarks
2026-04-12 02:27:11.900: [INFO][Sync] Stopped: Preferences
2026-04-12 02:27:11.900: [INFO][Sync] Stopped: Passwords
2026-04-12 02:27:11.900: [INFO][Sync] Stopped: Autofill Profiles
2026-04-12 02:27:11.900: [INFO][Sync] Stopped: Autofill
2026-04-12 02:27:11.900: [INFO][Sync] Stopped: Extensions
2026-04-12 02:27:11.900: [INFO][Sync] Stopped: Sessions
2026-04-12 02:27:11.900: [INFO][Sync] Stopped: Extension settings
2026-04-12 02:27:11.900: [INFO][Sync] Stopped: History Delete Directives
2026-04-12 02:27:11.900: [INFO][Sync] Stopped: Device Info
2026-04-12 02:27:11.900: [INFO][Sync] Stopped: User Consents
2026-04-12 02:27:11.900: [INFO][Sync] Stopped: Send Tab To Self
2026-04-12 02:27:11.900: [INFO][Sync] Stopped: Web Apps
2026-04-12 02:27:11.900: [INFO][Sync] Stopped: History
2026-04-12 02:27:11.901: [INFO][Sync] Stopped: Saved Tab Group
2026-04-12 02:27:11.901: [INFO][Sync] Stopped: WebAuthn Credentials
2026-04-12 02:27:11.901: [INFO][Sync] Stopped: Collection
2026-04-12 02:27:11.901: [INFO][Sync] Stopped: Edge E Drop
2026-04-12 02:27:11.901: [INFO][Sync] Stopped: Edge Hub App Usage
2026-04-12 02:27:11.901: [INFO][Sync] Stopped: Edge Wallet
2026-04-12 02:27:11.901: [INFO][Sync] Stopped: Edge Workspace
2026-04-12 02:27:11.901: [INFO][Sync] SyncState after authenticated was: NotSignedIn
2026-04-12 02:27:13.159: [INFO][Sync] Reset engine, reason: 8
2026-04-12 02:27:13.159: [INFO][Sync] Stopped: Bookmarks
2026-04-12 02:27:13.159: [INFO][Sync] Stopped: Preferences
2026-04-12 02:27:13.159: [INFO][Sync] Stopped: Passwords
2026-04-12 02:27:13.159: [INFO][Sync] Stopped: Autofill Profiles
2026-04-12 02:27:13.159: [INFO][Sync] Stopped: Autofill
2026-04-12 02:27:13.159: [INFO][Sync] Stopped: Extensions
2026-04-12 02:27:13.159: [INFO][Sync] Stopped: Sessions
2026-04-12 02:27:13.159: [INFO][Sync] Stopped: Extension settings
2026-04-12 02:27:13.159: [INFO][Sync] Stopped: History Delete Directives
2026-04-12 02:27:13.159: [INFO][Sync] Stopped: Device Info
2026-04-12 02:27:13.159: [INFO][Sync] Stopped: User Consents
2026-04-12 02:27:13.159: [INFO][Sync] Stopped: Send Tab To Self
2026-04-12 02:27:13.159: [INFO][Sync] Stopped: Web Apps
2026-04-12 02:27:13.159: [INFO][Sync] Stopped: History
2026-04-12 02:27:13.159: [INFO][Sync] Stopped: Saved Tab Group
2026-04-12 02:27:13.159: [INFO][Sync] Stopped: WebAuthn Credentials
2026-04-12 02:27:13.159: [INFO][Sync] Stopped: Collection
2026-04-12 02:27:13.159: [INFO][Sync] Stopped: Edge E Drop
2026-04-12 02:27:13.159: [INFO][Sync] Stopped: Edge Hub App Usage
2026-04-12 02:27:13.159: [INFO][Sync] Stopped: Edge Wallet
2026-04-12 02:27:13.159: [INFO][Sync] Stopped: Edge Workspace
2026-04-12 02:28:50.364: [INFO][Sync] Reset engine, reason: 0
2026-04-12 02:28:51.158: [INFO][Sync] Reset engine, reason: 8
2026-04-12 02:28:51.158: [INFO][Sync] Stopped: Bookmarks
2026-04-12 02:28:51.158: [INFO][Sync] Stopped: Preferences
2026-04-12 02:28:51.158: [INFO][Sync] Stopped: Passwords
2026-04-12 02:28:51.158: [INFO][Sync] Stopped: Autofill Profiles
2026-04-12 02:28:51.158: [INFO][Sync] Stopped: Autofill
2026-04-12 02:28:51.158: [INFO][Sync] Stopped: Extensions
2026-04-12 02:28:51.158: [INFO][Sync] Stopped: Sessions
2026-04-12 02:28:51.158: [INFO][Sync] Stopped: Extension settings
2026-04-12 02:28:51.158: [INFO][Sync] Stopped: History Delete Directives
2026-04-12 02:28:51.158: [INFO][Sync] Stopped: Device Info
2026-04-12 02:28:51.158: [INFO][Sync] Stopped: User Consents
2026-04-12 02:28:51.158: [INFO][Sync] Stopped: Send Tab To Self
2026-04-12 02:28:51.159: [INFO][Sync] Stopped: Web Apps
2026-04-12 02:28:51.159: [INFO][Sync] Stopped: History
2026-04-12 02:28:51.159: [INFO][Sync] Stopped: Saved Tab Group
2026-04-12 02:28:51.159: [INFO][Sync] Stopped: WebAuthn Credentials
2026-04-12 02:28:51.159: [INFO][Sync] Stopped: Collection
2026-04-12 02:28:51.159: [INFO][Sync] Stopped: Edge E Drop
2026-04-12 02:28:51.159: [INFO][Sync] Stopped: Edge Hub App Usage
2026-04-12 02:28:51.159: [INFO][Sync] Stopped: Edge Wallet
2026-04-12 02:28:51.159: [INFO][Sync] Stopped: Edge Workspace
2026-04-12 02:28:51.159: [INFO][Sync] SyncState after authenticated was: NotSignedIn
2026-04-12 02:28:51.685: [INFO][Sync] Reset engine, reason: 8
2026-04-12 02:28:51.685: [INFO][Sync] Stopped: Bookmarks
2026-04-12 02:28:51.685: [INFO][Sync] Stopped: Preferences
2026-04-12 02:28:51.685: [INFO][Sync] Stopped: Passwords
2026-04-12 02:28:51.685: [INFO][Sync] Stopped: Autofill Profiles
2026-04-12 02:28:51.685: [INFO][Sync] Stopped: Autofill
2026-04-12 02:28:51.685: [INFO][Sync] Stopped: Extensions
2026-04-12 02:28:51.685: [INFO][Sync] Stopped: Sessions
2026-04-12 02:28:51.685: [INFO][Sync] Stopped: Extension settings
2026-04-12 02:28:51.685: [INFO][Sync] Stopped: History Delete Directives
2026-04-12 02:28:51.685: [INFO][Sync] Stopped: Device Info
2026-04-12 02:28:51.685: [INFO][Sync] Stopped: User Consents
2026-04-12 02:28:51.685: [INFO][Sync] Stopped: Send Tab To Self
2026-04-12 02:28:51.685: [INFO][Sync] Stopped: Web Apps
2026-04-12 02:28:51.685: [INFO][Sync] Stopped: History
2026-04-12 02:28:51.685: [INFO][Sync] Stopped: Saved Tab Group
2026-04-12 02:28:51.685: [INFO][Sync] Stopped: WebAuthn Credentials
2026-04-12 02:28:51.685: [INFO][Sync] Stopped: Collection
2026-04-12 02:28:51.685: [INFO][Sync] Stopped: Edge E Drop
2026-04-12 02:28:51.685: [INFO][Sync] Stopped: Edge Hub App Usage
2026-04-12 02:28:51.685: [INFO][Sync] Stopped: Edge Wallet
2026-04-12 02:28:51.685: [INFO][Sync] Stopped: Edge Workspace
2026-04-12 05:21:46.125: [INFO][Sync] Reset engine, reason: 0
2026-04-12 08:00:28.376: [INFO][Sync] Reset engine, reason: 8
2026-04-12 08:00:28.376: [INFO][Sync] Stopped: Bookmarks
2026-04-12 08:00:28.376: [INFO][Sync] Stopped: Preferences
2026-04-12 08:00:28.376: [INFO][Sync] Stopped: Passwords
2026-04-12 08:00:28.376: [INFO][Sync] Stopped: Autofill Profiles
2026-04-12 08:00:28.376: [INFO][Sync] Stopped: Autofill
2026-04-12 08:00:28.376: [INFO][Sync] Stopped: Extensions
2026-04-12 08:00:28.376: [INFO][Sync] Stopped: Sessions
2026-04-12 08:00:28.376: [INFO][Sync] Stopped: Extension settings
2026-04-12 08:00:28.376: [INFO][Sync] Stopped: History Delete Directives
2026-04-12 08:00:28.376: [INFO][Sync] Stopped: Device Info
2026-04-12 08:00:28.376: [INFO][Sync] Stopped: User Consents
2026-04-12 08:00:28.376: [INFO][Sync] Stopped: Send Tab To Self
2026-04-12 08:00:28.376: [INFO][Sync] Stopped: Web Apps
2026-04-12 08:00:28.376: [INFO][Sync] Stopped: History
2026-04-12 08:00:28.376: [INFO][Sync] Stopped: Saved Tab Group
2026-04-12 08:00:28.376: [INFO][Sync] Stopped: WebAuthn Credentials
2026-04-12 08:00:28.376: [INFO][Sync] Stopped: Collection
2026-04-12 08:00:28.376: [INFO][Sync] Stopped: Edge E Drop
2026-04-12 08:00:28.376: [INFO][Sync] Stopped: Edge Hub App Usage
2026-04-12 08:00:28.377: [INFO][Sync] Stopped: Edge Wallet
2026-04-12 08:00:28.377: [INFO][Sync] Stopped: Edge Workspace
2026-04-12 08:00:28.377: [INFO][Sync] SyncState after authenticated was: NotSignedIn
2026-04-12 08:00:29.166: [INFO][Sync] Reset engine, reason: 8
2026-04-12 08:00:29.166: [INFO][Sync] Stopped: Bookmarks
2026-04-12 08:00:29.166: [INFO][Sync] Stopped: Preferences
2026-04-12 08:00:29.166: [INFO][Sync] Stopped: Passwords
2026-04-12 08:00:29.167: [INFO][Sync] Stopped: Autofill Profiles
2026-04-12 08:00:29.167: [INFO][Sync] Stopped: Autofill
2026-04-12 08:00:29.167: [INFO][Sync] Stopped: Extensions
2026-04-12 08:00:29.167: [INFO][Sync] Stopped: Sessions
2026-04-12 08:00:29.167: [INFO][Sync] Stopped: Extension settings
2026-04-12 08:00:29.167: [INFO][Sync] Stopped: History Delete Directives
2026-04-12 08:00:29.167: [INFO][Sync] Stopped: Device Info
2026-04-12 08:00:29.167: [INFO][Sync] Stopped: User Consents
2026-04-12 08:00:29.167: [INFO][Sync] Stopped: Send Tab To Self
2026-04-12 08:00:29.167: [INFO][Sync] Stopped: Web Apps
2026-04-12 08:00:29.167: [INFO][Sync] Stopped: History
2026-04-12 08:00:29.167: [INFO][Sync] Stopped: Saved Tab Group
2026-04-12 08:00:29.167: [INFO][Sync] Stopped: WebAuthn Credentials
2026-04-12 08:00:29.167: [INFO][Sync] Stopped: Collection
2026-04-12 08:00:29.167: [INFO][Sync] Stopped: Edge E Drop
2026-04-12 08:00:29.167: [INFO][Sync] Stopped: Edge Hub App Usage
2026-04-12 08:00:29.167: [INFO][Sync] Stopped: Edge Wallet
2026-04-12 08:00:29.167: [INFO][Sync] Stopped: Edge Workspace
2026-04-12 09:07:55.493: [INFO][Sync] Reset engine, reason: 8
2026-04-12 09:07:55.493: [INFO][Sync] Stopped: Bookmarks
2026-04-12 09:07:55.493: [INFO][Sync] Stopped: Preferences
2026-04-12 09:07:55.493: [INFO][Sync] Stopped: Passwords
2026-04-12 09:07:55.493: [INFO][Sync] Stopped: Autofill Profiles
2026-04-12 09:07:55.493: [INFO][Sync] Stopped: Autofill
2026-04-12 09:07:55.493: [INFO][Sync] Stopped: Extensions
2026-04-12 09:07:55.493: [INFO][Sync] Stopped: Sessions
2026-04-12 09:07:55.493: [INFO][Sync] Stopped: Extension settings
2026-04-12 09:07:55.493: [INFO][Sync] Stopped: History Delete Directives
2026-04-12 09:07:55.493: [INFO][Sync] Stopped: Device Info
2026-04-12 09:07:55.493: [INFO][Sync] Stopped: User Consents
2026-04-12 09:07:55.493: [INFO][Sync] Stopped: Send Tab To Self
2026-04-12 09:07:55.493: [INFO][Sync] Stopped: Web Apps
2026-04-12 09:07:55.493: [INFO][Sync] Stopped: History
2026-04-12 09:07:55.493: [INFO][Sync] Stopped: Saved Tab Group
2026-04-12 09:07:55.493: [INFO][Sync] Stopped: WebAuthn Credentials
2026-04-12 09:07:55.493: [INFO][Sync] Stopped: Collection
2026-04-12 09:07:55.493: [INFO][Sync] Stopped: Edge E Drop
2026-04-12 09:07:55.493: [INFO][Sync] Stopped: Edge Hub App Usage
2026-04-12 09:07:55.493: [INFO][Sync] Stopped: Edge Wallet
2026-04-12 09:07:55.493: [INFO][Sync] Stopped: Edge Workspace
2026-04-12 09:07:55.494: [INFO][Sync] SyncState after authenticated was: NotSignedIn
2026-04-12 09:07:56.757: [INFO][Sync] Reset engine, reason: 8
2026-04-12 09:07:56.757: [INFO][Sync] Stopped: Bookmarks
2026-04-12 09:07:56.757: [INFO][Sync] Stopped: Preferences
2026-04-12 09:07:56.757: [INFO][Sync] Stopped: Passwords
2026-04-12 09:07:56.757: [INFO][Sync] Stopped: Autofill Profiles
2026-04-12 09:07:56.757: [INFO][Sync] Stopped: Autofill
2026-04-12 09:07:56.757: [INFO][Sync] Stopped: Extensions
2026-04-12 09:07:56.757: [INFO][Sync] Stopped: Sessions
2026-04-12 09:07:56.757: [INFO][Sync] Stopped: Extension settings
2026-04-12 09:07:56.757: [INFO][Sync] Stopped: History Delete Directives
2026-04-12 09:07:56.757: [INFO][Sync] Stopped: Device Info
2026-04-12 09:07:56.757: [INFO][Sync] Stopped: User Consents
2026-04-12 09:07:56.757: [INFO][Sync] Stopped: Send Tab To Self
2026-04-12 09:07:56.757: [INFO][Sync] Stopped: Web Apps
2026-04-12 09:07:56.757: [INFO][Sync] Stopped: History
2026-04-12 09:07:56.757: [INFO][Sync] Stopped: Saved Tab Group
2026-04-12 09:07:56.757: [INFO][Sync] Stopped: WebAuthn Credentials
2026-04-12 09:07:56.757: [INFO][Sync] Stopped: Collection
2026-04-12 09:07:56.757: [INFO][Sync] Stopped: Edge E Drop
2026-04-12 09:07:56.757: [INFO][Sync] Stopped: Edge Hub App Usage
2026-04-12 09:07:56.757: [INFO][Sync] Stopped: Edge Wallet
2026-04-12 09:07:56.757: [INFO][Sync] Stopped: Edge Workspace
2026-04-13 08:22:41.290: [INFO][Sync] Reset engine, reason: 8
2026-04-13 08:22:41.290: [INFO][Sync] Stopped: Bookmarks
2026-04-13 08:22:41.290: [INFO][Sync] Stopped: Preferences
2026-04-13 08:22:41.291: [INFO][Sync] Stopped: Passwords
2026-04-13 08:22:41.291: [INFO][Sync] Stopped: Autofill Profiles
2026-04-13 08:22:41.291: [INFO][Sync] Stopped: Autofill
2026-04-13 08:22:41.291: [INFO][Sync] Stopped: Extensions
2026-04-13 08:22:41.291: [INFO][Sync] Stopped: Sessions
2026-04-13 08:22:41.291: [INFO][Sync] Stopped: Extension settings
2026-04-13 08:22:41.291: [INFO][Sync] Stopped: History Delete Directives
2026-04-13 08:22:41.291: [INFO][Sync] Stopped: Device Info
2026-04-13 08:22:41.291: [INFO][Sync] Stopped: User Consents
2026-04-13 08:22:41.291: [INFO][Sync] Stopped: Send Tab To Self
2026-04-13 08:22:41.291: [INFO][Sync] Stopped: Web Apps
2026-04-13 08:22:41.291: [INFO][Sync] Stopped: History
2026-04-13 08:22:41.291: [INFO][Sync] Stopped: Saved Tab Group
2026-04-13 08:22:41.291: [INFO][Sync] Stopped: WebAuthn Credentials
2026-04-13 08:22:41.291: [INFO][Sync] Stopped: Collection
2026-04-13 08:22:41.291: [INFO][Sync] Stopped: Edge E Drop
2026-04-13 08:22:41.291: [INFO][Sync] Stopped: Edge Hub App Usage
2026-04-13 08:22:41.291: [INFO][Sync] Stopped: Edge Wallet
2026-04-13 08:22:41.291: [INFO][Sync] Stopped: Edge Workspace
2026-04-13 08:22:41.292: [INFO][Sync] SyncState after authenticated was: NotSignedIn
2026-04-13 08:22:41.833: [INFO][Sync] Reset engine, reason: 8
2026-04-13 08:22:41.833: [INFO][Sync] Stopped: Bookmarks
2026-04-13 08:22:41.833: [INFO][Sync] Stopped: Preferences
2026-04-13 08:22:41.833: [INFO][Sync] Stopped: Passwords
2026-04-13 08:22:41.833: [INFO][Sync] Stopped: Autofill Profiles
2026-04-13 08:22:41.833: [INFO][Sync] Stopped: Autofill
2026-04-13 08:22:41.833: [INFO][Sync] Stopped: Extensions
2026-04-13 08:22:41.833: [INFO][Sync] Stopped: Sessions
2026-04-13 08:22:41.833: [INFO][Sync] Stopped: Extension settings
2026-04-13 08:22:41.833: [INFO][Sync] Stopped: History Delete Directives
2026-04-13 08:22:41.833: [INFO][Sync] Stopped: Device Info
2026-04-13 08:22:41.833: [INFO][Sync] Stopped: User Consents
2026-04-13 08:22:41.833: [INFO][Sync] Stopped: Send Tab To Self
2026-04-13 08:22:41.834: [INFO][Sync] Stopped: Web Apps
2026-04-13 08:22:41.834: [INFO][Sync] Stopped: History
2026-04-13 08:22:41.834: [INFO][Sync] Stopped: Saved Tab Group
2026-04-13 08:22:41.834: [INFO][Sync] Stopped: WebAuthn Credentials
2026-04-13 08:22:41.834: [INFO][Sync] Stopped: Collection
2026-04-13 08:22:41.834: [INFO][Sync] Stopped: Edge E Drop
2026-04-13 08:22:41.834: [INFO][Sync] Stopped: Edge Hub App Usage
2026-04-13 08:22:41.834: [INFO][Sync] Stopped: Edge Wallet
2026-04-13 08:22:41.834: [INFO][Sync] Stopped: Edge Workspace
2026-04-13 08:22:43.095: [INFO][Sync] Reset engine, reason: 0
2026-04-13 10:02:36.329: [INFO][Sync] Reset engine, reason: 8
2026-04-13 10:02:36.329: [INFO][Sync] Stopped: Bookmarks
2026-04-13 10:02:36.330: [INFO][Sync] Stopped: Preferences
2026-04-13 10:02:36.330: [INFO][Sync] Stopped: Passwords
2026-04-13 10:02:36.330: [INFO][Sync] Stopped: Autofill Profiles
2026-04-13 10:02:36.330: [INFO][Sync] Stopped: Autofill
2026-04-13 10:02:36.330: [INFO][Sync] Stopped: Extensions
2026-04-13 10:02:36.330: [INFO][Sync] Stopped: Sessions
2026-04-13 10:02:36.330: [INFO][Sync] Stopped: Extension settings
2026-04-13 10:02:36.330: [INFO][Sync] Stopped: History Delete Directives
2026-04-13 10:02:36.330: [INFO][Sync] Stopped: Device Info
2026-04-13 10:02:36.330: [INFO][Sync] Stopped: User Consents
2026-04-13 10:02:36.330: [INFO][Sync] Stopped: Send Tab To Self
2026-04-13 10:02:36.330: [INFO][Sync] Stopped: Web Apps
2026-04-13 10:02:36.330: [INFO][Sync] Stopped: History
2026-04-13 10:02:36.330: [INFO][Sync] Stopped: Saved Tab Group
2026-04-13 10:02:36.330: [INFO][Sync] Stopped: WebAuthn Credentials
2026-04-13 10:02:36.330: [INFO][Sync] Stopped: Collection
2026-04-13 10:02:36.330: [INFO][Sync] Stopped: Edge E Drop
2026-04-13 10:02:36.330: [INFO][Sync] Stopped: Edge Hub App Usage
2026-04-13 10:02:36.330: [INFO][Sync] Stopped: Edge Wallet
2026-04-13 10:02:36.330: [INFO][Sync] Stopped: Edge Workspace
2026-04-13 10:02:36.330: [INFO][Sync] SyncState after authenticated was: NotSignedIn
2026-04-13 10:02:36.845: [INFO][Sync] Reset engine, reason: 8
2026-04-13 10:02:36.845: [INFO][Sync] Stopped: Bookmarks
2026-04-13 10:02:36.845: [INFO][Sync] Stopped: Preferences
2026-04-13 10:02:36.845: [INFO][Sync] Stopped: Passwords
2026-04-13 10:02:36.845: [INFO][Sync] Stopped: Autofill Profiles
2026-04-13 10:02:36.845: [INFO][Sync] Stopped: Autofill
2026-04-13 10:02:36.845: [INFO][Sync] Stopped: Extensions
2026-04-13 10:02:36.845: [INFO][Sync] Stopped: Sessions
2026-04-13 10:02:36.845: [INFO][Sync] Stopped: Extension settings
2026-04-13 10:02:36.845: [INFO][Sync] Stopped: History Delete Directives
2026-04-13 10:02:36.845: [INFO][Sync] Stopped: Device Info
2026-04-13 10:02:36.845: [INFO][Sync] Stopped: User Consents
2026-04-13 10:02:36.845: [INFO][Sync] Stopped: Send Tab To Self
2026-04-13 10:02:36.845: [INFO][Sync] Stopped: Web Apps
2026-04-13 10:02:36.845: [INFO][Sync] Stopped: History
2026-04-13 10:02:36.845: [INFO][Sync] Stopped: Saved Tab Group
2026-04-13 10:02:36.845: [INFO][Sync] Stopped: WebAuthn Credentials
2026-04-13 10:02:36.845: [INFO][Sync] Stopped: Collection
2026-04-13 10:02:36.845: [INFO][Sync] Stopped: Edge E Drop
2026-04-13 10:02:36.845: [INFO][Sync] Stopped: Edge Hub App Usage
2026-04-13 10:02:36.845: [INFO][Sync] Stopped: Edge Wallet
2026-04-13 10:02:36.845: [INFO][Sync] Stopped: Edge Workspace
2026-04-13 12:59:21.956: [INFO][Sync] Reset engine, reason: 0
2026-04-13 23:52:33.981: [INFO][Sync] Reset engine, reason: 8
2026-04-13 23:52:33.981: [INFO][Sync] Stopped: Bookmarks
2026-04-13 23:52:33.981: [INFO][Sync] Stopped: Preferences
2026-04-13 23:52:33.981: [INFO][Sync] Stopped: Passwords
2026-04-13 23:52:33.981: [INFO][Sync] Stopped: Autofill Profiles
2026-04-13 23:52:33.981: [INFO][Sync] Stopped: Autofill
2026-04-13 23:52:33.981: [INFO][Sync] Stopped: Extensions
2026-04-13 23:52:33.981: [INFO][Sync] Stopped: Sessions
2026-04-13 23:52:33.981: [INFO][Sync] Stopped: Extension settings
2026-04-13 23:52:33.981: [INFO][Sync] Stopped: History Delete Directives
2026-04-13 23:52:33.981: [INFO][Sync] Stopped: Device Info
2026-04-13 23:52:33.981: [INFO][Sync] Stopped: User Consents
2026-04-13 23:52:33.981: [INFO][Sync] Stopped: Send Tab To Self
2026-04-13 23:52:33.981: [INFO][Sync] Stopped: Web Apps
2026-04-13 23:52:33.981: [INFO][Sync] Stopped: History
2026-04-13 23:52:33.981: [INFO][Sync] Stopped: Saved Tab Group
2026-04-13 23:52:33.981: [INFO][Sync] Stopped: WebAuthn Credentials
2026-04-13 23:52:33.981: [INFO][Sync] Stopped: Collection
2026-04-13 23:52:33.981: [INFO][Sync] Stopped: Edge E Drop
2026-04-13 23:52:33.981: [INFO][Sync] Stopped: Edge Hub App Usage
2026-04-13 23:52:33.981: [INFO][Sync] Stopped: Edge Wallet
2026-04-13 23:52:33.981: [INFO][Sync] Stopped: Edge Workspace
2026-04-13 23:52:33.981: [INFO][Sync] SyncState after authenticated was: NotSignedIn
2026-04-13 23:52:35.434: [INFO][Sync] Reset engine, reason: 8
2026-04-13 23:52:35.434: [INFO][Sync] Stopped: Bookmarks
2026-04-13 23:52:35.434: [INFO][Sync] Stopped: Preferences
2026-04-13 23:52:35.434: [INFO][Sync] Stopped: Passwords
2026-04-13 23:52:35.434: [INFO][Sync] Stopped: Autofill Profiles
2026-04-13 23:52:35.434: [INFO][Sync] Stopped: Autofill
2026-04-13 23:52:35.434: [INFO][Sync] Stopped: Extensions
2026-04-13 23:52:35.434: [INFO][Sync] Stopped: Sessions
2026-04-13 23:52:35.434: [INFO][Sync] Stopped: Extension settings
2026-04-13 23:52:35.434: [INFO][Sync] Stopped: History Delete Directives
2026-04-13 23:52:35.434: [INFO][Sync] Stopped: Device Info
2026-04-13 23:52:35.434: [INFO][Sync] Stopped: User Consents
2026-04-13 23:52:35.434: [INFO][Sync] Stopped: Send Tab To Self
2026-04-13 23:52:35.434: [INFO][Sync] Stopped: Web Apps
2026-04-13 23:52:35.434: [INFO][Sync] Stopped: History
2026-04-13 23:52:35.434: [INFO][Sync] Stopped: Saved Tab Group
2026-04-13 23:52:35.434: [INFO][Sync] Stopped: WebAuthn Credentials
2026-04-13 23:52:35.434: [INFO][Sync] Stopped: Collection
2026-04-13 23:52:35.434: [INFO][Sync] Stopped: Edge E Drop
2026-04-13 23:52:35.434: [INFO][Sync] Stopped: Edge Hub App Usage
2026-04-13 23:52:35.434: [INFO][Sync] Stopped: Edge Wallet
2026-04-13 23:52:35.434: [INFO][Sync] Stopped: Edge Workspace
2026-04-14 01:00:02.039: [INFO][Sync] Reset engine, reason: 0
2026-04-14 03:19:10.802: [INFO][Sync] Reset engine, reason: 8
2026-04-14 03:19:10.802: [INFO][Sync] Stopped: Bookmarks
2026-04-14 03:19:10.802: [INFO][Sync] Stopped: Preferences
2026-04-14 03:19:10.802: [INFO][Sync] Stopped: Passwords
2026-04-14 03:19:10.802: [INFO][Sync] Stopped: Autofill Profiles
2026-04-14 03:19:10.802: [INFO][Sync] Stopped: Autofill
2026-04-14 03:19:10.802: [INFO][Sync] Stopped: Extensions
2026-04-14 03:19:10.802: [INFO][Sync] Stopped: Sessions
2026-04-14 03:19:10.802: [INFO][Sync] Stopped: Extension settings
2026-04-14 03:19:10.802: [INFO][Sync] Stopped: History Delete Directives
2026-04-14 03:19:10.802: [INFO][Sync] Stopped: Device Info
2026-04-14 03:19:10.802: [INFO][Sync] Stopped: User Consents
2026-04-14 03:19:10.802: [INFO][Sync] Stopped: Send Tab To Self
2026-04-14 03:19:10.802: [INFO][Sync] Stopped: Web Apps
2026-04-14 03:19:10.802: [INFO][Sync] Stopped: History
2026-04-14 03:19:10.802: [INFO][Sync] Stopped: Saved Tab Group
2026-04-14 03:19:10.802: [INFO][Sync] Stopped: WebAuthn Credentials
2026-04-14 03:19:10.802: [INFO][Sync] Stopped: Collection
2026-04-14 03:19:10.802: [INFO][Sync] Stopped: Edge E Drop
2026-04-14 03:19:10.802: [INFO][Sync] Stopped: Edge Hub App Usage
2026-04-14 03:19:10.802: [INFO][Sync] Stopped: Edge Wallet
2026-04-14 03:19:10.802: [INFO][Sync] Stopped: Edge Workspace
2026-04-14 03:19:10.802: [INFO][Sync] SyncState after authenticated was: NotSignedIn
2026-04-14 03:19:11.315: [INFO][Sync] Reset engine, reason: 8
2026-04-14 03:19:11.315: [INFO][Sync] Stopped: Bookmarks
2026-04-14 03:19:11.315: [INFO][Sync] Stopped: Preferences
2026-04-14 03:19:11.315: [INFO][Sync] Stopped: Passwords
2026-04-14 03:19:11.315: [INFO][Sync] Stopped: Autofill Profiles
2026-04-14 03:19:11.315: [INFO][Sync] Stopped: Autofill
2026-04-14 03:19:11.315: [INFO][Sync] Stopped: Extensions
2026-04-14 03:19:11.315: [INFO][Sync] Stopped: Sessions
2026-04-14 03:19:11.315: [INFO][Sync] Stopped: Extension settings
2026-04-14 03:19:11.315: [INFO][Sync] Stopped: History Delete Directives
2026-04-14 03:19:11.315: [INFO][Sync] Stopped: Device Info
2026-04-14 03:19:11.315: [INFO][Sync] Stopped: User Consents
2026-04-14 03:19:11.315: [INFO][Sync] Stopped: Send Tab To Self
2026-04-14 03:19:11.316: [INFO][Sync] Stopped: Web Apps
2026-04-14 03:19:11.316: [INFO][Sync] Stopped: History
2026-04-14 03:19:11.316: [INFO][Sync] Stopped: Saved Tab Group
2026-04-14 03:19:11.316: [INFO][Sync] Stopped: WebAuthn Credentials
2026-04-14 03:19:11.316: [INFO][Sync] Stopped: Collection
2026-04-14 03:19:11.316: [INFO][Sync] Stopped: Edge E Drop
2026-04-14 03:19:11.316: [INFO][Sync] Stopped: Edge Hub App Usage
2026-04-14 03:19:11.316: [INFO][Sync] Stopped: Edge Wallet
2026-04-14 03:19:11.316: [INFO][Sync] Stopped: Edge Workspace
2026-04-14 03:22:16.946: [INFO][Sync] Reset engine, reason: 0
2026-04-14 04:02:52.141: [INFO][Sync] Reset engine, reason: 8
2026-04-14 04:02:52.142: [INFO][Sync] Stopped: Bookmarks
2026-04-14 04:02:52.142: [INFO][Sync] Stopped: Preferences
2026-04-14 04:02:52.142: [INFO][Sync] Stopped: Passwords
2026-04-14 04:02:52.142: [INFO][Sync] Stopped: Autofill Profiles
2026-04-14 04:02:52.142: [INFO][Sync] Stopped: Autofill
2026-04-14 04:02:52.142: [INFO][Sync] Stopped: Extensions
2026-04-14 04:02:52.142: [INFO][Sync] Stopped: Sessions
2026-04-14 04:02:52.142: [INFO][Sync] Stopped: Extension settings
2026-04-14 04:02:52.142: [INFO][Sync] Stopped: History Delete Directives
2026-04-14 04:02:52.142: [INFO][Sync] Stopped: Device Info
2026-04-14 04:02:52.142: [INFO][Sync] Stopped: User Consents
2026-04-14 04:02:52.142: [INFO][Sync] Stopped: Send Tab To Self
2026-04-14 04:02:52.142: [INFO][Sync] Stopped: Web Apps
2026-04-14 04:02:52.142: [INFO][Sync] Stopped: History
2026-04-14 04:02:52.142: [INFO][Sync] Stopped: Saved Tab Group
2026-04-14 04:02:52.142: [INFO][Sync] Stopped: WebAuthn Credentials
2026-04-14 04:02:52.142: [INFO][Sync] Stopped: Collection
2026-04-14 04:02:52.142: [INFO][Sync] Stopped: Edge E Drop
2026-04-14 04:02:52.143: [INFO][Sync] Stopped: Edge Hub App Usage
2026-04-14 04:02:52.143: [INFO][Sync] Stopped: Edge Wallet
2026-04-14 04:02:52.143: [INFO][Sync] Stopped: Edge Workspace
2026-04-14 04:02:52.143: [INFO][Sync] SyncState after authenticated was: NotSignedIn
2026-04-14 04:02:55.677: [INFO][Sync] Reset engine, reason: 8
2026-04-14 04:02:55.677: [INFO][Sync] Stopped: Bookmarks
2026-04-14 04:02:55.677: [INFO][Sync] Stopped: Preferences
2026-04-14 04:02:55.677: [INFO][Sync] Stopped: Passwords
2026-04-14 04:02:55.677: [INFO][Sync] Stopped: Autofill Profiles
2026-04-14 04:02:55.677: [INFO][Sync] Stopped: Autofill
2026-04-14 04:02:55.677: [INFO][Sync] Stopped: Extensions
2026-04-14 04:02:55.677: [INFO][Sync] Stopped: Sessions
2026-04-14 04:02:55.677: [INFO][Sync] Stopped: Extension settings
2026-04-14 04:02:55.677: [INFO][Sync] Stopped: History Delete Directives
2026-04-14 04:02:55.677: [INFO][Sync] Stopped: Device Info
2026-04-14 04:02:55.677: [INFO][Sync] Stopped: User Consents
2026-04-14 04:02:55.677: [INFO][Sync] Stopped: Send Tab To Self
2026-04-14 04:02:55.677: [INFO][Sync] Stopped: Web Apps
2026-04-14 04:02:55.677: [INFO][Sync] Stopped: History
2026-04-14 04:02:55.677: [INFO][Sync] Stopped: Saved Tab Group
2026-04-14 04:02:55.677: [INFO][Sync] Stopped: WebAuthn Credentials
2026-04-14 04:02:55.677: [INFO][Sync] Stopped: Collection
2026-04-14 04:02:55.677: [INFO][Sync] Stopped: Edge E Drop
2026-04-14 04:02:55.677: [INFO][Sync] Stopped: Edge Hub App Usage
2026-04-14 04:02:55.677: [INFO][Sync] Stopped: Edge Wallet
2026-04-14 04:02:55.677: [INFO][Sync] Stopped: Edge Workspace
2026-04-14 07:13:09.198: [INFO][Sync] Reset engine, reason: 0
2026-04-15 06:59:06.360: [INFO][Sync] Reset engine, reason: 8
2026-04-15 06:59:06.360: [INFO][Sync] Stopped: Bookmarks
2026-04-15 06:59:06.360: [INFO][Sync] Stopped: Preferences
2026-04-15 06:59:06.360: [INFO][Sync] Stopped: Passwords
2026-04-15 06:59:06.360: [INFO][Sync] Stopped: Autofill Profiles
2026-04-15 06:59:06.360: [INFO][Sync] Stopped: Autofill
2026-04-15 06:59:06.360: [INFO][Sync] Stopped: Extensions
2026-04-15 06:59:06.360: [INFO][Sync] Stopped: Sessions
2026-04-15 06:59:06.360: [INFO][Sync] Stopped: Extension settings
2026-04-15 06:59:06.360: [INFO][Sync] Stopped: History Delete Directives
2026-04-15 06:59:06.360: [INFO][Sync] Stopped: Device Info
2026-04-15 06:59:06.360: [INFO][Sync] Stopped: User Consents
2026-04-15 06:59:06.360: [INFO][Sync] Stopped: Send Tab To Self
2026-04-15 06:59:06.360: [INFO][Sync] Stopped: Web Apps
2026-04-15 06:59:06.360: [INFO][Sync] Stopped: History
2026-04-15 06:59:06.360: [INFO][Sync] Stopped: Saved Tab Group
2026-04-15 06:59:06.360: [INFO][Sync] Stopped: WebAuthn Credentials
2026-04-15 06:59:06.360: [INFO][Sync] Stopped: Collection
2026-04-15 06:59:06.360: [INFO][Sync] Stopped: Edge E Drop
2026-04-15 06:59:06.360: [INFO][Sync] Stopped: Edge Hub App Usage
2026-04-15 06:59:06.360: [INFO][Sync] Stopped: Edge Wallet
2026-04-15 06:59:06.360: [INFO][Sync] Stopped: Edge Workspace
2026-04-15 06:59:06.360: [INFO][Sync] SyncState after authenticated was: NotSignedIn
2026-04-15 06:59:06.711: [INFO][Sync] Reset engine, reason: 8
2026-04-15 06:59:06.712: [INFO][Sync] Stopped: Bookmarks
2026-04-15 06:59:06.712: [INFO][Sync] Stopped: Preferences
2026-04-15 06:59:06.712: [INFO][Sync] Stopped: Passwords
2026-04-15 06:59:06.712: [INFO][Sync] Stopped: Autofill Profiles
2026-04-15 06:59:06.712: [INFO][Sync] Stopped: Autofill
2026-04-15 06:59:06.712: [INFO][Sync] Stopped: Extensions
2026-04-15 06:59:06.712: [INFO][Sync] Stopped: Sessions
2026-04-15 06:59:06.712: [INFO][Sync] Stopped: Extension settings
2026-04-15 06:59:06.712: [INFO][Sync] Stopped: History Delete Directives
2026-04-15 06:59:06.712: [INFO][Sync] Stopped: Device Info
2026-04-15 06:59:06.712: [INFO][Sync] Stopped: User Consents
2026-04-15 06:59:06.712: [INFO][Sync] Stopped: Send Tab To Self
2026-04-15 06:59:06.712: [INFO][Sync] Stopped: Web Apps
2026-04-15 06:59:06.712: [INFO][Sync] Stopped: History
2026-04-15 06:59:06.712: [INFO][Sync] Stopped: Saved Tab Group
2026-04-15 06:59:06.712: [INFO][Sync] Stopped: WebAuthn Credentials
2026-04-15 06:59:06.712: [INFO][Sync] Stopped: Collection
2026-04-15 06:59:06.712: [INFO][Sync] Stopped: Edge E Drop
2026-04-15 06:59:06.712: [INFO][Sync] Stopped: Edge Hub App Usage
2026-04-15 06:59:06.712: [INFO][Sync] Stopped: Edge Wallet
2026-04-15 06:59:06.712: [INFO][Sync] Stopped: Edge Workspace
2026-04-15 09:46:05.952: [INFO][Sync] Reset engine, reason: 0
2026-04-15 09:46:08.179: [INFO][Sync] Reset engine, reason: 8
2026-04-15 09:46:08.179: [INFO][Sync] Stopped: Bookmarks
2026-04-15 09:46:08.179: [INFO][Sync] Stopped: Preferences
2026-04-15 09:46:08.179: [INFO][Sync] Stopped: Passwords
2026-04-15 09:46:08.179: [INFO][Sync] Stopped: Autofill Profiles
2026-04-15 09:46:08.179: [INFO][Sync] Stopped: Autofill
2026-04-15 09:46:08.179: [INFO][Sync] Stopped: Extensions
2026-04-15 09:46:08.179: [INFO][Sync] Stopped: Sessions
2026-04-15 09:46:08.179: [INFO][Sync] Stopped: Extension settings
2026-04-15 09:46:08.179: [INFO][Sync] Stopped: History Delete Directives
2026-04-15 09:46:08.179: [INFO][Sync] Stopped: Device Info
2026-04-15 09:46:08.179: [INFO][Sync] Stopped: User Consents
2026-04-15 09:46:08.179: [INFO][Sync] Stopped: Send Tab To Self
2026-04-15 09:46:08.179: [INFO][Sync] Stopped: Web Apps
2026-04-15 09:46:08.179: [INFO][Sync] Stopped: History
2026-04-15 09:46:08.179: [INFO][Sync] Stopped: Saved Tab Group
2026-04-15 09:46:08.179: [INFO][Sync] Stopped: WebAuthn Credentials
2026-04-15 09:46:08.179: [INFO][Sync] Stopped: Collection
2026-04-15 09:46:08.179: [INFO][Sync] Stopped: Edge E Drop
2026-04-15 09:46:08.179: [INFO][Sync] Stopped: Edge Hub App Usage
2026-04-15 09:46:08.179: [INFO][Sync] Stopped: Edge Wallet
2026-04-15 09:46:08.179: [INFO][Sync] Stopped: Edge Workspace
2026-04-15 09:46:08.179: [INFO][Sync] SyncState after authenticated was: NotSignedIn
2026-04-15 09:46:09.108: [INFO][Sync] Reset engine, reason: 8
2026-04-15 09:46:09.108: [INFO][Sync] Stopped: Bookmarks
2026-04-15 09:46:09.108: [INFO][Sync] Stopped: Preferences
2026-04-15 09:46:09.108: [INFO][Sync] Stopped: Passwords
2026-04-15 09:46:09.108: [INFO][Sync] Stopped: Autofill Profiles
2026-04-15 09:46:09.108: [INFO][Sync] Stopped: Autofill
2026-04-15 09:46:09.108: [INFO][Sync] Stopped: Extensions
2026-04-15 09:46:09.108: [INFO][Sync] Stopped: Sessions
2026-04-15 09:46:09.108: [INFO][Sync] Stopped: Extension settings
2026-04-15 09:46:09.108: [INFO][Sync] Stopped: History Delete Directives
2026-04-15 09:46:09.108: [INFO][Sync] Stopped: Device Info
2026-04-15 09:46:09.108: [INFO][Sync] Stopped: User Consents
2026-04-15 09:46:09.108: [INFO][Sync] Stopped: Send Tab To Self
2026-04-15 09:46:09.108: [INFO][Sync] Stopped: Web Apps
2026-04-15 09:46:09.108: [INFO][Sync] Stopped: History
2026-04-15 09:46:09.108: [INFO][Sync] Stopped: Saved Tab Group
2026-04-15 09:46:09.108: [INFO][Sync] Stopped: WebAuthn Credentials
2026-04-15 09:46:09.108: [INFO][Sync] Stopped: Collection
2026-04-15 09:46:09.108: [INFO][Sync] Stopped: Edge E Drop
2026-04-15 09:46:09.108: [INFO][Sync] Stopped: Edge Hub App Usage
2026-04-15 09:46:09.108: [INFO][Sync] Stopped: Edge Wallet
2026-04-15 09:46:09.108: [INFO][Sync] Stopped: Edge Workspace
2026-04-15 09:55:45.349: [INFO][Sync] Reset engine, reason: 0
2026-04-15 09:55:52.703: [INFO][Sync] Reset engine, reason: 8
2026-04-15 09:55:52.703: [INFO][Sync] Stopped: Bookmarks
2026-04-15 09:55:52.703: [INFO][Sync] Stopped: Preferences
2026-04-15 09:55:52.703: [INFO][Sync] Stopped: Passwords
2026-04-15 09:55:52.703: [INFO][Sync] Stopped: Autofill Profiles
2026-04-15 09:55:52.703: [INFO][Sync] Stopped: Autofill
2026-04-15 09:55:52.703: [INFO][Sync] Stopped: Extensions
2026-04-15 09:55:52.703: [INFO][Sync] Stopped: Sessions
2026-04-15 09:55:52.703: [INFO][Sync] Stopped: Extension settings
2026-04-15 09:55:52.703: [INFO][Sync] Stopped: History Delete Directives
2026-04-15 09:55:52.703: [INFO][Sync] Stopped: Device Info
2026-04-15 09:55:52.703: [INFO][Sync] Stopped: User Consents
2026-04-15 09:55:52.703: [INFO][Sync] Stopped: Send Tab To Self
2026-04-15 09:55:52.703: [INFO][Sync] Stopped: Web Apps
2026-04-15 09:55:52.703: [INFO][Sync] Stopped: History
2026-04-15 09:55:52.703: [INFO][Sync] Stopped: Saved Tab Group
2026-04-15 09:55:52.703: [INFO][Sync] Stopped: WebAuthn Credentials
2026-04-15 09:55:52.703: [INFO][Sync] Stopped: Collection
2026-04-15 09:55:52.703: [INFO][Sync] Stopped: Edge E Drop
2026-04-15 09:55:52.703: [INFO][Sync] Stopped: Edge Hub App Usage
2026-04-15 09:55:52.703: [INFO][Sync] Stopped: Edge Wallet
2026-04-15 09:55:52.703: [INFO][Sync] Stopped: Edge Workspace
2026-04-15 09:55:52.704: [INFO][Sync] SyncState after authenticated was: NotSignedIn
2026-04-15 09:56:02.520: [INFO][Sync] Reset engine, reason: 8
2026-04-15 09:56:02.520: [INFO][Sync] Stopped: Bookmarks
2026-04-15 09:56:02.520: [INFO][Sync] Stopped: Preferences
2026-04-15 09:56:02.520: [INFO][Sync] Stopped: Passwords
2026-04-15 09:56:02.520: [INFO][Sync] Stopped: Autofill Profiles
2026-04-15 09:56:02.520: [INFO][Sync] Stopped: Autofill
2026-04-15 09:56:02.520: [INFO][Sync] Stopped: Extensions
2026-04-15 09:56:02.520: [INFO][Sync] Stopped: Sessions
2026-04-15 09:56:02.520: [INFO][Sync] Stopped: Extension settings
2026-04-15 09:56:02.520: [INFO][Sync] Stopped: History Delete Directives
2026-04-15 09:56:02.520: [INFO][Sync] Stopped: Device Info
2026-04-15 09:56:02.520: [INFO][Sync] Stopped: User Consents
2026-04-15 09:56:02.520: [INFO][Sync] Stopped: Send Tab To Self
2026-04-15 09:56:02.520: [INFO][Sync] Stopped: Web Apps
2026-04-15 09:56:02.520: [INFO][Sync] Stopped: History
2026-04-15 09:56:02.520: [INFO][Sync] Stopped: Saved Tab Group
2026-04-15 09:56:02.520: [INFO][Sync] Stopped: WebAuthn Credentials
2026-04-15 09:56:02.520: [INFO][Sync] Stopped: Collection
2026-04-15 09:56:02.520: [INFO][Sync] Stopped: Edge E Drop
2026-04-15 09:56:02.520: [INFO][Sync] Stopped: Edge Hub App Usage
2026-04-15 09:56:02.520: [INFO][Sync] Stopped: Edge Wallet
2026-04-15 09:56:02.520: [INFO][Sync] Stopped: Edge Workspace
2026-04-15 10:12:54.928: [INFO][Sync] Reset engine, reason: 0
2026-04-15 10:12:59.455: [INFO][Sync] Reset engine, reason: 8
2026-04-15 10:12:59.455: [INFO][Sync] Stopped: Bookmarks
2026-04-15 10:12:59.455: [INFO][Sync] Stopped: Preferences
2026-04-15 10:12:59.455: [INFO][Sync] Stopped: Passwords
2026-04-15 10:12:59.455: [INFO][Sync] Stopped: Autofill Profiles
2026-04-15 10:12:59.455: [INFO][Sync] Stopped: Autofill
2026-04-15 10:12:59.455: [INFO][Sync] Stopped: Extensions
2026-04-15 10:12:59.456: [INFO][Sync] Stopped: Sessions
2026-04-15 10:12:59.456: [INFO][Sync] Stopped: Extension settings
2026-04-15 10:12:59.456: [INFO][Sync] Stopped: History Delete Directives
2026-04-15 10:12:59.456: [INFO][Sync] Stopped: Device Info
2026-04-15 10:12:59.456: [INFO][Sync] Stopped: User Consents
2026-04-15 10:12:59.456: [INFO][Sync] Stopped: Send Tab To Self
2026-04-15 10:12:59.456: [INFO][Sync] Stopped: Web Apps
2026-04-15 10:12:59.456: [INFO][Sync] Stopped: History
2026-04-15 10:12:59.456: [INFO][Sync] Stopped: Saved Tab Group
2026-04-15 10:12:59.456: [INFO][Sync] Stopped: WebAuthn Credentials
2026-04-15 10:12:59.456: [INFO][Sync] Stopped: Collection
2026-04-15 10:12:59.456: [INFO][Sync] Stopped: Edge E Drop
2026-04-15 10:12:59.456: [INFO][Sync] Stopped: Edge Hub App Usage
2026-04-15 10:12:59.456: [INFO][Sync] Stopped: Edge Wallet
2026-04-15 10:12:59.456: [INFO][Sync] Stopped: Edge Workspace
2026-04-15 10:12:59.456: [INFO][Sync] SyncState after authenticated was: NotSignedIn
2026-04-15 10:13:05.660: [INFO][Sync] Reset engine, reason: 8
2026-04-15 10:13:05.660: [INFO][Sync] Stopped: Bookmarks
2026-04-15 10:13:05.660: [INFO][Sync] Stopped: Preferences
2026-04-15 10:13:05.660: [INFO][Sync] Stopped: Passwords
2026-04-15 10:13:05.660: [INFO][Sync] Stopped: Autofill Profiles
2026-04-15 10:13:05.660: [INFO][Sync] Stopped: Autofill
2026-04-15 10:13:05.660: [INFO][Sync] Stopped: Extensions
2026-04-15 10:13:05.660: [INFO][Sync] Stopped: Sessions
2026-04-15 10:13:05.660: [INFO][Sync] Stopped: Extension settings
2026-04-15 10:13:05.660: [INFO][Sync] Stopped: History Delete Directives
2026-04-15 10:13:05.660: [INFO][Sync] Stopped: Device Info
2026-04-15 10:13:05.660: [INFO][Sync] Stopped: User Consents
2026-04-15 10:13:05.660: [INFO][Sync] Stopped: Send Tab To Self
2026-04-15 10:13:05.660: [INFO][Sync] Stopped: Web Apps
2026-04-15 10:13:05.660: [INFO][Sync] Stopped: History
2026-04-15 10:13:05.660: [INFO][Sync] Stopped: Saved Tab Group
2026-04-15 10:13:05.660: [INFO][Sync] Stopped: WebAuthn Credentials
2026-04-15 10:13:05.660: [INFO][Sync] Stopped: Collection
2026-04-15 10:13:05.660: [INFO][Sync] Stopped: Edge E Drop
2026-04-15 10:13:05.660: [INFO][Sync] Stopped: Edge Hub App Usage
2026-04-15 10:13:05.660: [INFO][Sync] Stopped: Edge Wallet
2026-04-15 10:13:05.660: [INFO][Sync] Stopped: Edge Workspace
2026-04-15 10:20:35.653: [INFO][Sync] Reset engine, reason: 0
2026-04-15 10:21:13.685: [INFO][Sync] Reset engine, reason: 8
2026-04-15 10:21:13.685: [INFO][Sync] Stopped: Bookmarks
2026-04-15 10:21:13.686: [INFO][Sync] Stopped: Preferences
2026-04-15 10:21:13.686: [INFO][Sync] Stopped: Passwords
2026-04-15 10:21:13.686: [INFO][Sync] Stopped: Autofill Profiles
2026-04-15 10:21:13.686: [INFO][Sync] Stopped: Autofill
2026-04-15 10:21:13.686: [INFO][Sync] Stopped: Extensions
2026-04-15 10:21:13.686: [INFO][Sync] Stopped: Sessions
2026-04-15 10:21:13.686: [INFO][Sync] Stopped: Extension settings
2026-04-15 10:21:13.686: [INFO][Sync] Stopped: History Delete Directives
2026-04-15 10:21:13.686: [INFO][Sync] Stopped: Device Info
2026-04-15 10:21:13.686: [INFO][Sync] Stopped: User Consents
2026-04-15 10:21:13.686: [INFO][Sync] Stopped: Send Tab To Self
2026-04-15 10:21:13.686: [INFO][Sync] Stopped: Web Apps
2026-04-15 10:21:13.686: [INFO][Sync] Stopped: History
2026-04-15 10:21:13.686: [INFO][Sync] Stopped: Saved Tab Group
2026-04-15 10:21:13.686: [INFO][Sync] Stopped: WebAuthn Credentials
2026-04-15 10:21:13.686: [INFO][Sync] Stopped: Collection
2026-04-15 10:21:13.686: [INFO][Sync] Stopped: Edge E Drop
2026-04-15 10:21:13.686: [INFO][Sync] Stopped: Edge Hub App Usage
2026-04-15 10:21:13.686: [INFO][Sync] Stopped: Edge Wallet
2026-04-15 10:21:13.686: [INFO][Sync] Stopped: Edge Workspace
2026-04-15 10:21:13.686: [INFO][Sync] SyncState after authenticated was: NotSignedIn
2026-04-15 10:21:17.951: [INFO][Sync] Reset engine, reason: 8
2026-04-15 10:21:17.951: [INFO][Sync] Stopped: Bookmarks
2026-04-15 10:21:17.951: [INFO][Sync] Stopped: Preferences
2026-04-15 10:21:17.951: [INFO][Sync] Stopped: Passwords
2026-04-15 10:21:17.951: [INFO][Sync] Stopped: Autofill Profiles
2026-04-15 10:21:17.951: [INFO][Sync] Stopped: Autofill
2026-04-15 10:21:17.951: [INFO][Sync] Stopped: Extensions
2026-04-15 10:21:17.951: [INFO][Sync] Stopped: Sessions
2026-04-15 10:21:17.951: [INFO][Sync] Stopped: Extension settings
2026-04-15 10:21:17.951: [INFO][Sync] Stopped: History Delete Directives
2026-04-15 10:21:17.951: [INFO][Sync] Stopped: Device Info
2026-04-15 10:21:17.951: [INFO][Sync] Stopped: User Consents
2026-04-15 10:21:17.951: [INFO][Sync] Stopped: Send Tab To Self
2026-04-15 10:21:17.951: [INFO][Sync] Stopped: Web Apps
2026-04-15 10:21:17.951: [INFO][Sync] Stopped: History
2026-04-15 10:21:17.951: [INFO][Sync] Stopped: Saved Tab Group
2026-04-15 10:21:17.951: [INFO][Sync] Stopped: WebAuthn Credentials
2026-04-15 10:21:17.951: [INFO][Sync] Stopped: Collection
2026-04-15 10:21:17.951: [INFO][Sync] Stopped: Edge E Drop
2026-04-15 10:21:17.951: [INFO][Sync] Stopped: Edge Hub App Usage
2026-04-15 10:21:17.951: [INFO][Sync] Stopped: Edge Wallet
2026-04-15 10:21:17.951: [INFO][Sync] Stopped: Edge Workspace
2026-04-15 10:45:46.565: [INFO][Sync] Reset engine, reason: 0
2026-04-15 10:45:52.907: [INFO][Sync] Reset engine, reason: 8
2026-04-15 10:45:52.907: [INFO][Sync] Stopped: Bookmarks
2026-04-15 10:45:52.907: [INFO][Sync] Stopped: Preferences
2026-04-15 10:45:52.907: [INFO][Sync] Stopped: Passwords
2026-04-15 10:45:52.907: [INFO][Sync] Stopped: Autofill Profiles
2026-04-15 10:45:52.907: [INFO][Sync] Stopped: Autofill
2026-04-15 10:45:52.907: [INFO][Sync] Stopped: Extensions
2026-04-15 10:45:52.907: [INFO][Sync] Stopped: Sessions
2026-04-15 10:45:52.907: [INFO][Sync] Stopped: Extension settings
2026-04-15 10:45:52.907: [INFO][Sync] Stopped: History Delete Directives
2026-04-15 10:45:52.907: [INFO][Sync] Stopped: Device Info
2026-04-15 10:45:52.907: [INFO][Sync] Stopped: User Consents
2026-04-15 10:45:52.907: [INFO][Sync] Stopped: Send Tab To Self
2026-04-15 10:45:52.908: [INFO][Sync] Stopped: Web Apps
2026-04-15 10:45:52.908: [INFO][Sync] Stopped: History
2026-04-15 10:45:52.908: [INFO][Sync] Stopped: Saved Tab Group
2026-04-15 10:45:52.908: [INFO][Sync] Stopped: WebAuthn Credentials
2026-04-15 10:45:52.908: [INFO][Sync] Stopped: Collection
2026-04-15 10:45:52.908: [INFO][Sync] Stopped: Edge E Drop
2026-04-15 10:45:52.908: [INFO][Sync] Stopped: Edge Hub App Usage
2026-04-15 10:45:52.908: [INFO][Sync] Stopped: Edge Wallet
2026-04-15 10:45:52.908: [INFO][Sync] Stopped: Edge Workspace
2026-04-15 10:45:52.906: [INFO][Sync] SyncState after authenticated was: NotSignedIn
2026-04-15 10:46:00.833: [INFO][Sync] Reset engine, reason: 8
2026-04-15 10:46:00.833: [INFO][Sync] Stopped: Bookmarks
2026-04-15 10:46:00.833: [INFO][Sync] Stopped: Preferences
2026-04-15 10:46:00.833: [INFO][Sync] Stopped: Passwords
2026-04-15 10:46:00.833: [INFO][Sync] Stopped: Autofill Profiles
2026-04-15 10:46:00.833: [INFO][Sync] Stopped: Autofill
2026-04-15 10:46:00.833: [INFO][Sync] Stopped: Extensions
2026-04-15 10:46:00.833: [INFO][Sync] Stopped: Sessions
2026-04-15 10:46:00.833: [INFO][Sync] Stopped: Extension settings
2026-04-15 10:46:00.833: [INFO][Sync] Stopped: History Delete Directives
2026-04-15 10:46:00.833: [INFO][Sync] Stopped: Device Info
2026-04-15 10:46:00.833: [INFO][Sync] Stopped: User Consents
2026-04-15 10:46:00.833: [INFO][Sync] Stopped: Send Tab To Self
2026-04-15 10:46:00.833: [INFO][Sync] Stopped: Web Apps
2026-04-15 10:46:00.833: [INFO][Sync] Stopped: History
2026-04-15 10:46:00.833: [INFO][Sync] Stopped: Saved Tab Group
2026-04-15 10:46:00.833: [INFO][Sync] Stopped: WebAuthn Credentials
2026-04-15 10:46:00.833: [INFO][Sync] Stopped: Collection
2026-04-15 10:46:00.833: [INFO][Sync] Stopped: Edge E Drop
2026-04-15 10:46:00.833: [INFO][Sync] Stopped: Edge Hub App Usage
2026-04-15 10:46:00.833: [INFO][Sync] Stopped: Edge Wallet
2026-04-15 10:46:00.833: [INFO][Sync] Stopped: Edge Workspace
2026-04-15 10:50:52.540: [INFO][Sync] Reset engine, reason: 0
2026-04-15 10:50:59.703: [INFO][Sync] Reset engine, reason: 8
2026-04-15 10:50:59.703: [INFO][Sync] Stopped: Bookmarks
2026-04-15 10:50:59.703: [INFO][Sync] Stopped: Preferences
2026-04-15 10:50:59.703: [INFO][Sync] Stopped: Passwords
2026-04-15 10:50:59.703: [INFO][Sync] Stopped: Autofill Profiles
2026-04-15 10:50:59.703: [INFO][Sync] Stopped: Autofill
2026-04-15 10:50:59.703: [INFO][Sync] Stopped: Extensions
2026-04-15 10:50:59.703: [INFO][Sync] Stopped: Sessions
2026-04-15 10:50:59.703: [INFO][Sync] Stopped: Extension settings
2026-04-15 10:50:59.703: [INFO][Sync] Stopped: History Delete Directives
2026-04-15 10:50:59.703: [INFO][Sync] Stopped: Device Info
2026-04-15 10:50:59.703: [INFO][Sync] Stopped: User Consents
2026-04-15 10:50:59.703: [INFO][Sync] Stopped: Send Tab To Self
2026-04-15 10:50:59.703: [INFO][Sync] Stopped: Web Apps
2026-04-15 10:50:59.703: [INFO][Sync] Stopped: History
2026-04-15 10:50:59.703: [INFO][Sync] Stopped: Saved Tab Group
2026-04-15 10:50:59.703: [INFO][Sync] Stopped: WebAuthn Credentials
2026-04-15 10:50:59.703: [INFO][Sync] Stopped: Collection
2026-04-15 10:50:59.703: [INFO][Sync] Stopped: Edge E Drop
2026-04-15 10:50:59.703: [INFO][Sync] Stopped: Edge Hub App Usage
2026-04-15 10:50:59.703: [INFO][Sync] Stopped: Edge Wallet
2026-04-15 10:50:59.703: [INFO][Sync] Stopped: Edge Workspace
2026-04-15 10:50:59.705: [INFO][Sync] SyncState after authenticated was: NotSignedIn
2026-04-15 10:51:03.812: [INFO][Sync] Reset engine, reason: 8
2026-04-15 10:51:03.812: [INFO][Sync] Stopped: Bookmarks
2026-04-15 10:51:03.812: [INFO][Sync] Stopped: Preferences
2026-04-15 10:51:03.812: [INFO][Sync] Stopped: Passwords
2026-04-15 10:51:03.812: [INFO][Sync] Stopped: Autofill Profiles
2026-04-15 10:51:03.812: [INFO][Sync] Stopped: Autofill
2026-04-15 10:51:03.812: [INFO][Sync] Stopped: Extensions
2026-04-15 10:51:03.812: [INFO][Sync] Stopped: Sessions
2026-04-15 10:51:03.812: [INFO][Sync] Stopped: Extension settings
2026-04-15 10:51:03.812: [INFO][Sync] Stopped: History Delete Directives
2026-04-15 10:51:03.812: [INFO][Sync] Stopped: Device Info
2026-04-15 10:51:03.812: [INFO][Sync] Stopped: User Consents
2026-04-15 10:51:03.812: [INFO][Sync] Stopped: Send Tab To Self
2026-04-15 10:51:03.812: [INFO][Sync] Stopped: Web Apps
2026-04-15 10:51:03.812: [INFO][Sync] Stopped: History
2026-04-15 10:51:03.812: [INFO][Sync] Stopped: Saved Tab Group
2026-04-15 10:51:03.812: [INFO][Sync] Stopped: WebAuthn Credentials
2026-04-15 10:51:03.812: [INFO][Sync] Stopped: Collection
2026-04-15 10:51:03.812: [INFO][Sync] Stopped: Edge E Drop
2026-04-15 10:51:03.812: [INFO][Sync] Stopped: Edge Hub App Usage
2026-04-15 10:51:03.812: [INFO][Sync] Stopped: Edge Wallet
2026-04-15 10:51:03.812: [INFO][Sync] Stopped: Edge Workspace
2026-04-15 12:29:19.064: [INFO][Sync] Reset engine, reason: 0
2026-04-16 06:12:29.173: [INFO][Sync] Reset engine, reason: 8
2026-04-16 06:12:29.173: [INFO][Sync] Stopped: Bookmarks
2026-04-16 06:12:29.173: [INFO][Sync] Stopped: Preferences
2026-04-16 06:12:29.173: [INFO][Sync] Stopped: Passwords
2026-04-16 06:12:29.173: [INFO][Sync] Stopped: Autofill Profiles
2026-04-16 06:12:29.173: [INFO][Sync] Stopped: Autofill
2026-04-16 06:12:29.173: [INFO][Sync] Stopped: Extensions
2026-04-16 06:12:29.173: [INFO][Sync] Stopped: Sessions
2026-04-16 06:12:29.173: [INFO][Sync] Stopped: Extension settings
2026-04-16 06:12:29.173: [INFO][Sync] Stopped: History Delete Directives
2026-04-16 06:12:29.173: [INFO][Sync] Stopped: Device Info
2026-04-16 06:12:29.173: [INFO][Sync] Stopped: User Consents
2026-04-16 06:12:29.173: [INFO][Sync] Stopped: Send Tab To Self
2026-04-16 06:12:29.173: [INFO][Sync] Stopped: Web Apps
2026-04-16 06:12:29.173: [INFO][Sync] Stopped: History
2026-04-16 06:12:29.173: [INFO][Sync] Stopped: Saved Tab Group
2026-04-16 06:12:29.173: [INFO][Sync] Stopped: WebAuthn Credentials
2026-04-16 06:12:29.173: [INFO][Sync] Stopped: Collection
2026-04-16 06:12:29.173: [INFO][Sync] Stopped: Edge E Drop
2026-04-16 06:12:29.173: [INFO][Sync] Stopped: Edge Hub App Usage
2026-04-16 06:12:29.173: [INFO][Sync] Stopped: Edge Wallet
2026-04-16 06:12:29.173: [INFO][Sync] Stopped: Edge Workspace
2026-04-16 06:12:29.173: [INFO][Sync] SyncState after authenticated was: NotSignedIn
2026-04-16 06:12:29.549: [INFO][Sync] Reset engine, reason: 8
2026-04-16 06:12:29.549: [INFO][Sync] Stopped: Bookmarks
2026-04-16 06:12:29.549: [INFO][Sync] Stopped: Preferences
2026-04-16 06:12:29.549: [INFO][Sync] Stopped: Passwords
2026-04-16 06:12:29.549: [INFO][Sync] Stopped: Autofill Profiles
2026-04-16 06:12:29.549: [INFO][Sync] Stopped: Autofill
2026-04-16 06:12:29.549: [INFO][Sync] Stopped: Extensions
2026-04-16 06:12:29.549: [INFO][Sync] Stopped: Sessions
2026-04-16 06:12:29.549: [INFO][Sync] Stopped: Extension settings
2026-04-16 06:12:29.549: [INFO][Sync] Stopped: History Delete Directives
2026-04-16 06:12:29.549: [INFO][Sync] Stopped: Device Info
2026-04-16 06:12:29.549: [INFO][Sync] Stopped: User Consents
2026-04-16 06:12:29.549: [INFO][Sync] Stopped: Send Tab To Self
2026-04-16 06:12:29.549: [INFO][Sync] Stopped: Web Apps
2026-04-16 06:12:29.549: [INFO][Sync] Stopped: History
2026-04-16 06:12:29.549: [INFO][Sync] Stopped: Saved Tab Group
2026-04-16 06:12:29.549: [INFO][Sync] Stopped: WebAuthn Credentials
2026-04-16 06:12:29.549: [INFO][Sync] Stopped: Collection
2026-04-16 06:12:29.549: [INFO][Sync] Stopped: Edge E Drop
2026-04-16 06:12:29.549: [INFO][Sync] Stopped: Edge Hub App Usage
2026-04-16 06:12:29.549: [INFO][Sync] Stopped: Edge Wallet
2026-04-16 06:12:29.549: [INFO][Sync] Stopped: Edge Workspace
2026-04-16 06:22:57.364: [INFO][Sync] Reset engine, reason: 0
2026-04-16 13:24:38.402: [INFO][Sync] Reset engine, reason: 8
2026-04-16 13:24:38.403: [INFO][Sync] Stopped: Bookmarks
2026-04-16 13:24:38.403: [INFO][Sync] Stopped: Preferences
2026-04-16 13:24:38.403: [INFO][Sync] Stopped: Passwords
2026-04-16 13:24:38.403: [INFO][Sync] Stopped: Autofill Profiles
2026-04-16 13:24:38.403: [INFO][Sync] Stopped: Autofill
2026-04-16 13:24:38.403: [INFO][Sync] Stopped: Extensions
2026-04-16 13:24:38.403: [INFO][Sync] Stopped: Sessions
2026-04-16 13:24:38.403: [INFO][Sync] Stopped: Extension settings
2026-04-16 13:24:38.403: [INFO][Sync] Stopped: History Delete Directives
2026-04-16 13:24:38.403: [INFO][Sync] Stopped: Device Info
2026-04-16 13:24:38.403: [INFO][Sync] Stopped: User Consents
2026-04-16 13:24:38.403: [INFO][Sync] Stopped: Send Tab To Self
2026-04-16 13:24:38.403: [INFO][Sync] Stopped: Web Apps
2026-04-16 13:24:38.403: [INFO][Sync] Stopped: History
2026-04-16 13:24:38.403: [INFO][Sync] Stopped: Saved Tab Group
2026-04-16 13:24:38.403: [INFO][Sync] Stopped: WebAuthn Credentials
2026-04-16 13:24:38.403: [INFO][Sync] Stopped: Collection
2026-04-16 13:24:38.403: [INFO][Sync] Stopped: Edge E Drop
2026-04-16 13:24:38.403: [INFO][Sync] Stopped: Edge Hub App Usage
2026-04-16 13:24:38.403: [INFO][Sync] Stopped: Edge Wallet
2026-04-16 13:24:38.403: [INFO][Sync] Stopped: Edge Workspace
2026-04-16 13:24:38.403: [INFO][Sync] SyncState after authenticated was: NotSignedIn
2026-04-16 13:24:39.073: [INFO][Sync] Reset engine, reason: 8
2026-04-16 13:24:39.073: [INFO][Sync] Stopped: Bookmarks
2026-04-16 13:24:39.073: [INFO][Sync] Stopped: Preferences
2026-04-16 13:24:39.073: [INFO][Sync] Stopped: Passwords
2026-04-16 13:24:39.073: [INFO][Sync] Stopped: Autofill Profiles
2026-04-16 13:24:39.073: [INFO][Sync] Stopped: Autofill
2026-04-16 13:24:39.073: [INFO][Sync] Stopped: Extensions
2026-04-16 13:24:39.073: [INFO][Sync] Stopped: Sessions
2026-04-16 13:24:39.073: [INFO][Sync] Stopped: Extension settings
2026-04-16 13:24:39.073: [INFO][Sync] Stopped: History Delete Directives
2026-04-16 13:24:39.073: [INFO][Sync] Stopped: Device Info
2026-04-16 13:24:39.073: [INFO][Sync] Stopped: User Consents
2026-04-16 13:24:39.073: [INFO][Sync] Stopped: Send Tab To Self
2026-04-16 13:24:39.073: [INFO][Sync] Stopped: Web Apps
2026-04-16 13:24:39.073: [INFO][Sync] Stopped: History
2026-04-16 13:24:39.073: [INFO][Sync] Stopped: Saved Tab Group
2026-04-16 13:24:39.073: [INFO][Sync] Stopped: WebAuthn Credentials
2026-04-16 13:24:39.073: [INFO][Sync] Stopped: Collection
2026-04-16 13:24:39.073: [INFO][Sync] Stopped: Edge E Drop
2026-04-16 13:24:39.073: [INFO][Sync] Stopped: Edge Hub App Usage
2026-04-16 13:24:39.073: [INFO][Sync] Stopped: Edge Wallet
2026-04-16 13:24:39.073: [INFO][Sync] Stopped: Edge Workspace
2026-04-16 14:03:17.774: [INFO][Sync] Reset engine, reason: 0
2026-04-20 23:30:03.817: [INFO][Sync] Reset engine, reason: 8
2026-04-20 23:30:03.817: [INFO][Sync] Stopped: Bookmarks
2026-04-20 23:30:03.817: [INFO][Sync] Stopped: Preferences
2026-04-20 23:30:03.817: [INFO][Sync] Stopped: Passwords
2026-04-20 23:30:03.817: [INFO][Sync] Stopped: Autofill Profiles
2026-04-20 23:30:03.817: [INFO][Sync] Stopped: Autofill
2026-04-20 23:30:03.817: [INFO][Sync] Stopped: Extensions
2026-04-20 23:30:03.817: [INFO][Sync] Stopped: Sessions
2026-04-20 23:30:03.817: [INFO][Sync] Stopped: Extension settings
2026-04-20 23:30:03.817: [INFO][Sync] Stopped: History Delete Directives
2026-04-20 23:30:03.817: [INFO][Sync] Stopped: Device Info
2026-04-20 23:30:03.817: [INFO][Sync] Stopped: User Consents
2026-04-20 23:30:03.817: [INFO][Sync] Stopped: Send Tab To Self
2026-04-20 23:30:03.817: [INFO][Sync] Stopped: Web Apps
2026-04-20 23:30:03.817: [INFO][Sync] Stopped: History
2026-04-20 23:30:03.817: [INFO][Sync] Stopped: Saved Tab Group
2026-04-20 23:30:03.817: [INFO][Sync] Stopped: WebAuthn Credentials
2026-04-20 23:30:03.818: [INFO][Sync] Stopped: Collection
2026-04-20 23:30:03.818: [INFO][Sync] Stopped: Edge E Drop
2026-04-20 23:30:03.818: [INFO][Sync] Stopped: Edge Hub App Usage
2026-04-20 23:30:03.818: [INFO][Sync] Stopped: Edge Wallet
2026-04-20 23:30:03.818: [INFO][Sync] Stopped: Edge Workspace
2026-04-20 23:30:03.818: [INFO][Sync] SyncState after authenticated was: NotSignedIn
2026-04-20 23:30:04.294: [INFO][Sync] Reset engine, reason: 8
2026-04-20 23:30:04.295: [INFO][Sync] Stopped: Bookmarks
2026-04-20 23:30:04.295: [INFO][Sync] Stopped: Preferences
2026-04-20 23:30:04.295: [INFO][Sync] Stopped: Passwords
2026-04-20 23:30:04.295: [INFO][Sync] Stopped: Autofill Profiles
2026-04-20 23:30:04.295: [INFO][Sync] Stopped: Autofill
2026-04-20 23:30:04.295: [INFO][Sync] Stopped: Extensions
2026-04-20 23:30:04.295: [INFO][Sync] Stopped: Sessions
2026-04-20 23:30:04.295: [INFO][Sync] Stopped: Extension settings
2026-04-20 23:30:04.295: [INFO][Sync] Stopped: History Delete Directives
2026-04-20 23:30:04.295: [INFO][Sync] Stopped: Device Info
2026-04-20 23:30:04.295: [INFO][Sync] Stopped: User Consents
2026-04-20 23:30:04.295: [INFO][Sync] Stopped: Send Tab To Self
2026-04-20 23:30:04.295: [INFO][Sync] Stopped: Web Apps
2026-04-20 23:30:04.295: [INFO][Sync] Stopped: History
2026-04-20 23:30:04.295: [INFO][Sync] Stopped: Saved Tab Group
2026-04-20 23:30:04.295: [INFO][Sync] Stopped: WebAuthn Credentials
2026-04-20 23:30:04.295: [INFO][Sync] Stopped: Collection
2026-04-20 23:30:04.295: [INFO][Sync] Stopped: Edge E Drop
2026-04-20 23:30:04.295: [INFO][Sync] Stopped: Edge Hub App Usage
2026-04-20 23:30:04.295: [INFO][Sync] Stopped: Edge Wallet
2026-04-20 23:30:04.295: [INFO][Sync] Stopped: Edge Workspace
2026-04-21 00:07:03.449: [INFO][Sync] Reset engine, reason: 0
2026-04-21 00:09:45.509: [INFO][Sync] Reset engine, reason: 8
2026-04-21 00:09:45.509: [INFO][Sync] Stopped: Bookmarks
2026-04-21 00:09:45.509: [INFO][Sync] Stopped: Preferences
2026-04-21 00:09:45.509: [INFO][Sync] Stopped: Passwords
2026-04-21 00:09:45.509: [INFO][Sync] Stopped: Autofill Profiles
2026-04-21 00:09:45.509: [INFO][Sync] Stopped: Autofill
2026-04-21 00:09:45.509: [INFO][Sync] Stopped: Extensions
2026-04-21 00:09:45.509: [INFO][Sync] Stopped: Sessions
2026-04-21 00:09:45.509: [INFO][Sync] Stopped: Extension settings
2026-04-21 00:09:45.509: [INFO][Sync] Stopped: History Delete Directives
2026-04-21 00:09:45.509: [INFO][Sync] Stopped: Device Info
2026-04-21 00:09:45.509: [INFO][Sync] Stopped: User Consents
2026-04-21 00:09:45.509: [INFO][Sync] Stopped: Send Tab To Self
2026-04-21 00:09:45.509: [INFO][Sync] Stopped: Web Apps
2026-04-21 00:09:45.510: [INFO][Sync] Stopped: History
2026-04-21 00:09:45.510: [INFO][Sync] Stopped: Saved Tab Group
2026-04-21 00:09:45.510: [INFO][Sync] Stopped: WebAuthn Credentials
2026-04-21 00:09:45.510: [INFO][Sync] Stopped: Collection
2026-04-21 00:09:45.510: [INFO][Sync] Stopped: Edge E Drop
2026-04-21 00:09:45.510: [INFO][Sync] Stopped: Edge Hub App Usage
2026-04-21 00:09:45.510: [INFO][Sync] Stopped: Edge Wallet
2026-04-21 00:09:45.510: [INFO][Sync] Stopped: Edge Workspace
2026-04-21 00:09:45.510: [INFO][Sync] SyncState after authenticated was: NotSignedIn
2026-04-21 00:09:51.913: [INFO][Sync] Reset engine, reason: 8
2026-04-21 00:09:51.913: [INFO][Sync] Stopped: Bookmarks
2026-04-21 00:09:51.913: [INFO][Sync] Stopped: Preferences
2026-04-21 00:09:51.913: [INFO][Sync] Stopped: Passwords
2026-04-21 00:09:51.913: [INFO][Sync] Stopped: Autofill Profiles
2026-04-21 00:09:51.913: [INFO][Sync] Stopped: Autofill
2026-04-21 00:09:51.913: [INFO][Sync] Stopped: Extensions
2026-04-21 00:09:51.913: [INFO][Sync] Stopped: Sessions
2026-04-21 00:09:51.913: [INFO][Sync] Stopped: Extension settings
2026-04-21 00:09:51.913: [INFO][Sync] Stopped: History Delete Directives
2026-04-21 00:09:51.913: [INFO][Sync] Stopped: Device Info
2026-04-21 00:09:51.913: [INFO][Sync] Stopped: User Consents
2026-04-21 00:09:51.913: [INFO][Sync] Stopped: Send Tab To Self
2026-04-21 00:09:51.913: [INFO][Sync] Stopped: Web Apps
2026-04-21 00:09:51.913: [INFO][Sync] Stopped: History
2026-04-21 00:09:51.913: [INFO][Sync] Stopped: Saved Tab Group
2026-04-21 00:09:51.913: [INFO][Sync] Stopped: WebAuthn Credentials
2026-04-21 00:09:51.913: [INFO][Sync] Stopped: Collection
2026-04-21 00:09:51.913: [INFO][Sync] Stopped: Edge E Drop
2026-04-21 00:09:51.913: [INFO][Sync] Stopped: Edge Hub App Usage
2026-04-21 00:09:51.913: [INFO][Sync] Stopped: Edge Wallet
2026-04-21 00:09:51.913: [INFO][Sync] Stopped: Edge Workspace
2026-04-21 00:14:55.073: [INFO][Sync] Reset engine, reason: 0
2026-04-21 00:14:57.990: [INFO][Sync] Reset engine, reason: 8
2026-04-21 00:14:57.990: [INFO][Sync] Stopped: Bookmarks
2026-04-21 00:14:57.990: [INFO][Sync] Stopped: Preferences
2026-04-21 00:14:57.990: [INFO][Sync] Stopped: Passwords
2026-04-21 00:14:57.990: [INFO][Sync] Stopped: Autofill Profiles
2026-04-21 00:14:57.990: [INFO][Sync] Stopped: Autofill
2026-04-21 00:14:57.990: [INFO][Sync] Stopped: Extensions
2026-04-21 00:14:57.990: [INFO][Sync] Stopped: Sessions
2026-04-21 00:14:57.990: [INFO][Sync] Stopped: Extension settings
2026-04-21 00:14:57.990: [INFO][Sync] Stopped: History Delete Directives
2026-04-21 00:14:57.990: [INFO][Sync] Stopped: Device Info
2026-04-21 00:14:57.990: [INFO][Sync] Stopped: User Consents
2026-04-21 00:14:57.990: [INFO][Sync] Stopped: Send Tab To Self
2026-04-21 00:14:57.990: [INFO][Sync] Stopped: Web Apps
2026-04-21 00:14:57.990: [INFO][Sync] Stopped: History
2026-04-21 00:14:57.990: [INFO][Sync] Stopped: Saved Tab Group
2026-04-21 00:14:57.990: [INFO][Sync] Stopped: WebAuthn Credentials
2026-04-21 00:14:57.990: [INFO][Sync] Stopped: Collection
2026-04-21 00:14:57.990: [INFO][Sync] Stopped: Edge E Drop
2026-04-21 00:14:57.990: [INFO][Sync] Stopped: Edge Hub App Usage
2026-04-21 00:14:57.990: [INFO][Sync] Stopped: Edge Wallet
2026-04-21 00:14:57.990: [INFO][Sync] Stopped: Edge Workspace
2026-04-21 00:14:57.990: [INFO][Sync] SyncState after authenticated was: NotSignedIn
2026-04-21 00:15:03.733: [INFO][Sync] Reset engine, reason: 8
2026-04-21 00:15:03.733: [INFO][Sync] Stopped: Bookmarks
2026-04-21 00:15:03.733: [INFO][Sync] Stopped: Preferences
2026-04-21 00:15:03.733: [INFO][Sync] Stopped: Passwords
2026-04-21 00:15:03.733: [INFO][Sync] Stopped: Autofill Profiles
2026-04-21 00:15:03.733: [INFO][Sync] Stopped: Autofill
2026-04-21 00:15:03.733: [INFO][Sync] Stopped: Extensions
2026-04-21 00:15:03.733: [INFO][Sync] Stopped: Sessions
2026-04-21 00:15:03.733: [INFO][Sync] Stopped: Extension settings
2026-04-21 00:15:03.733: [INFO][Sync] Stopped: History Delete Directives
2026-04-21 00:15:03.733: [INFO][Sync] Stopped: Device Info
2026-04-21 00:15:03.733: [INFO][Sync] Stopped: User Consents
2026-04-21 00:15:03.733: [INFO][Sync] Stopped: Send Tab To Self
2026-04-21 00:15:03.733: [INFO][Sync] Stopped: Web Apps
2026-04-21 00:15:03.733: [INFO][Sync] Stopped: History
2026-04-21 00:15:03.733: [INFO][Sync] Stopped: Saved Tab Group
2026-04-21 00:15:03.733: [INFO][Sync] Stopped: WebAuthn Credentials
2026-04-21 00:15:03.733: [INFO][Sync] Stopped: Collection
2026-04-21 00:15:03.733: [INFO][Sync] Stopped: Edge E Drop
2026-04-21 00:15:03.733: [INFO][Sync] Stopped: Edge Hub App Usage
2026-04-21 00:15:03.733: [INFO][Sync] Stopped: Edge Wallet
2026-04-21 00:15:03.733: [INFO][Sync] Stopped: Edge Workspace
2026-04-21 14:32:35.722: [INFO][Sync] Reset engine, reason: 8
2026-04-21 14:32:35.722: [INFO][Sync] Stopped: Bookmarks
2026-04-21 14:32:35.722: [INFO][Sync] Stopped: Preferences
2026-04-21 14:32:35.722: [INFO][Sync] Stopped: Passwords
2026-04-21 14:32:35.722: [INFO][Sync] Stopped: Autofill Profiles
2026-04-21 14:32:35.722: [INFO][Sync] Stopped: Autofill
2026-04-21 14:32:35.722: [INFO][Sync] Stopped: Extensions
2026-04-21 14:32:35.722: [INFO][Sync] Stopped: Sessions
2026-04-21 14:32:35.722: [INFO][Sync] Stopped: Extension settings
2026-04-21 14:32:35.722: [INFO][Sync] Stopped: History Delete Directives
2026-04-21 14:32:35.722: [INFO][Sync] Stopped: Device Info
2026-04-21 14:32:35.722: [INFO][Sync] Stopped: User Consents
2026-04-21 14:32:35.722: [INFO][Sync] Stopped: Send Tab To Self
2026-04-21 14:32:35.722: [INFO][Sync] Stopped: Web Apps
2026-04-21 14:32:35.722: [INFO][Sync] Stopped: History
2026-04-21 14:32:35.722: [INFO][Sync] Stopped: Saved Tab Group
2026-04-21 14:32:35.722: [INFO][Sync] Stopped: WebAuthn Credentials
2026-04-21 14:32:35.722: [INFO][Sync] Stopped: Collection
2026-04-21 14:32:35.722: [INFO][Sync] Stopped: Edge E Drop
2026-04-21 14:32:35.722: [INFO][Sync] Stopped: Edge Hub App Usage
2026-04-21 14:32:35.722: [INFO][Sync] Stopped: Edge Wallet
2026-04-21 14:32:35.722: [INFO][Sync] Stopped: Edge Workspace
2026-04-21 14:32:35.722: [INFO][Sync] SyncState after authenticated was: NotSignedIn
2026-04-21 14:32:36.316: [INFO][Sync] Reset engine, reason: 8
2026-04-21 14:32:36.316: [INFO][Sync] Stopped: Bookmarks
2026-04-21 14:32:36.316: [INFO][Sync] Stopped: Preferences
2026-04-21 14:32:36.316: [INFO][Sync] Stopped: Passwords
2026-04-21 14:32:36.316: [INFO][Sync] Stopped: Autofill Profiles
2026-04-21 14:32:36.316: [INFO][Sync] Stopped: Autofill
2026-04-21 14:32:36.316: [INFO][Sync] Stopped: Extensions
2026-04-21 14:32:36.316: [INFO][Sync] Stopped: Sessions
2026-04-21 14:32:36.316: [INFO][Sync] Stopped: Extension settings
2026-04-21 14:32:36.316: [INFO][Sync] Stopped: History Delete Directives
2026-04-21 14:32:36.316: [INFO][Sync] Stopped: Device Info
2026-04-21 14:32:36.316: [INFO][Sync] Stopped: User Consents
2026-04-21 14:32:36.316: [INFO][Sync] Stopped: Send Tab To Self
2026-04-21 14:32:36.316: [INFO][Sync] Stopped: Web Apps
2026-04-21 14:32:36.316: [INFO][Sync] Stopped: History
2026-04-21 14:32:36.316: [INFO][Sync] Stopped: Saved Tab Group
2026-04-21 14:32:36.316: [INFO][Sync] Stopped: WebAuthn Credentials
2026-04-21 14:32:36.316: [INFO][Sync] Stopped: Collection
2026-04-21 14:32:36.316: [INFO][Sync] Stopped: Edge E Drop
2026-04-21 14:32:36.316: [INFO][Sync] Stopped: Edge Hub App Usage
2026-04-21 14:32:36.316: [INFO][Sync] Stopped: Edge Wallet
2026-04-21 14:32:36.316: [INFO][Sync] Stopped: Edge Workspace
2026-04-21 15:32:36.980: [INFO][Sync] Reset engine, reason: 0
2026-04-21 15:32:38.827: [INFO][Sync] Reset engine, reason: 8
2026-04-21 15:32:38.827: [INFO][Sync] Stopped: Bookmarks
2026-04-21 15:32:38.827: [INFO][Sync] Stopped: Preferences
2026-04-21 15:32:38.827: [INFO][Sync] Stopped: Passwords
2026-04-21 15:32:38.827: [INFO][Sync] Stopped: Autofill Profiles
2026-04-21 15:32:38.827: [INFO][Sync] Stopped: Autofill
2026-04-21 15:32:38.827: [INFO][Sync] Stopped: Extensions
2026-04-21 15:32:38.827: [INFO][Sync] Stopped: Sessions
2026-04-21 15:32:38.827: [INFO][Sync] Stopped: Extension settings
2026-04-21 15:32:38.827: [INFO][Sync] Stopped: History Delete Directives
2026-04-21 15:32:38.827: [INFO][Sync] Stopped: Device Info
2026-04-21 15:32:38.827: [INFO][Sync] Stopped: User Consents
2026-04-21 15:32:38.827: [INFO][Sync] Stopped: Send Tab To Self
2026-04-21 15:32:38.827: [INFO][Sync] Stopped: Web Apps
2026-04-21 15:32:38.827: [INFO][Sync] Stopped: History
2026-04-21 15:32:38.827: [INFO][Sync] Stopped: Saved Tab Group
2026-04-21 15:32:38.827: [INFO][Sync] Stopped: WebAuthn Credentials
2026-04-21 15:32:38.827: [INFO][Sync] Stopped: Collection
2026-04-21 15:32:38.827: [INFO][Sync] Stopped: Edge E Drop
2026-04-21 15:32:38.827: [INFO][Sync] Stopped: Edge Hub App Usage
2026-04-21 15:32:38.827: [INFO][Sync] Stopped: Edge Wallet
2026-04-21 15:32:38.827: [INFO][Sync] Stopped: Edge Workspace
2026-04-21 15:32:38.828: [INFO][Sync] SyncState after authenticated was: NotSignedIn
2026-04-21 15:32:39.839: [INFO][Sync] Reset engine, reason: 8
2026-04-21 15:32:39.839: [INFO][Sync] Stopped: Bookmarks
2026-04-21 15:32:39.839: [INFO][Sync] Stopped: Preferences
2026-04-21 15:32:39.839: [INFO][Sync] Stopped: Passwords
2026-04-21 15:32:39.839: [INFO][Sync] Stopped: Autofill Profiles
2026-04-21 15:32:39.839: [INFO][Sync] Stopped: Autofill
2026-04-21 15:32:39.839: [INFO][Sync] Stopped: Extensions
2026-04-21 15:32:39.839: [INFO][Sync] Stopped: Sessions
2026-04-21 15:32:39.839: [INFO][Sync] Stopped: Extension settings
2026-04-21 15:32:39.839: [INFO][Sync] Stopped: History Delete Directives
2026-04-21 15:32:39.839: [INFO][Sync] Stopped: Device Info
2026-04-21 15:32:39.839: [INFO][Sync] Stopped: User Consents
2026-04-21 15:32:39.839: [INFO][Sync] Stopped: Send Tab To Self
2026-04-21 15:32:39.839: [INFO][Sync] Stopped: Web Apps
2026-04-21 15:32:39.839: [INFO][Sync] Stopped: History
2026-04-21 15:32:39.839: [INFO][Sync] Stopped: Saved Tab Group
2026-04-21 15:32:39.839: [INFO][Sync] Stopped: WebAuthn Credentials
2026-04-21 15:32:39.839: [INFO][Sync] Stopped: Collection
2026-04-21 15:32:39.839: [INFO][Sync] Stopped: Edge E Drop
2026-04-21 15:32:39.839: [INFO][Sync] Stopped: Edge Hub App Usage
2026-04-21 15:32:39.839: [INFO][Sync] Stopped: Edge Wallet
2026-04-21 15:32:39.839: [INFO][Sync] Stopped: Edge Workspace
2026-04-21 16:54:35.948: [INFO][Sync] Reset engine, reason: 0
2026-04-21 19:49:05.579: [INFO][Sync] Reset engine, reason: 8
2026-04-21 19:49:05.579: [INFO][Sync] Stopped: Bookmarks
2026-04-21 19:49:05.580: [INFO][Sync] Stopped: Preferences
2026-04-21 19:49:05.580: [INFO][Sync] Stopped: Passwords
2026-04-21 19:49:05.580: [INFO][Sync] Stopped: Autofill Profiles
2026-04-21 19:49:05.580: [INFO][Sync] Stopped: Autofill
2026-04-21 19:49:05.580: [INFO][Sync] Stopped: Extensions
2026-04-21 19:49:05.580: [INFO][Sync] Stopped: Sessions
2026-04-21 19:49:05.580: [INFO][Sync] Stopped: Extension settings
2026-04-21 19:49:05.580: [INFO][Sync] Stopped: History Delete Directives
2026-04-21 19:49:05.580: [INFO][Sync] Stopped: Device Info
2026-04-21 19:49:05.580: [INFO][Sync] Stopped: User Consents
2026-04-21 19:49:05.580: [INFO][Sync] Stopped: Send Tab To Self
2026-04-21 19:49:05.580: [INFO][Sync] Stopped: Web Apps
2026-04-21 19:49:05.580: [INFO][Sync] Stopped: History
2026-04-21 19:49:05.580: [INFO][Sync] Stopped: Saved Tab Group
2026-04-21 19:49:05.580: [INFO][Sync] Stopped: WebAuthn Credentials
2026-04-21 19:49:05.580: [INFO][Sync] Stopped: Collection
2026-04-21 19:49:05.580: [INFO][Sync] Stopped: Edge E Drop
2026-04-21 19:49:05.580: [INFO][Sync] Stopped: Edge Hub App Usage
2026-04-21 19:49:05.580: [INFO][Sync] Stopped: Edge Wallet
2026-04-21 19:49:05.580: [INFO][Sync] Stopped: Edge Workspace
2026-04-21 19:49:05.580: [INFO][Sync] SyncState after authenticated was: NotSignedIn
2026-04-21 19:49:06.037: [INFO][Sync] Reset engine, reason: 8
2026-04-21 19:49:06.037: [INFO][Sync] Stopped: Bookmarks
2026-04-21 19:49:06.037: [INFO][Sync] Stopped: Preferences
2026-04-21 19:49:06.037: [INFO][Sync] Stopped: Passwords
2026-04-21 19:49:06.037: [INFO][Sync] Stopped: Autofill Profiles
2026-04-21 19:49:06.037: [INFO][Sync] Stopped: Autofill
2026-04-21 19:49:06.037: [INFO][Sync] Stopped: Extensions
2026-04-21 19:49:06.037: [INFO][Sync] Stopped: Sessions
2026-04-21 19:49:06.037: [INFO][Sync] Stopped: Extension settings
2026-04-21 19:49:06.037: [INFO][Sync] Stopped: History Delete Directives
2026-04-21 19:49:06.037: [INFO][Sync] Stopped: Device Info
2026-04-21 19:49:06.037: [INFO][Sync] Stopped: User Consents
2026-04-21 19:49:06.037: [INFO][Sync] Stopped: Send Tab To Self
2026-04-21 19:49:06.037: [INFO][Sync] Stopped: Web Apps
2026-04-21 19:49:06.037: [INFO][Sync] Stopped: History
2026-04-21 19:49:06.037: [INFO][Sync] Stopped: Saved Tab Group
2026-04-21 19:49:06.037: [INFO][Sync] Stopped: WebAuthn Credentials
2026-04-21 19:49:06.037: [INFO][Sync] Stopped: Collection
2026-04-21 19:49:06.037: [INFO][Sync] Stopped: Edge E Drop
2026-04-21 19:49:06.037: [INFO][Sync] Stopped: Edge Hub App Usage
2026-04-21 19:49:06.037: [INFO][Sync] Stopped: Edge Wallet
2026-04-21 19:49:06.037: [INFO][Sync] Stopped: Edge Workspace
2026-04-22 01:37:38.352: [INFO][Sync] Reset engine, reason: 0
2026-04-22 01:37:39.678: [INFO][Sync] Reset engine, reason: 8
2026-04-22 01:37:39.678: [INFO][Sync] Stopped: Bookmarks
2026-04-22 01:37:39.678: [INFO][Sync] Stopped: Preferences
2026-04-22 01:37:39.678: [INFO][Sync] Stopped: Passwords
2026-04-22 01:37:39.678: [INFO][Sync] Stopped: Autofill Profiles
2026-04-22 01:37:39.678: [INFO][Sync] Stopped: Autofill
2026-04-22 01:37:39.678: [INFO][Sync] Stopped: Extensions
2026-04-22 01:37:39.678: [INFO][Sync] Stopped: Sessions
2026-04-22 01:37:39.678: [INFO][Sync] Stopped: Extension settings
2026-04-22 01:37:39.678: [INFO][Sync] Stopped: History Delete Directives
2026-04-22 01:37:39.678: [INFO][Sync] Stopped: Device Info
2026-04-22 01:37:39.678: [INFO][Sync] Stopped: User Consents
2026-04-22 01:37:39.678: [INFO][Sync] Stopped: Send Tab To Self
2026-04-22 01:37:39.678: [INFO][Sync] Stopped: Web Apps
2026-04-22 01:37:39.678: [INFO][Sync] Stopped: History
2026-04-22 01:37:39.678: [INFO][Sync] Stopped: Saved Tab Group
2026-04-22 01:37:39.678: [INFO][Sync] Stopped: WebAuthn Credentials
2026-04-22 01:37:39.678: [INFO][Sync] Stopped: Collection
2026-04-22 01:37:39.678: [INFO][Sync] Stopped: Edge E Drop
2026-04-22 01:37:39.678: [INFO][Sync] Stopped: Edge Hub App Usage
2026-04-22 01:37:39.678: [INFO][Sync] Stopped: Edge Wallet
2026-04-22 01:37:39.678: [INFO][Sync] Stopped: Edge Workspace
2026-04-22 01:37:39.679: [INFO][Sync] SyncState after authenticated was: NotSignedIn
2026-04-22 19:57:38.812: [INFO][Sync] Reset engine, reason: 8
2026-04-22 19:57:38.812: [INFO][Sync] Stopped: Bookmarks
2026-04-22 19:57:38.812: [INFO][Sync] Stopped: Preferences
2026-04-22 19:57:38.812: [INFO][Sync] Stopped: Passwords
2026-04-22 19:57:38.813: [INFO][Sync] Stopped: Autofill Profiles
2026-04-22 19:57:38.813: [INFO][Sync] Stopped: Autofill
2026-04-22 19:57:38.813: [INFO][Sync] Stopped: Extensions
2026-04-22 19:57:38.813: [INFO][Sync] Stopped: Sessions
2026-04-22 19:57:38.813: [INFO][Sync] Stopped: Extension settings
2026-04-22 19:57:38.813: [INFO][Sync] Stopped: History Delete Directives
2026-04-22 19:57:38.813: [INFO][Sync] Stopped: Device Info
2026-04-22 19:57:38.813: [INFO][Sync] Stopped: User Consents
2026-04-22 19:57:38.813: [INFO][Sync] Stopped: Send Tab To Self
2026-04-22 19:57:38.813: [INFO][Sync] Stopped: Web Apps
2026-04-22 19:57:38.813: [INFO][Sync] Stopped: History
2026-04-22 19:57:38.813: [INFO][Sync] Stopped: Saved Tab Group
2026-04-22 19:57:38.813: [INFO][Sync] Stopped: WebAuthn Credentials
2026-04-22 19:57:38.813: [INFO][Sync] Stopped: Collection
2026-04-22 19:57:38.813: [INFO][Sync] Stopped: Edge E Drop
2026-04-22 19:57:38.813: [INFO][Sync] Stopped: Edge Hub App Usage
2026-04-22 19:57:38.813: [INFO][Sync] Stopped: Edge Wallet
2026-04-22 19:57:38.813: [INFO][Sync] Stopped: Edge Workspace
2026-04-22 19:57:38.815: [INFO][Sync] SyncState after authenticated was: NotSignedIn
2026-04-22 19:57:39.728: [INFO][Sync] Reset engine, reason: 8
2026-04-22 19:57:39.728: [INFO][Sync] Stopped: Bookmarks
2026-04-22 19:57:39.728: [INFO][Sync] Stopped: Preferences
2026-04-22 19:57:39.728: [INFO][Sync] Stopped: Passwords
2026-04-22 19:57:39.728: [INFO][Sync] Stopped: Autofill Profiles
2026-04-22 19:57:39.728: [INFO][Sync] Stopped: Autofill
2026-04-22 19:57:39.728: [INFO][Sync] Stopped: Extensions
2026-04-22 19:57:39.728: [INFO][Sync] Stopped: Sessions
2026-04-22 19:57:39.728: [INFO][Sync] Stopped: Extension settings
2026-04-22 19:57:39.728: [INFO][Sync] Stopped: History Delete Directives
2026-04-22 19:57:39.728: [INFO][Sync] Stopped: Device Info
2026-04-22 19:57:39.728: [INFO][Sync] Stopped: User Consents
2026-04-22 19:57:39.728: [INFO][Sync] Stopped: Send Tab To Self
2026-04-22 19:57:39.728: [INFO][Sync] Stopped: Web Apps
2026-04-22 19:57:39.728: [INFO][Sync] Stopped: History
2026-04-22 19:57:39.728: [INFO][Sync] Stopped: Saved Tab Group
2026-04-22 19:57:39.728: [INFO][Sync] Stopped: WebAuthn Credentials
2026-04-22 19:57:39.728: [INFO][Sync] Stopped: Collection
2026-04-22 19:57:39.728: [INFO][Sync] Stopped: Edge E Drop
2026-04-22 19:57:39.728: [INFO][Sync] Stopped: Edge Hub App Usage
2026-04-22 19:57:39.728: [INFO][Sync] Stopped: Edge Wallet
2026-04-22 19:57:39.728: [INFO][Sync] Stopped: Edge Workspace
2026-04-22 23:12:03.977: [INFO][Sync] Reset engine, reason: 0
2026-04-23 18:01:55.870: [INFO][Sync] Reset engine, reason: 8
2026-04-23 18:01:55.870: [INFO][Sync] Stopped: Bookmarks
2026-04-23 18:01:55.871: [INFO][Sync] Stopped: Preferences
2026-04-23 18:01:55.871: [INFO][Sync] Stopped: Passwords
2026-04-23 18:01:55.871: [INFO][Sync] Stopped: Autofill Profiles
2026-04-23 18:01:55.871: [INFO][Sync] Stopped: Autofill
2026-04-23 18:01:55.871: [INFO][Sync] Stopped: Extensions
2026-04-23 18:01:55.871: [INFO][Sync] Stopped: Sessions
2026-04-23 18:01:55.871: [INFO][Sync] Stopped: Extension settings
2026-04-23 18:01:55.871: [INFO][Sync] Stopped: History Delete Directives
2026-04-23 18:01:55.871: [INFO][Sync] Stopped: Device Info
2026-04-23 18:01:55.871: [INFO][Sync] Stopped: User Consents
2026-04-23 18:01:55.871: [INFO][Sync] Stopped: Send Tab To Self
2026-04-23 18:01:55.871: [INFO][Sync] Stopped: Web Apps
2026-04-23 18:01:55.871: [INFO][Sync] Stopped: History
2026-04-23 18:01:55.871: [INFO][Sync] Stopped: Saved Tab Group
2026-04-23 18:01:55.871: [INFO][Sync] Stopped: WebAuthn Credentials
2026-04-23 18:01:55.871: [INFO][Sync] Stopped: Collection
2026-04-23 18:01:55.871: [INFO][Sync] Stopped: Edge E Drop
2026-04-23 18:01:55.871: [INFO][Sync] Stopped: Edge Hub App Usage
2026-04-23 18:01:55.871: [INFO][Sync] Stopped: Edge Wallet
2026-04-23 18:01:55.871: [INFO][Sync] Stopped: Edge Workspace
2026-04-23 18:01:55.871: [INFO][Sync] SyncState after authenticated was: NotSignedIn
2026-04-23 18:01:56.777: [INFO][Sync] Reset engine, reason: 8
2026-04-23 18:01:56.777: [INFO][Sync] Stopped: Bookmarks
2026-04-23 18:01:56.777: [INFO][Sync] Stopped: Preferences
2026-04-23 18:01:56.777: [INFO][Sync] Stopped: Passwords
2026-04-23 18:01:56.777: [INFO][Sync] Stopped: Autofill Profiles
2026-04-23 18:01:56.777: [INFO][Sync] Stopped: Autofill
2026-04-23 18:01:56.777: [INFO][Sync] Stopped: Extensions
2026-04-23 18:01:56.777: [INFO][Sync] Stopped: Sessions
2026-04-23 18:01:56.777: [INFO][Sync] Stopped: Extension settings
2026-04-23 18:01:56.777: [INFO][Sync] Stopped: History Delete Directives
2026-04-23 18:01:56.777: [INFO][Sync] Stopped: Device Info
2026-04-23 18:01:56.777: [INFO][Sync] Stopped: User Consents
2026-04-23 18:01:56.777: [INFO][Sync] Stopped: Send Tab To Self
2026-04-23 18:01:56.777: [INFO][Sync] Stopped: Web Apps
2026-04-23 18:01:56.777: [INFO][Sync] Stopped: History
2026-04-23 18:01:56.777: [INFO][Sync] Stopped: Saved Tab Group
2026-04-23 18:01:56.777: [INFO][Sync] Stopped: WebAuthn Credentials
2026-04-23 18:01:56.777: [INFO][Sync] Stopped: Collection
2026-04-23 18:01:56.777: [INFO][Sync] Stopped: Edge E Drop
2026-04-23 18:01:56.777: [INFO][Sync] Stopped: Edge Hub App Usage
2026-04-23 18:01:56.777: [INFO][Sync] Stopped: Edge Wallet
2026-04-23 18:01:56.777: [INFO][Sync] Stopped: Edge Workspace
2026-04-23 21:59:32.472: [INFO][Sync] Reset engine, reason: 0
2026-04-23 21:59:33.974: [INFO][Sync] Reset engine, reason: 8
2026-04-23 21:59:33.974: [INFO][Sync] Stopped: Bookmarks
2026-04-23 21:59:33.974: [INFO][Sync] Stopped: Preferences
2026-04-23 21:59:33.974: [INFO][Sync] Stopped: Passwords
2026-04-23 21:59:33.974: [INFO][Sync] Stopped: Autofill Profiles
2026-04-23 21:59:33.974: [INFO][Sync] Stopped: Autofill
2026-04-23 21:59:33.974: [INFO][Sync] Stopped: Extensions
2026-04-23 21:59:33.974: [INFO][Sync] Stopped: Sessions
2026-04-23 21:59:33.974: [INFO][Sync] Stopped: Extension settings
2026-04-23 21:59:33.974: [INFO][Sync] Stopped: History Delete Directives
2026-04-23 21:59:33.974: [INFO][Sync] Stopped: Device Info
2026-04-23 21:59:33.974: [INFO][Sync] Stopped: User Consents
2026-04-23 21:59:33.974: [INFO][Sync] Stopped: Send Tab To Self
2026-04-23 21:59:33.974: [INFO][Sync] Stopped: Web Apps
2026-04-23 21:59:33.974: [INFO][Sync] Stopped: History
2026-04-23 21:59:33.974: [INFO][Sync] Stopped: Saved Tab Group
2026-04-23 21:59:33.974: [INFO][Sync] Stopped: WebAuthn Credentials
2026-04-23 21:59:33.974: [INFO][Sync] Stopped: Collection
2026-04-23 21:59:33.974: [INFO][Sync] Stopped: Edge E Drop
2026-04-23 21:59:33.974: [INFO][Sync] Stopped: Edge Hub App Usage
2026-04-23 21:59:33.974: [INFO][Sync] Stopped: Edge Wallet
2026-04-23 21:59:33.974: [INFO][Sync] Stopped: Edge Workspace
2026-04-23 21:59:33.975: [INFO][Sync] SyncState after authenticated was: NotSignedIn
2026-04-23 21:59:34.588: [INFO][Sync] Reset engine, reason: 8
2026-04-23 21:59:34.589: [INFO][Sync] Stopped: Bookmarks
2026-04-23 21:59:34.589: [INFO][Sync] Stopped: Preferences
2026-04-23 21:59:34.589: [INFO][Sync] Stopped: Passwords
2026-04-23 21:59:34.589: [INFO][Sync] Stopped: Autofill Profiles
2026-04-23 21:59:34.589: [INFO][Sync] Stopped: Autofill
2026-04-23 21:59:34.589: [INFO][Sync] Stopped: Extensions
2026-04-23 21:59:34.589: [INFO][Sync] Stopped: Sessions
2026-04-23 21:59:34.589: [INFO][Sync] Stopped: Extension settings
2026-04-23 21:59:34.589: [INFO][Sync] Stopped: History Delete Directives
2026-04-23 21:59:34.589: [INFO][Sync] Stopped: Device Info
2026-04-23 21:59:34.589: [INFO][Sync] Stopped: User Consents
2026-04-23 21:59:34.589: [INFO][Sync] Stopped: Send Tab To Self
2026-04-23 21:59:34.589: [INFO][Sync] Stopped: Web Apps
2026-04-23 21:59:34.589: [INFO][Sync] Stopped: History
2026-04-23 21:59:34.589: [INFO][Sync] Stopped: Saved Tab Group
2026-04-23 21:59:34.589: [INFO][Sync] Stopped: WebAuthn Credentials
2026-04-23 21:59:34.589: [INFO][Sync] Stopped: Collection
2026-04-23 21:59:34.589: [INFO][Sync] Stopped: Edge E Drop
2026-04-23 21:59:34.589: [INFO][Sync] Stopped: Edge Hub App Usage
2026-04-23 21:59:34.589: [INFO][Sync] Stopped: Edge Wallet
2026-04-23 21:59:34.589: [INFO][Sync] Stopped: Edge Workspace
2026-04-23 22:29:22.814: [INFO][Sync] Reset engine, reason: 0
2026-04-23 22:29:33.079: [INFO][Sync] Reset engine, reason: 8
2026-04-23 22:29:33.079: [INFO][Sync] Stopped: Bookmarks
2026-04-23 22:29:33.079: [INFO][Sync] Stopped: Preferences
2026-04-23 22:29:33.079: [INFO][Sync] Stopped: Passwords
2026-04-23 22:29:33.079: [INFO][Sync] Stopped: Autofill Profiles
2026-04-23 22:29:33.079: [INFO][Sync] Stopped: Autofill
2026-04-23 22:29:33.079: [INFO][Sync] Stopped: Extensions
2026-04-23 22:29:33.079: [INFO][Sync] Stopped: Sessions
2026-04-23 22:29:33.079: [INFO][Sync] Stopped: Extension settings
2026-04-23 22:29:33.079: [INFO][Sync] Stopped: History Delete Directives
2026-04-23 22:29:33.079: [INFO][Sync] Stopped: Device Info
2026-04-23 22:29:33.079: [INFO][Sync] Stopped: User Consents
2026-04-23 22:29:33.080: [INFO][Sync] Stopped: Send Tab To Self
2026-04-23 22:29:33.080: [INFO][Sync] Stopped: Web Apps
2026-04-23 22:29:33.080: [INFO][Sync] Stopped: History
2026-04-23 22:29:33.080: [INFO][Sync] Stopped: Saved Tab Group
2026-04-23 22:29:33.080: [INFO][Sync] Stopped: WebAuthn Credentials
2026-04-23 22:29:33.080: [INFO][Sync] Stopped: Collection
2026-04-23 22:29:33.080: [INFO][Sync] Stopped: Edge E Drop
2026-04-23 22:29:33.080: [INFO][Sync] Stopped: Edge Hub App Usage
2026-04-23 22:29:33.080: [INFO][Sync] Stopped: Edge Wallet
2026-04-23 22:29:33.080: [INFO][Sync] Stopped: Edge Workspace
2026-04-23 22:29:33.080: [INFO][Sync] SyncState after authenticated was: NotSignedIn
2026-04-23 22:29:37.006: [INFO][Sync] Reset engine, reason: 8
2026-04-23 22:29:37.006: [INFO][Sync] Stopped: Bookmarks
2026-04-23 22:29:37.006: [INFO][Sync] Stopped: Preferences
2026-04-23 22:29:37.006: [INFO][Sync] Stopped: Passwords
2026-04-23 22:29:37.006: [INFO][Sync] Stopped: Autofill Profiles
2026-04-23 22:29:37.006: [INFO][Sync] Stopped: Autofill
2026-04-23 22:29:37.006: [INFO][Sync] Stopped: Extensions
2026-04-23 22:29:37.006: [INFO][Sync] Stopped: Sessions
2026-04-23 22:29:37.006: [INFO][Sync] Stopped: Extension settings
2026-04-23 22:29:37.006: [INFO][Sync] Stopped: History Delete Directives
2026-04-23 22:29:37.006: [INFO][Sync] Stopped: Device Info
2026-04-23 22:29:37.006: [INFO][Sync] Stopped: User Consents
2026-04-23 22:29:37.006: [INFO][Sync] Stopped: Send Tab To Self
2026-04-23 22:29:37.006: [INFO][Sync] Stopped: Web Apps
2026-04-23 22:29:37.006: [INFO][Sync] Stopped: History
2026-04-23 22:29:37.006: [INFO][Sync] Stopped: Saved Tab Group
2026-04-23 22:29:37.006: [INFO][Sync] Stopped: WebAuthn Credentials
2026-04-23 22:29:37.006: [INFO][Sync] Stopped: Collection
2026-04-23 22:29:37.006: [INFO][Sync] Stopped: Edge E Drop
2026-04-23 22:29:37.006: [INFO][Sync] Stopped: Edge Hub App Usage
2026-04-23 22:29:37.006: [INFO][Sync] Stopped: Edge Wallet
2026-04-23 22:29:37.006: [INFO][Sync] Stopped: Edge Workspace
2026-04-23 22:46:24.441: [INFO][Sync] Reset engine, reason: 0
2026-04-23 22:46:32.344: [INFO][Sync] Reset engine, reason: 8
2026-04-23 22:46:32.344: [INFO][Sync] Stopped: Bookmarks
2026-04-23 22:46:32.344: [INFO][Sync] Stopped: Preferences
2026-04-23 22:46:32.344: [INFO][Sync] Stopped: Passwords
2026-04-23 22:46:32.344: [INFO][Sync] Stopped: Autofill Profiles
2026-04-23 22:46:32.344: [INFO][Sync] Stopped: Autofill
2026-04-23 22:46:32.344: [INFO][Sync] Stopped: Extensions
2026-04-23 22:46:32.344: [INFO][Sync] Stopped: Sessions
2026-04-23 22:46:32.344: [INFO][Sync] Stopped: Extension settings
2026-04-23 22:46:32.344: [INFO][Sync] Stopped: History Delete Directives
2026-04-23 22:46:32.344: [INFO][Sync] Stopped: Device Info
2026-04-23 22:46:32.344: [INFO][Sync] Stopped: User Consents
2026-04-23 22:46:32.344: [INFO][Sync] Stopped: Send Tab To Self
2026-04-23 22:46:32.344: [INFO][Sync] Stopped: Web Apps
2026-04-23 22:46:32.344: [INFO][Sync] Stopped: History
2026-04-23 22:46:32.344: [INFO][Sync] Stopped: Saved Tab Group
2026-04-23 22:46:32.344: [INFO][Sync] Stopped: WebAuthn Credentials
2026-04-23 22:46:32.344: [INFO][Sync] Stopped: Collection
2026-04-23 22:46:32.344: [INFO][Sync] Stopped: Edge E Drop
2026-04-23 22:46:32.344: [INFO][Sync] Stopped: Edge Hub App Usage
2026-04-23 22:46:32.344: [INFO][Sync] Stopped: Edge Wallet
2026-04-23 22:46:32.344: [INFO][Sync] Stopped: Edge Workspace
2026-04-23 22:46:32.345: [INFO][Sync] SyncState after authenticated was: NotSignedIn
2026-04-23 22:46:34.352: [INFO][Sync] Reset engine, reason: 8
2026-04-23 22:46:34.352: [INFO][Sync] Stopped: Bookmarks
2026-04-23 22:46:34.352: [INFO][Sync] Stopped: Preferences
2026-04-23 22:46:34.352: [INFO][Sync] Stopped: Passwords
2026-04-23 22:46:34.352: [INFO][Sync] Stopped: Autofill Profiles
2026-04-23 22:46:34.352: [INFO][Sync] Stopped: Autofill
2026-04-23 22:46:34.352: [INFO][Sync] Stopped: Extensions
2026-04-23 22:46:34.352: [INFO][Sync] Stopped: Sessions
2026-04-23 22:46:34.352: [INFO][Sync] Stopped: Extension settings
2026-04-23 22:46:34.352: [INFO][Sync] Stopped: History Delete Directives
2026-04-23 22:46:34.352: [INFO][Sync] Stopped: Device Info
2026-04-23 22:46:34.352: [INFO][Sync] Stopped: User Consents
2026-04-23 22:46:34.352: [INFO][Sync] Stopped: Send Tab To Self
2026-04-23 22:46:34.352: [INFO][Sync] Stopped: Web Apps
2026-04-23 22:46:34.352: [INFO][Sync] Stopped: History
2026-04-23 22:46:34.352: [INFO][Sync] Stopped: Saved Tab Group
2026-04-23 22:46:34.352: [INFO][Sync] Stopped: WebAuthn Credentials
2026-04-23 22:46:34.352: [INFO][Sync] Stopped: Collection
2026-04-23 22:46:34.352: [INFO][Sync] Stopped: Edge E Drop
2026-04-23 22:46:34.352: [INFO][Sync] Stopped: Edge Hub App Usage
2026-04-23 22:46:34.352: [INFO][Sync] Stopped: Edge Wallet
2026-04-23 22:46:34.352: [INFO][Sync] Stopped: Edge Workspace
2026-04-23 23:00:06.949: [INFO][Sync] Reset engine, reason: 0
2026-04-23 23:00:17.540: [INFO][Sync] Reset engine, reason: 8
2026-04-23 23:00:17.540: [INFO][Sync] Stopped: Bookmarks
2026-04-23 23:00:17.540: [INFO][Sync] Stopped: Preferences
2026-04-23 23:00:17.540: [INFO][Sync] Stopped: Passwords
2026-04-23 23:00:17.540: [INFO][Sync] Stopped: Autofill Profiles
2026-04-23 23:00:17.540: [INFO][Sync] Stopped: Autofill
2026-04-23 23:00:17.540: [INFO][Sync] Stopped: Extensions
2026-04-23 23:00:17.540: [INFO][Sync] Stopped: Sessions
2026-04-23 23:00:17.540: [INFO][Sync] Stopped: Extension settings
2026-04-23 23:00:17.540: [INFO][Sync] Stopped: History Delete Directives
2026-04-23 23:00:17.540: [INFO][Sync] Stopped: Device Info
2026-04-23 23:00:17.540: [INFO][Sync] Stopped: User Consents
2026-04-23 23:00:17.540: [INFO][Sync] Stopped: Send Tab To Self
2026-04-23 23:00:17.540: [INFO][Sync] Stopped: Web Apps
2026-04-23 23:00:17.540: [INFO][Sync] Stopped: History
2026-04-23 23:00:17.540: [INFO][Sync] Stopped: Saved Tab Group
2026-04-23 23:00:17.540: [INFO][Sync] Stopped: WebAuthn Credentials
2026-04-23 23:00:17.540: [INFO][Sync] Stopped: Collection
2026-04-23 23:00:17.541: [INFO][Sync] Stopped: Edge E Drop
2026-04-23 23:00:17.541: [INFO][Sync] Stopped: Edge Hub App Usage
2026-04-23 23:00:17.541: [INFO][Sync] Stopped: Edge Wallet
2026-04-23 23:00:17.541: [INFO][Sync] Stopped: Edge Workspace
2026-04-23 23:00:17.541: [INFO][Sync] SyncState after authenticated was: NotSignedIn
2026-04-23 23:00:20.705: [INFO][Sync] Reset engine, reason: 8
2026-04-23 23:00:20.706: [INFO][Sync] Stopped: Bookmarks
2026-04-23 23:00:20.706: [INFO][Sync] Stopped: Preferences
2026-04-23 23:00:20.706: [INFO][Sync] Stopped: Passwords
2026-04-23 23:00:20.706: [INFO][Sync] Stopped: Autofill Profiles
2026-04-23 23:00:20.707: [INFO][Sync] Stopped: Autofill
2026-04-23 23:00:20.707: [INFO][Sync] Stopped: Extensions
2026-04-23 23:00:20.707: [INFO][Sync] Stopped: Sessions
2026-04-23 23:00:20.707: [INFO][Sync] Stopped: Extension settings
2026-04-23 23:00:20.707: [INFO][Sync] Stopped: History Delete Directives
2026-04-23 23:00:20.707: [INFO][Sync] Stopped: Device Info
2026-04-23 23:00:20.707: [INFO][Sync] Stopped: User Consents
2026-04-23 23:00:20.707: [INFO][Sync] Stopped: Send Tab To Self
2026-04-23 23:00:20.707: [INFO][Sync] Stopped: Web Apps
2026-04-23 23:00:20.707: [INFO][Sync] Stopped: History
2026-04-23 23:00:20.707: [INFO][Sync] Stopped: Saved Tab Group
2026-04-23 23:00:20.707: [INFO][Sync] Stopped: WebAuthn Credentials
2026-04-23 23:00:20.707: [INFO][Sync] Stopped: Collection
2026-04-23 23:00:20.707: [INFO][Sync] Stopped: Edge E Drop
2026-04-23 23:00:20.707: [INFO][Sync] Stopped: Edge Hub App Usage
2026-04-23 23:00:20.707: [INFO][Sync] Stopped: Edge Wallet
2026-04-23 23:00:20.707: [INFO][Sync] Stopped: Edge Workspace
2026-04-23 23:23:13.927: [INFO][Sync] Reset engine, reason: 0
2026-04-23 23:23:20.670: [INFO][Sync] Reset engine, reason: 8
2026-04-23 23:23:20.670: [INFO][Sync] Stopped: Bookmarks
2026-04-23 23:23:20.670: [INFO][Sync] Stopped: Preferences
2026-04-23 23:23:20.670: [INFO][Sync] Stopped: Passwords
2026-04-23 23:23:20.670: [INFO][Sync] Stopped: Autofill Profiles
2026-04-23 23:23:20.670: [INFO][Sync] Stopped: Autofill
2026-04-23 23:23:20.670: [INFO][Sync] Stopped: Extensions
2026-04-23 23:23:20.670: [INFO][Sync] Stopped: Sessions
2026-04-23 23:23:20.670: [INFO][Sync] Stopped: Extension settings
2026-04-23 23:23:20.670: [INFO][Sync] Stopped: History Delete Directives
2026-04-23 23:23:20.670: [INFO][Sync] Stopped: Device Info
2026-04-23 23:23:20.670: [INFO][Sync] Stopped: User Consents
2026-04-23 23:23:20.670: [INFO][Sync] Stopped: Send Tab To Self
2026-04-23 23:23:20.670: [INFO][Sync] Stopped: Web Apps
2026-04-23 23:23:20.670: [INFO][Sync] Stopped: History
2026-04-23 23:23:20.671: [INFO][Sync] Stopped: Saved Tab Group
2026-04-23 23:23:20.671: [INFO][Sync] Stopped: WebAuthn Credentials
2026-04-23 23:23:20.671: [INFO][Sync] Stopped: Collection
2026-04-23 23:23:20.671: [INFO][Sync] Stopped: Edge E Drop
2026-04-23 23:23:20.671: [INFO][Sync] Stopped: Edge Hub App Usage
2026-04-23 23:23:20.671: [INFO][Sync] Stopped: Edge Wallet
2026-04-23 23:23:20.671: [INFO][Sync] Stopped: Edge Workspace
2026-04-23 23:23:20.671: [INFO][Sync] SyncState after authenticated was: NotSignedIn
2026-04-23 23:23:23.084: [INFO][Sync] Reset engine, reason: 8
2026-04-23 23:23:23.084: [INFO][Sync] Stopped: Bookmarks
2026-04-23 23:23:23.084: [INFO][Sync] Stopped: Preferences
2026-04-23 23:23:23.084: [INFO][Sync] Stopped: Passwords
2026-04-23 23:23:23.085: [INFO][Sync] Stopped: Autofill Profiles
2026-04-23 23:23:23.085: [INFO][Sync] Stopped: Autofill
2026-04-23 23:23:23.085: [INFO][Sync] Stopped: Extensions
2026-04-23 23:23:23.085: [INFO][Sync] Stopped: Sessions
2026-04-23 23:23:23.085: [INFO][Sync] Stopped: Extension settings
2026-04-23 23:23:23.085: [INFO][Sync] Stopped: History Delete Directives
2026-04-23 23:23:23.085: [INFO][Sync] Stopped: Device Info
2026-04-23 23:23:23.085: [INFO][Sync] Stopped: User Consents
2026-04-23 23:23:23.085: [INFO][Sync] Stopped: Send Tab To Self
2026-04-23 23:23:23.085: [INFO][Sync] Stopped: Web Apps
2026-04-23 23:23:23.085: [INFO][Sync] Stopped: History
2026-04-23 23:23:23.085: [INFO][Sync] Stopped: Saved Tab Group
2026-04-23 23:23:23.085: [INFO][Sync] Stopped: WebAuthn Credentials
2026-04-23 23:23:23.085: [INFO][Sync] Stopped: Collection
2026-04-23 23:23:23.085: [INFO][Sync] Stopped: Edge E Drop
2026-04-23 23:23:23.085: [INFO][Sync] Stopped: Edge Hub App Usage
2026-04-23 23:23:23.085: [INFO][Sync] Stopped: Edge Wallet
2026-04-23 23:23:23.085: [INFO][Sync] Stopped: Edge Workspace
2026-04-23 23:36:25.686: [INFO][Sync] Reset engine, reason: 0
2026-04-23 23:36:36.160: [INFO][Sync] Reset engine, reason: 8
2026-04-23 23:36:36.160: [INFO][Sync] Stopped: Bookmarks
2026-04-23 23:36:36.160: [INFO][Sync] Stopped: Preferences
2026-04-23 23:36:36.160: [INFO][Sync] Stopped: Passwords
2026-04-23 23:36:36.160: [INFO][Sync] Stopped: Autofill Profiles
2026-04-23 23:36:36.160: [INFO][Sync] Stopped: Autofill
2026-04-23 23:36:36.160: [INFO][Sync] Stopped: Extensions
2026-04-23 23:36:36.160: [INFO][Sync] Stopped: Sessions
2026-04-23 23:36:36.161: [INFO][Sync] Stopped: Extension settings
2026-04-23 23:36:36.161: [INFO][Sync] Stopped: History Delete Directives
2026-04-23 23:36:36.161: [INFO][Sync] Stopped: Device Info
2026-04-23 23:36:36.161: [INFO][Sync] Stopped: User Consents
2026-04-23 23:36:36.161: [INFO][Sync] Stopped: Send Tab To Self
2026-04-23 23:36:36.161: [INFO][Sync] Stopped: Web Apps
2026-04-23 23:36:36.161: [INFO][Sync] Stopped: History
2026-04-23 23:36:36.161: [INFO][Sync] Stopped: Saved Tab Group
2026-04-23 23:36:36.161: [INFO][Sync] Stopped: WebAuthn Credentials
2026-04-23 23:36:36.161: [INFO][Sync] Stopped: Collection
2026-04-23 23:36:36.161: [INFO][Sync] Stopped: Edge E Drop
2026-04-23 23:36:36.161: [INFO][Sync] Stopped: Edge Hub App Usage
2026-04-23 23:36:36.161: [INFO][Sync] Stopped: Edge Wallet
2026-04-23 23:36:36.161: [INFO][Sync] Stopped: Edge Workspace
2026-04-23 23:36:36.161: [INFO][Sync] SyncState after authenticated was: NotSignedIn
2026-04-23 23:36:38.548: [INFO][Sync] Reset engine, reason: 8
2026-04-23 23:36:38.548: [INFO][Sync] Stopped: Bookmarks
2026-04-23 23:36:38.548: [INFO][Sync] Stopped: Preferences
2026-04-23 23:36:38.548: [INFO][Sync] Stopped: Passwords
2026-04-23 23:36:38.548: [INFO][Sync] Stopped: Autofill Profiles
2026-04-23 23:36:38.548: [INFO][Sync] Stopped: Autofill
2026-04-23 23:36:38.548: [INFO][Sync] Stopped: Extensions
2026-04-23 23:36:38.548: [INFO][Sync] Stopped: Sessions
2026-04-23 23:36:38.548: [INFO][Sync] Stopped: Extension settings
2026-04-23 23:36:38.548: [INFO][Sync] Stopped: History Delete Directives
2026-04-23 23:36:38.548: [INFO][Sync] Stopped: Device Info
2026-04-23 23:36:38.548: [INFO][Sync] Stopped: User Consents
2026-04-23 23:36:38.548: [INFO][Sync] Stopped: Send Tab To Self
2026-04-23 23:36:38.548: [INFO][Sync] Stopped: Web Apps
2026-04-23 23:36:38.548: [INFO][Sync] Stopped: History
2026-04-23 23:36:38.548: [INFO][Sync] Stopped: Saved Tab Group
2026-04-23 23:36:38.548: [INFO][Sync] Stopped: WebAuthn Credentials
2026-04-23 23:36:38.548: [INFO][Sync] Stopped: Collection
2026-04-23 23:36:38.548: [INFO][Sync] Stopped: Edge E Drop
2026-04-23 23:36:38.548: [INFO][Sync] Stopped: Edge Hub App Usage
2026-04-23 23:36:38.548: [INFO][Sync] Stopped: Edge Wallet
2026-04-23 23:36:38.548: [INFO][Sync] Stopped: Edge Workspace
2026-04-24 00:12:46.731: [INFO][Sync] Reset engine, reason: 0
2026-04-24 00:12:52.693: [INFO][Sync] Reset engine, reason: 8
2026-04-24 00:12:52.693: [INFO][Sync] Stopped: Bookmarks
2026-04-24 00:12:52.693: [INFO][Sync] Stopped: Preferences
2026-04-24 00:12:52.694: [INFO][Sync] Stopped: Passwords
2026-04-24 00:12:52.694: [INFO][Sync] Stopped: Autofill Profiles
2026-04-24 00:12:52.694: [INFO][Sync] Stopped: Autofill
2026-04-24 00:12:52.694: [INFO][Sync] Stopped: Extensions
2026-04-24 00:12:52.694: [INFO][Sync] Stopped: Sessions
2026-04-24 00:12:52.694: [INFO][Sync] Stopped: Extension settings
2026-04-24 00:12:52.694: [INFO][Sync] Stopped: History Delete Directives
2026-04-24 00:12:52.694: [INFO][Sync] Stopped: Device Info
2026-04-24 00:12:52.694: [INFO][Sync] Stopped: User Consents
2026-04-24 00:12:52.694: [INFO][Sync] Stopped: Send Tab To Self
2026-04-24 00:12:52.694: [INFO][Sync] Stopped: Web Apps
2026-04-24 00:12:52.694: [INFO][Sync] Stopped: History
2026-04-24 00:12:52.694: [INFO][Sync] Stopped: Saved Tab Group
2026-04-24 00:12:52.694: [INFO][Sync] Stopped: WebAuthn Credentials
2026-04-24 00:12:52.694: [INFO][Sync] Stopped: Collection
2026-04-24 00:12:52.694: [INFO][Sync] Stopped: Edge E Drop
2026-04-24 00:12:52.694: [INFO][Sync] Stopped: Edge Hub App Usage
2026-04-24 00:12:52.694: [INFO][Sync] Stopped: Edge Wallet
2026-04-24 00:12:52.694: [INFO][Sync] Stopped: Edge Workspace
2026-04-24 00:12:52.694: [INFO][Sync] SyncState after authenticated was: NotSignedIn
2026-04-24 00:12:52.774: [INFO][Sync] Reset engine, reason: 8
2026-04-24 00:12:52.774: [INFO][Sync] Stopped: Bookmarks
2026-04-24 00:12:52.774: [INFO][Sync] Stopped: Preferences
2026-04-24 00:12:52.774: [INFO][Sync] Stopped: Passwords
2026-04-24 00:12:52.774: [INFO][Sync] Stopped: Autofill Profiles
2026-04-24 00:12:52.774: [INFO][Sync] Stopped: Autofill
2026-04-24 00:12:52.774: [INFO][Sync] Stopped: Extensions
2026-04-24 00:12:52.774: [INFO][Sync] Stopped: Sessions
2026-04-24 00:12:52.774: [INFO][Sync] Stopped: Extension settings
2026-04-24 00:12:52.774: [INFO][Sync] Stopped: History Delete Directives
2026-04-24 00:12:52.774: [INFO][Sync] Stopped: Device Info
2026-04-24 00:12:52.774: [INFO][Sync] Stopped: User Consents
2026-04-24 00:12:52.774: [INFO][Sync] Stopped: Send Tab To Self
2026-04-24 00:12:52.774: [INFO][Sync] Stopped: Web Apps
2026-04-24 00:12:52.774: [INFO][Sync] Stopped: History
2026-04-24 00:12:52.774: [INFO][Sync] Stopped: Saved Tab Group
2026-04-24 00:12:52.774: [INFO][Sync] Stopped: WebAuthn Credentials
2026-04-24 00:12:52.774: [INFO][Sync] Stopped: Collection
2026-04-24 00:12:52.774: [INFO][Sync] Stopped: Edge E Drop
2026-04-24 00:12:52.774: [INFO][Sync] Stopped: Edge Hub App Usage
2026-04-24 00:12:52.774: [INFO][Sync] Stopped: Edge Wallet
2026-04-24 00:12:52.774: [INFO][Sync] Stopped: Edge Workspace
2026-04-24 00:53:14.321: [INFO][Sync] Reset engine, reason: 0
2026-04-24 17:00:32.809: [INFO][Sync] Reset engine, reason: 8
2026-04-24 17:00:32.809: [INFO][Sync] Stopped: Bookmarks
2026-04-24 17:00:32.809: [INFO][Sync] Stopped: Preferences
2026-04-24 17:00:32.809: [INFO][Sync] Stopped: Passwords
2026-04-24 17:00:32.809: [INFO][Sync] Stopped: Autofill Profiles
2026-04-24 17:00:32.809: [INFO][Sync] Stopped: Autofill
2026-04-24 17:00:32.809: [INFO][Sync] Stopped: Extensions
2026-04-24 17:00:32.809: [INFO][Sync] Stopped: Sessions
2026-04-24 17:00:32.809: [INFO][Sync] Stopped: Extension settings
2026-04-24 17:00:32.809: [INFO][Sync] Stopped: History Delete Directives
2026-04-24 17:00:32.810: [INFO][Sync] Stopped: Device Info
2026-04-24 17:00:32.810: [INFO][Sync] Stopped: User Consents
2026-04-24 17:00:32.810: [INFO][Sync] Stopped: Send Tab To Self
2026-04-24 17:00:32.810: [INFO][Sync] Stopped: Web Apps
2026-04-24 17:00:32.810: [INFO][Sync] Stopped: History
2026-04-24 17:00:32.810: [INFO][Sync] Stopped: Saved Tab Group
2026-04-24 17:00:32.810: [INFO][Sync] Stopped: WebAuthn Credentials
2026-04-24 17:00:32.810: [INFO][Sync] Stopped: Collection
2026-04-24 17:00:32.810: [INFO][Sync] Stopped: Edge E Drop
2026-04-24 17:00:32.810: [INFO][Sync] Stopped: Edge Hub App Usage
2026-04-24 17:00:32.810: [INFO][Sync] Stopped: Edge Wallet
2026-04-24 17:00:32.810: [INFO][Sync] Stopped: Edge Workspace
2026-04-24 17:00:32.810: [INFO][Sync] SyncState after authenticated was: NotSignedIn
2026-04-24 17:00:33.419: [INFO][Sync] Reset engine, reason: 8
2026-04-24 17:00:33.420: [INFO][Sync] Stopped: Bookmarks
2026-04-24 17:00:33.420: [INFO][Sync] Stopped: Preferences
2026-04-24 17:00:33.420: [INFO][Sync] Stopped: Passwords
2026-04-24 17:00:33.420: [INFO][Sync] Stopped: Autofill Profiles
2026-04-24 17:00:33.420: [INFO][Sync] Stopped: Autofill
2026-04-24 17:00:33.420: [INFO][Sync] Stopped: Extensions
2026-04-24 17:00:33.420: [INFO][Sync] Stopped: Sessions
2026-04-24 17:00:33.420: [INFO][Sync] Stopped: Extension settings
2026-04-24 17:00:33.420: [INFO][Sync] Stopped: History Delete Directives
2026-04-24 17:00:33.420: [INFO][Sync] Stopped: Device Info
2026-04-24 17:00:33.420: [INFO][Sync] Stopped: User Consents
2026-04-24 17:00:33.420: [INFO][Sync] Stopped: Send Tab To Self
2026-04-24 17:00:33.420: [INFO][Sync] Stopped: Web Apps
2026-04-24 17:00:33.420: [INFO][Sync] Stopped: History
2026-04-24 17:00:33.420: [INFO][Sync] Stopped: Saved Tab Group
2026-04-24 17:00:33.420: [INFO][Sync] Stopped: WebAuthn Credentials
2026-04-24 17:00:33.420: [INFO][Sync] Stopped: Collection
2026-04-24 17:00:33.420: [INFO][Sync] Stopped: Edge E Drop
2026-04-24 17:00:33.420: [INFO][Sync] Stopped: Edge Hub App Usage
2026-04-24 17:00:33.420: [INFO][Sync] Stopped: Edge Wallet
2026-04-24 17:00:33.420: [INFO][Sync] Stopped: Edge Workspace
2026-04-24 19:23:48.331: [INFO][Sync] Reset engine, reason: 0
2026-04-24 19:23:50.948: [INFO][Sync] Reset engine, reason: 8
2026-04-24 19:23:50.948: [INFO][Sync] Stopped: Bookmarks
2026-04-24 19:23:50.948: [INFO][Sync] Stopped: Preferences
2026-04-24 19:23:50.948: [INFO][Sync] Stopped: Passwords
2026-04-24 19:23:50.948: [INFO][Sync] Stopped: Autofill Profiles
2026-04-24 19:23:50.948: [INFO][Sync] Stopped: Autofill
2026-04-24 19:23:50.948: [INFO][Sync] Stopped: Extensions
2026-04-24 19:23:50.948: [INFO][Sync] Stopped: Sessions
2026-04-24 19:23:50.948: [INFO][Sync] Stopped: Extension settings
2026-04-24 19:23:50.948: [INFO][Sync] Stopped: History Delete Directives
2026-04-24 19:23:50.948: [INFO][Sync] Stopped: Device Info
2026-04-24 19:23:50.948: [INFO][Sync] Stopped: User Consents
2026-04-24 19:23:50.948: [INFO][Sync] Stopped: Send Tab To Self
2026-04-24 19:23:50.948: [INFO][Sync] Stopped: Web Apps
2026-04-24 19:23:50.948: [INFO][Sync] Stopped: History
2026-04-24 19:23:50.948: [INFO][Sync] Stopped: Saved Tab Group
2026-04-24 19:23:50.948: [INFO][Sync] Stopped: WebAuthn Credentials
2026-04-24 19:23:50.949: [INFO][Sync] Stopped: Collection
2026-04-24 19:23:50.949: [INFO][Sync] Stopped: Edge E Drop
2026-04-24 19:23:50.949: [INFO][Sync] Stopped: Edge Hub App Usage
2026-04-24 19:23:50.949: [INFO][Sync] Stopped: Edge Wallet
2026-04-24 19:23:50.949: [INFO][Sync] Stopped: Edge Workspace
2026-04-24 19:23:50.949: [INFO][Sync] SyncState after authenticated was: NotSignedIn
2026-04-24 19:23:52.117: [INFO][Sync] Reset engine, reason: 8
2026-04-24 19:23:52.117: [INFO][Sync] Stopped: Bookmarks
2026-04-24 19:23:52.117: [INFO][Sync] Stopped: Preferences
2026-04-24 19:23:52.117: [INFO][Sync] Stopped: Passwords
2026-04-24 19:23:52.117: [INFO][Sync] Stopped: Autofill Profiles
2026-04-24 19:23:52.117: [INFO][Sync] Stopped: Autofill
2026-04-24 19:23:52.117: [INFO][Sync] Stopped: Extensions
2026-04-24 19:23:52.117: [INFO][Sync] Stopped: Sessions
2026-04-24 19:23:52.117: [INFO][Sync] Stopped: Extension settings
2026-04-24 19:23:52.117: [INFO][Sync] Stopped: History Delete Directives
2026-04-24 19:23:52.117: [INFO][Sync] Stopped: Device Info
2026-04-24 19:23:52.117: [INFO][Sync] Stopped: User Consents
2026-04-24 19:23:52.117: [INFO][Sync] Stopped: Send Tab To Self
2026-04-24 19:23:52.117: [INFO][Sync] Stopped: Web Apps
2026-04-24 19:23:52.117: [INFO][Sync] Stopped: History
2026-04-24 19:23:52.117: [INFO][Sync] Stopped: Saved Tab Group
2026-04-24 19:23:52.117: [INFO][Sync] Stopped: WebAuthn Credentials
2026-04-24 19:23:52.117: [INFO][Sync] Stopped: Collection
2026-04-24 19:23:52.117: [INFO][Sync] Stopped: Edge E Drop
2026-04-24 19:23:52.117: [INFO][Sync] Stopped: Edge Hub App Usage
2026-04-24 19:23:52.117: [INFO][Sync] Stopped: Edge Wallet
2026-04-24 19:23:52.117: [INFO][Sync] Stopped: Edge Workspace
2026-04-24 19:24:13.447: [INFO][Sync] Reset engine, reason: 0
2026-04-24 19:24:19.764: [INFO][Sync] Reset engine, reason: 8
2026-04-24 19:24:19.764: [INFO][Sync] Stopped: Bookmarks
2026-04-24 19:24:19.764: [INFO][Sync] Stopped: Preferences
2026-04-24 19:24:19.764: [INFO][Sync] Stopped: Passwords
2026-04-24 19:24:19.764: [INFO][Sync] Stopped: Autofill Profiles
2026-04-24 19:24:19.764: [INFO][Sync] Stopped: Autofill
2026-04-24 19:24:19.764: [INFO][Sync] Stopped: Extensions
2026-04-24 19:24:19.764: [INFO][Sync] Stopped: Sessions
2026-04-24 19:24:19.764: [INFO][Sync] Stopped: Extension settings
2026-04-24 19:24:19.764: [INFO][Sync] Stopped: History Delete Directives
2026-04-24 19:24:19.764: [INFO][Sync] Stopped: Device Info
2026-04-24 19:24:19.764: [INFO][Sync] Stopped: User Consents
2026-04-24 19:24:19.764: [INFO][Sync] Stopped: Send Tab To Self
2026-04-24 19:24:19.764: [INFO][Sync] Stopped: Web Apps
2026-04-24 19:24:19.764: [INFO][Sync] Stopped: History
2026-04-24 19:24:19.764: [INFO][Sync] Stopped: Saved Tab Group
2026-04-24 19:24:19.764: [INFO][Sync] Stopped: WebAuthn Credentials
2026-04-24 19:24:19.764: [INFO][Sync] Stopped: Collection
2026-04-24 19:24:19.764: [INFO][Sync] Stopped: Edge E Drop
2026-04-24 19:24:19.764: [INFO][Sync] Stopped: Edge Hub App Usage
2026-04-24 19:24:19.764: [INFO][Sync] Stopped: Edge Wallet
2026-04-24 19:24:19.764: [INFO][Sync] Stopped: Edge Workspace
2026-04-24 19:24:19.765: [INFO][Sync] SyncState after authenticated was: NotSignedIn
2026-04-24 19:24:20.617: [INFO][Sync] Reset engine, reason: 8
2026-04-24 19:24:20.617: [INFO][Sync] Stopped: Bookmarks
2026-04-24 19:24:20.617: [INFO][Sync] Stopped: Preferences
2026-04-24 19:24:20.617: [INFO][Sync] Stopped: Passwords
2026-04-24 19:24:20.617: [INFO][Sync] Stopped: Autofill Profiles
2026-04-24 19:24:20.617: [INFO][Sync] Stopped: Autofill
2026-04-24 19:24:20.617: [INFO][Sync] Stopped: Extensions
2026-04-24 19:24:20.617: [INFO][Sync] Stopped: Sessions
2026-04-24 19:24:20.617: [INFO][Sync] Stopped: Extension settings
2026-04-24 19:24:20.617: [INFO][Sync] Stopped: History Delete Directives
2026-04-24 19:24:20.617: [INFO][Sync] Stopped: Device Info
2026-04-24 19:24:20.617: [INFO][Sync] Stopped: User Consents
2026-04-24 19:24:20.617: [INFO][Sync] Stopped: Send Tab To Self
2026-04-24 19:24:20.617: [INFO][Sync] Stopped: Web Apps
2026-04-24 19:24:20.617: [INFO][Sync] Stopped: History
2026-04-24 19:24:20.617: [INFO][Sync] Stopped: Saved Tab Group
2026-04-24 19:24:20.617: [INFO][Sync] Stopped: WebAuthn Credentials
2026-04-24 19:24:20.617: [INFO][Sync] Stopped: Collection
2026-04-24 19:24:20.617: [INFO][Sync] Stopped: Edge E Drop
2026-04-24 19:24:20.617: [INFO][Sync] Stopped: Edge Hub App Usage
2026-04-24 19:24:20.617: [INFO][Sync] Stopped: Edge Wallet
2026-04-24 19:24:20.617: [INFO][Sync] Stopped: Edge Workspace
2026-04-25 06:07:29.913: [INFO][Sync] Reset engine, reason: 0
2026-04-26 19:55:49.622: [INFO][Sync] Reset engine, reason: 8
2026-04-26 19:55:49.622: [INFO][Sync] Stopped: Bookmarks
2026-04-26 19:55:49.622: [INFO][Sync] Stopped: Preferences
2026-04-26 19:55:49.622: [INFO][Sync] Stopped: Passwords
2026-04-26 19:55:49.622: [INFO][Sync] Stopped: Autofill Profiles
2026-04-26 19:55:49.622: [INFO][Sync] Stopped: Autofill
2026-04-26 19:55:49.622: [INFO][Sync] Stopped: Extensions
2026-04-26 19:55:49.622: [INFO][Sync] Stopped: Sessions
2026-04-26 19:55:49.622: [INFO][Sync] Stopped: Extension settings
2026-04-26 19:55:49.622: [INFO][Sync] Stopped: History Delete Directives
2026-04-26 19:55:49.622: [INFO][Sync] Stopped: Device Info
2026-04-26 19:55:49.622: [INFO][Sync] Stopped: User Consents
2026-04-26 19:55:49.622: [INFO][Sync] Stopped: Send Tab To Self
2026-04-26 19:55:49.622: [INFO][Sync] Stopped: Web Apps
2026-04-26 19:55:49.622: [INFO][Sync] Stopped: History
2026-04-26 19:55:49.622: [INFO][Sync] Stopped: Saved Tab Group
2026-04-26 19:55:49.622: [INFO][Sync] Stopped: WebAuthn Credentials
2026-04-26 19:55:49.622: [INFO][Sync] Stopped: Collection
2026-04-26 19:55:49.622: [INFO][Sync] Stopped: Edge E Drop
2026-04-26 19:55:49.622: [INFO][Sync] Stopped: Edge Hub App Usage
2026-04-26 19:55:49.622: [INFO][Sync] Stopped: Edge Wallet
2026-04-26 19:55:49.622: [INFO][Sync] Stopped: Edge Workspace
2026-04-26 19:55:49.622: [INFO][Sync] SyncState after authenticated was: NotSignedIn
2026-04-26 19:55:50.147: [INFO][Sync] Reset engine, reason: 8
2026-04-26 19:55:50.147: [INFO][Sync] Stopped: Bookmarks
2026-04-26 19:55:50.147: [INFO][Sync] Stopped: Preferences
2026-04-26 19:55:50.147: [INFO][Sync] Stopped: Passwords
2026-04-26 19:55:50.147: [INFO][Sync] Stopped: Autofill Profiles
2026-04-26 19:55:50.147: [INFO][Sync] Stopped: Autofill
2026-04-26 19:55:50.147: [INFO][Sync] Stopped: Extensions
2026-04-26 19:55:50.147: [INFO][Sync] Stopped: Sessions
2026-04-26 19:55:50.147: [INFO][Sync] Stopped: Extension settings
2026-04-26 19:55:50.147: [INFO][Sync] Stopped: History Delete Directives
2026-04-26 19:55:50.147: [INFO][Sync] Stopped: Device Info
2026-04-26 19:55:50.147: [INFO][Sync] Stopped: User Consents
2026-04-26 19:55:50.147: [INFO][Sync] Stopped: Send Tab To Self
2026-04-26 19:55:50.147: [INFO][Sync] Stopped: Web Apps
2026-04-26 19:55:50.148: [INFO][Sync] Stopped: History
2026-04-26 19:55:50.148: [INFO][Sync] Stopped: Saved Tab Group
2026-04-26 19:55:50.148: [INFO][Sync] Stopped: WebAuthn Credentials
2026-04-26 19:55:50.148: [INFO][Sync] Stopped: Collection
2026-04-26 19:55:50.148: [INFO][Sync] Stopped: Edge E Drop
2026-04-26 19:55:50.148: [INFO][Sync] Stopped: Edge Hub App Usage
2026-04-26 19:55:50.148: [INFO][Sync] Stopped: Edge Wallet
2026-04-26 19:55:50.148: [INFO][Sync] Stopped: Edge Workspace
2026-04-27 01:03:15.580: [INFO][Sync] Reset engine, reason: 0
2026-04-27 13:43:35.658: [INFO][Sync] Reset engine, reason: 8
2026-04-27 13:43:35.659: [INFO][Sync] Stopped: Bookmarks
2026-04-27 13:43:35.659: [INFO][Sync] Stopped: Preferences
2026-04-27 13:43:35.659: [INFO][Sync] Stopped: Passwords
2026-04-27 13:43:35.659: [INFO][Sync] Stopped: Autofill Profiles
2026-04-27 13:43:35.659: [INFO][Sync] Stopped: Autofill
2026-04-27 13:43:35.659: [INFO][Sync] Stopped: Extensions
2026-04-27 13:43:35.659: [INFO][Sync] Stopped: Sessions
2026-04-27 13:43:35.659: [INFO][Sync] Stopped: Extension settings
2026-04-27 13:43:35.659: [INFO][Sync] Stopped: History Delete Directives
2026-04-27 13:43:35.659: [INFO][Sync] Stopped: Device Info
2026-04-27 13:43:35.659: [INFO][Sync] Stopped: User Consents
2026-04-27 13:43:35.659: [INFO][Sync] Stopped: Send Tab To Self
2026-04-27 13:43:35.659: [INFO][Sync] Stopped: Web Apps
2026-04-27 13:43:35.659: [INFO][Sync] Stopped: History
2026-04-27 13:43:35.659: [INFO][Sync] Stopped: Saved Tab Group
2026-04-27 13:43:35.659: [INFO][Sync] Stopped: WebAuthn Credentials
2026-04-27 13:43:35.659: [INFO][Sync] Stopped: Collection
2026-04-27 13:43:35.659: [INFO][Sync] Stopped: Edge E Drop
2026-04-27 13:43:35.659: [INFO][Sync] Stopped: Edge Hub App Usage
2026-04-27 13:43:35.659: [INFO][Sync] Stopped: Edge Wallet
2026-04-27 13:43:35.659: [INFO][Sync] Stopped: Edge Workspace
2026-04-27 13:43:35.661: [INFO][Sync] SyncState after authenticated was: NotSignedIn
2026-04-27 13:43:36.643: [INFO][Sync] Reset engine, reason: 8
2026-04-27 13:43:36.643: [INFO][Sync] Stopped: Bookmarks
2026-04-27 13:43:36.643: [INFO][Sync] Stopped: Preferences
2026-04-27 13:43:36.643: [INFO][Sync] Stopped: Passwords
2026-04-27 13:43:36.643: [INFO][Sync] Stopped: Autofill Profiles
2026-04-27 13:43:36.643: [INFO][Sync] Stopped: Autofill
2026-04-27 13:43:36.643: [INFO][Sync] Stopped: Extensions
2026-04-27 13:43:36.643: [INFO][Sync] Stopped: Sessions
2026-04-27 13:43:36.643: [INFO][Sync] Stopped: Extension settings
2026-04-27 13:43:36.643: [INFO][Sync] Stopped: History Delete Directives
2026-04-27 13:43:36.643: [INFO][Sync] Stopped: Device Info
2026-04-27 13:43:36.643: [INFO][Sync] Stopped: User Consents
2026-04-27 13:43:36.643: [INFO][Sync] Stopped: Send Tab To Self
2026-04-27 13:43:36.643: [INFO][Sync] Stopped: Web Apps
2026-04-27 13:43:36.643: [INFO][Sync] Stopped: History
2026-04-27 13:43:36.643: [INFO][Sync] Stopped: Saved Tab Group
2026-04-27 13:43:36.643: [INFO][Sync] Stopped: WebAuthn Credentials
2026-04-27 13:43:36.643: [INFO][Sync] Stopped: Collection
2026-04-27 13:43:36.643: [INFO][Sync] Stopped: Edge E Drop
2026-04-27 13:43:36.643: [INFO][Sync] Stopped: Edge Hub App Usage
2026-04-27 13:43:36.643: [INFO][Sync] Stopped: Edge Wallet
2026-04-27 13:43:36.643: [INFO][Sync] Stopped: Edge Workspace
2026-04-27 15:15:34.776: [INFO][Sync] Reset engine, reason: 0
2026-04-27 15:15:35.953: [INFO][Sync] Reset engine, reason: 8
2026-04-27 15:15:35.953: [INFO][Sync] Stopped: Bookmarks
2026-04-27 15:15:35.953: [INFO][Sync] Stopped: Preferences
2026-04-27 15:15:35.954: [INFO][Sync] Stopped: Passwords
2026-04-27 15:15:35.954: [INFO][Sync] Stopped: Autofill Profiles
2026-04-27 15:15:35.954: [INFO][Sync] Stopped: Autofill
2026-04-27 15:15:35.954: [INFO][Sync] Stopped: Extensions
2026-04-27 15:15:35.954: [INFO][Sync] Stopped: Sessions
2026-04-27 15:15:35.954: [INFO][Sync] Stopped: Extension settings
2026-04-27 15:15:35.954: [INFO][Sync] Stopped: History Delete Directives
2026-04-27 15:15:35.954: [INFO][Sync] Stopped: Device Info
2026-04-27 15:15:35.954: [INFO][Sync] Stopped: User Consents
2026-04-27 15:15:35.954: [INFO][Sync] Stopped: Send Tab To Self
2026-04-27 15:15:35.954: [INFO][Sync] Stopped: Web Apps
2026-04-27 15:15:35.954: [INFO][Sync] Stopped: History
2026-04-27 15:15:35.954: [INFO][Sync] Stopped: Saved Tab Group
2026-04-27 15:15:35.954: [INFO][Sync] Stopped: WebAuthn Credentials
2026-04-27 15:15:35.954: [INFO][Sync] Stopped: Collection
2026-04-27 15:15:35.954: [INFO][Sync] Stopped: Edge E Drop
2026-04-27 15:15:35.954: [INFO][Sync] Stopped: Edge Hub App Usage
2026-04-27 15:15:35.954: [INFO][Sync] Stopped: Edge Wallet
2026-04-27 15:15:35.954: [INFO][Sync] Stopped: Edge Workspace
2026-04-27 15:15:35.954: [INFO][Sync] SyncState after authenticated was: NotSignedIn
2026-04-27 15:15:36.286: [INFO][Sync] Reset engine, reason: 8
2026-04-27 15:15:36.286: [INFO][Sync] Stopped: Bookmarks
2026-04-27 15:15:36.286: [INFO][Sync] Stopped: Preferences
2026-04-27 15:15:36.286: [INFO][Sync] Stopped: Passwords
2026-04-27 15:15:36.286: [INFO][Sync] Stopped: Autofill Profiles
2026-04-27 15:15:36.286: [INFO][Sync] Stopped: Autofill
2026-04-27 15:15:36.286: [INFO][Sync] Stopped: Extensions
2026-04-27 15:15:36.286: [INFO][Sync] Stopped: Sessions
2026-04-27 15:15:36.286: [INFO][Sync] Stopped: Extension settings
2026-04-27 15:15:36.286: [INFO][Sync] Stopped: History Delete Directives
2026-04-27 15:15:36.286: [INFO][Sync] Stopped: Device Info
2026-04-27 15:15:36.286: [INFO][Sync] Stopped: User Consents
2026-04-27 15:15:36.286: [INFO][Sync] Stopped: Send Tab To Self
2026-04-27 15:15:36.286: [INFO][Sync] Stopped: Web Apps
2026-04-27 15:15:36.286: [INFO][Sync] Stopped: History
2026-04-27 15:15:36.286: [INFO][Sync] Stopped: Saved Tab Group
2026-04-27 15:15:36.286: [INFO][Sync] Stopped: WebAuthn Credentials
2026-04-27 15:15:36.286: [INFO][Sync] Stopped: Collection
2026-04-27 15:15:36.286: [INFO][Sync] Stopped: Edge E Drop
2026-04-27 15:15:36.286: [INFO][Sync] Stopped: Edge Hub App Usage
2026-04-27 15:15:36.286: [INFO][Sync] Stopped: Edge Wallet
2026-04-27 15:15:36.286: [INFO][Sync] Stopped: Edge Workspace
2026-04-27 16:20:05.207: [INFO][Sync] Reset engine, reason: 0
2026-04-27 16:20:07.073: [INFO][Sync] Reset engine, reason: 8
2026-04-27 16:20:07.073: [INFO][Sync] Stopped: Bookmarks
2026-04-27 16:20:07.073: [INFO][Sync] Stopped: Preferences
2026-04-27 16:20:07.073: [INFO][Sync] Stopped: Passwords
2026-04-27 16:20:07.073: [INFO][Sync] Stopped: Autofill Profiles
2026-04-27 16:20:07.073: [INFO][Sync] Stopped: Autofill
2026-04-27 16:20:07.073: [INFO][Sync] Stopped: Extensions
2026-04-27 16:20:07.073: [INFO][Sync] Stopped: Sessions
2026-04-27 16:20:07.073: [INFO][Sync] Stopped: Extension settings
2026-04-27 16:20:07.073: [INFO][Sync] Stopped: History Delete Directives
2026-04-27 16:20:07.074: [INFO][Sync] Stopped: Device Info
2026-04-27 16:20:07.074: [INFO][Sync] Stopped: User Consents
2026-04-27 16:20:07.074: [INFO][Sync] Stopped: Send Tab To Self
2026-04-27 16:20:07.074: [INFO][Sync] Stopped: Web Apps
2026-04-27 16:20:07.074: [INFO][Sync] Stopped: History
2026-04-27 16:20:07.074: [INFO][Sync] Stopped: Saved Tab Group
2026-04-27 16:20:07.074: [INFO][Sync] Stopped: WebAuthn Credentials
2026-04-27 16:20:07.074: [INFO][Sync] Stopped: Collection
2026-04-27 16:20:07.074: [INFO][Sync] Stopped: Edge E Drop
2026-04-27 16:20:07.074: [INFO][Sync] Stopped: Edge Hub App Usage
2026-04-27 16:20:07.074: [INFO][Sync] Stopped: Edge Wallet
2026-04-27 16:20:07.074: [INFO][Sync] Stopped: Edge Workspace
2026-04-27 16:20:07.074: [INFO][Sync] SyncState after authenticated was: NotSignedIn
2026-04-27 19:05:24.277: [INFO][Sync] Reset engine, reason: 8
2026-04-27 19:05:24.277: [INFO][Sync] Stopped: Bookmarks
2026-04-27 19:05:24.277: [INFO][Sync] Stopped: Preferences
2026-04-27 19:05:24.277: [INFO][Sync] Stopped: Passwords
2026-04-27 19:05:24.277: [INFO][Sync] Stopped: Autofill Profiles
2026-04-27 19:05:24.277: [INFO][Sync] Stopped: Autofill
2026-04-27 19:05:24.277: [INFO][Sync] Stopped: Extensions
2026-04-27 19:05:24.277: [INFO][Sync] Stopped: Sessions
2026-04-27 19:05:24.277: [INFO][Sync] Stopped: Extension settings
2026-04-27 19:05:24.277: [INFO][Sync] Stopped: History Delete Directives
2026-04-27 19:05:24.277: [INFO][Sync] Stopped: Device Info
2026-04-27 19:05:24.277: [INFO][Sync] Stopped: User Consents
2026-04-27 19:05:24.277: [INFO][Sync] Stopped: Send Tab To Self
2026-04-27 19:05:24.277: [INFO][Sync] Stopped: Web Apps
2026-04-27 19:05:24.277: [INFO][Sync] Stopped: History
2026-04-27 19:05:24.277: [INFO][Sync] Stopped: Saved Tab Group
2026-04-27 19:05:24.277: [INFO][Sync] Stopped: WebAuthn Credentials
2026-04-27 19:05:24.277: [INFO][Sync] Stopped: Collection
2026-04-27 19:05:24.277: [INFO][Sync] Stopped: Edge E Drop
2026-04-27 19:05:24.277: [INFO][Sync] Stopped: Edge Hub App Usage
2026-04-27 19:05:24.277: [INFO][Sync] Stopped: Edge Wallet
2026-04-27 19:05:24.277: [INFO][Sync] Stopped: Edge Workspace
2026-04-27 19:05:24.278: [INFO][Sync] SyncState after authenticated was: NotSignedIn
2026-04-27 19:05:24.600: [INFO][Sync] Reset engine, reason: 8
2026-04-27 19:05:24.600: [INFO][Sync] Stopped: Bookmarks
2026-04-27 19:05:24.600: [INFO][Sync] Stopped: Preferences
2026-04-27 19:05:24.600: [INFO][Sync] Stopped: Passwords
2026-04-27 19:05:24.600: [INFO][Sync] Stopped: Autofill Profiles
2026-04-27 19:05:24.600: [INFO][Sync] Stopped: Autofill
2026-04-27 19:05:24.600: [INFO][Sync] Stopped: Extensions
2026-04-27 19:05:24.600: [INFO][Sync] Stopped: Sessions
2026-04-27 19:05:24.600: [INFO][Sync] Stopped: Extension settings
2026-04-27 19:05:24.600: [INFO][Sync] Stopped: History Delete Directives
2026-04-27 19:05:24.600: [INFO][Sync] Stopped: Device Info
2026-04-27 19:05:24.600: [INFO][Sync] Stopped: User Consents
2026-04-27 19:05:24.600: [INFO][Sync] Stopped: Send Tab To Self
2026-04-27 19:05:24.600: [INFO][Sync] Stopped: Web Apps
2026-04-27 19:05:24.600: [INFO][Sync] Stopped: History
2026-04-27 19:05:24.600: [INFO][Sync] Stopped: Saved Tab Group
2026-04-27 19:05:24.600: [INFO][Sync] Stopped: WebAuthn Credentials
2026-04-27 19:05:24.600: [INFO][Sync] Stopped: Collection
2026-04-27 19:05:24.600: [INFO][Sync] Stopped: Edge E Drop
2026-04-27 19:05:24.600: [INFO][Sync] Stopped: Edge Hub App Usage
2026-04-27 19:05:24.600: [INFO][Sync] Stopped: Edge Wallet
2026-04-27 19:05:24.600: [INFO][Sync] Stopped: Edge Workspace
2026-04-27 20:56:14.722: [INFO][Sync] Reset engine, reason: 0
2026-04-27 20:56:16.487: [INFO][Sync] Reset engine, reason: 8
2026-04-27 20:56:16.487: [INFO][Sync] Stopped: Bookmarks
2026-04-27 20:56:16.487: [INFO][Sync] Stopped: Preferences
2026-04-27 20:56:16.487: [INFO][Sync] Stopped: Passwords
2026-04-27 20:56:16.487: [INFO][Sync] Stopped: Autofill Profiles
2026-04-27 20:56:16.487: [INFO][Sync] Stopped: Autofill
2026-04-27 20:56:16.487: [INFO][Sync] Stopped: Extensions
2026-04-27 20:56:16.487: [INFO][Sync] Stopped: Sessions
2026-04-27 20:56:16.487: [INFO][Sync] Stopped: Extension settings
2026-04-27 20:56:16.487: [INFO][Sync] Stopped: History Delete Directives
2026-04-27 20:56:16.487: [INFO][Sync] Stopped: Device Info
2026-04-27 20:56:16.487: [INFO][Sync] Stopped: User Consents
2026-04-27 20:56:16.487: [INFO][Sync] Stopped: Send Tab To Self
2026-04-27 20:56:16.487: [INFO][Sync] Stopped: Web Apps
2026-04-27 20:56:16.487: [INFO][Sync] Stopped: History
2026-04-27 20:56:16.487: [INFO][Sync] Stopped: Saved Tab Group
2026-04-27 20:56:16.487: [INFO][Sync] Stopped: WebAuthn Credentials
2026-04-27 20:56:16.487: [INFO][Sync] Stopped: Collection
2026-04-27 20:56:16.487: [INFO][Sync] Stopped: Edge E Drop
2026-04-27 20:56:16.487: [INFO][Sync] Stopped: Edge Hub App Usage
2026-04-27 20:56:16.487: [INFO][Sync] Stopped: Edge Wallet
2026-04-27 20:56:16.487: [INFO][Sync] Stopped: Edge Workspace
2026-04-27 20:56:16.487: [INFO][Sync] SyncState after authenticated was: NotSignedIn
2026-04-27 20:56:16.850: [INFO][Sync] Reset engine, reason: 8
2026-04-27 20:56:16.850: [INFO][Sync] Stopped: Bookmarks
2026-04-27 20:56:16.850: [INFO][Sync] Stopped: Preferences
2026-04-27 20:56:16.850: [INFO][Sync] Stopped: Passwords
2026-04-27 20:56:16.850: [INFO][Sync] Stopped: Autofill Profiles
2026-04-27 20:56:16.850: [INFO][Sync] Stopped: Autofill
2026-04-27 20:56:16.850: [INFO][Sync] Stopped: Extensions
2026-04-27 20:56:16.850: [INFO][Sync] Stopped: Sessions
2026-04-27 20:56:16.850: [INFO][Sync] Stopped: Extension settings
2026-04-27 20:56:16.850: [INFO][Sync] Stopped: History Delete Directives
2026-04-27 20:56:16.850: [INFO][Sync] Stopped: Device Info
2026-04-27 20:56:16.850: [INFO][Sync] Stopped: User Consents
2026-04-27 20:56:16.850: [INFO][Sync] Stopped: Send Tab To Self
2026-04-27 20:56:16.850: [INFO][Sync] Stopped: Web Apps
2026-04-27 20:56:16.850: [INFO][Sync] Stopped: History
2026-04-27 20:56:16.850: [INFO][Sync] Stopped: Saved Tab Group
2026-04-27 20:56:16.850: [INFO][Sync] Stopped: WebAuthn Credentials
2026-04-27 20:56:16.850: [INFO][Sync] Stopped: Collection
2026-04-27 20:56:16.850: [INFO][Sync] Stopped: Edge E Drop
2026-04-27 20:56:16.850: [INFO][Sync] Stopped: Edge Hub App Usage
2026-04-27 20:56:16.850: [INFO][Sync] Stopped: Edge Wallet
2026-04-27 20:56:16.850: [INFO][Sync] Stopped: Edge Workspace
2026-04-27 20:56:19.995: [INFO][Sync] Reset engine, reason: 0
2026-04-28 19:31:50.646: [INFO][Sync] Reset engine, reason: 8
2026-04-28 19:31:50.646: [INFO][Sync] Stopped: Bookmarks
2026-04-28 19:31:50.646: [INFO][Sync] Stopped: Preferences
2026-04-28 19:31:50.646: [INFO][Sync] Stopped: Passwords
2026-04-28 19:31:50.646: [INFO][Sync] Stopped: Autofill Profiles
2026-04-28 19:31:50.646: [INFO][Sync] Stopped: Autofill
2026-04-28 19:31:50.646: [INFO][Sync] Stopped: Extensions
2026-04-28 19:31:50.646: [INFO][Sync] Stopped: Sessions
2026-04-28 19:31:50.646: [INFO][Sync] Stopped: Extension settings
2026-04-28 19:31:50.646: [INFO][Sync] Stopped: History Delete Directives
2026-04-28 19:31:50.646: [INFO][Sync] Stopped: Device Info
2026-04-28 19:31:50.646: [INFO][Sync] Stopped: User Consents
2026-04-28 19:31:50.646: [INFO][Sync] Stopped: Send Tab To Self
2026-04-28 19:31:50.646: [INFO][Sync] Stopped: Web Apps
2026-04-28 19:31:50.646: [INFO][Sync] Stopped: History
2026-04-28 19:31:50.646: [INFO][Sync] Stopped: Saved Tab Group
2026-04-28 19:31:50.646: [INFO][Sync] Stopped: WebAuthn Credentials
2026-04-28 19:31:50.647: [INFO][Sync] Stopped: Collection
2026-04-28 19:31:50.647: [INFO][Sync] Stopped: Edge E Drop
2026-04-28 19:31:50.647: [INFO][Sync] Stopped: Edge Hub App Usage
2026-04-28 19:31:50.647: [INFO][Sync] Stopped: Edge Wallet
2026-04-28 19:31:50.647: [INFO][Sync] Stopped: Edge Workspace
2026-04-28 19:31:50.647: [INFO][Sync] SyncState after authenticated was: NotSignedIn
2026-04-28 19:31:51.024: [INFO][Sync] Reset engine, reason: 8
2026-04-28 19:31:51.024: [INFO][Sync] Stopped: Bookmarks
2026-04-28 19:31:51.024: [INFO][Sync] Stopped: Preferences
2026-04-28 19:31:51.024: [INFO][Sync] Stopped: Passwords
2026-04-28 19:31:51.024: [INFO][Sync] Stopped: Autofill Profiles
2026-04-28 19:31:51.024: [INFO][Sync] Stopped: Autofill
2026-04-28 19:31:51.024: [INFO][Sync] Stopped: Extensions
2026-04-28 19:31:51.024: [INFO][Sync] Stopped: Sessions
2026-04-28 19:31:51.024: [INFO][Sync] Stopped: Extension settings
2026-04-28 19:31:51.024: [INFO][Sync] Stopped: History Delete Directives
2026-04-28 19:31:51.024: [INFO][Sync] Stopped: Device Info
2026-04-28 19:31:51.024: [INFO][Sync] Stopped: User Consents
2026-04-28 19:31:51.024: [INFO][Sync] Stopped: Send Tab To Self
2026-04-28 19:31:51.024: [INFO][Sync] Stopped: Web Apps
2026-04-28 19:31:51.024: [INFO][Sync] Stopped: History
2026-04-28 19:31:51.024: [INFO][Sync] Stopped: Saved Tab Group
2026-04-28 19:31:51.024: [INFO][Sync] Stopped: WebAuthn Credentials
2026-04-28 19:31:51.024: [INFO][Sync] Stopped: Collection
2026-04-28 19:31:51.024: [INFO][Sync] Stopped: Edge E Drop
2026-04-28 19:31:51.024: [INFO][Sync] Stopped: Edge Hub App Usage
2026-04-28 19:31:51.024: [INFO][Sync] Stopped: Edge Wallet
2026-04-28 19:31:51.024: [INFO][Sync] Stopped: Edge Workspace
2026-04-28 19:32:17.902: [INFO][Sync] Reset engine, reason: 0
2026-04-28 22:13:15.102: [INFO][Sync] Reset engine, reason: 8
2026-04-28 22:13:15.102: [INFO][Sync] Stopped: Bookmarks
2026-04-28 22:13:15.102: [INFO][Sync] Stopped: Preferences
2026-04-28 22:13:15.102: [INFO][Sync] Stopped: Passwords
2026-04-28 22:13:15.102: [INFO][Sync] Stopped: Autofill Profiles
2026-04-28 22:13:15.102: [INFO][Sync] Stopped: Autofill
2026-04-28 22:13:15.102: [INFO][Sync] Stopped: Extensions
2026-04-28 22:13:15.102: [INFO][Sync] Stopped: Sessions
2026-04-28 22:13:15.102: [INFO][Sync] Stopped: Extension settings
2026-04-28 22:13:15.102: [INFO][Sync] Stopped: History Delete Directives
2026-04-28 22:13:15.102: [INFO][Sync] Stopped: Device Info
2026-04-28 22:13:15.102: [INFO][Sync] Stopped: User Consents
2026-04-28 22:13:15.102: [INFO][Sync] Stopped: Send Tab To Self
2026-04-28 22:13:15.102: [INFO][Sync] Stopped: Web Apps
2026-04-28 22:13:15.102: [INFO][Sync] Stopped: History
2026-04-28 22:13:15.103: [INFO][Sync] Stopped: Saved Tab Group
2026-04-28 22:13:15.103: [INFO][Sync] Stopped: WebAuthn Credentials
2026-04-28 22:13:15.103: [INFO][Sync] Stopped: Collection
2026-04-28 22:13:15.103: [INFO][Sync] Stopped: Edge E Drop
2026-04-28 22:13:15.103: [INFO][Sync] Stopped: Edge Hub App Usage
2026-04-28 22:13:15.103: [INFO][Sync] Stopped: Edge Wallet
2026-04-28 22:13:15.103: [INFO][Sync] Stopped: Edge Workspace
2026-04-28 22:13:15.103: [INFO][Sync] SyncState after authenticated was: NotSignedIn
2026-04-28 22:13:15.519: [INFO][Sync] Reset engine, reason: 8
2026-04-28 22:13:15.519: [INFO][Sync] Stopped: Bookmarks
2026-04-28 22:13:15.519: [INFO][Sync] Stopped: Preferences
2026-04-28 22:13:15.519: [INFO][Sync] Stopped: Passwords
2026-04-28 22:13:15.519: [INFO][Sync] Stopped: Autofill Profiles
2026-04-28 22:13:15.519: [INFO][Sync] Stopped: Autofill
2026-04-28 22:13:15.519: [INFO][Sync] Stopped: Extensions
2026-04-28 22:13:15.519: [INFO][Sync] Stopped: Sessions
2026-04-28 22:13:15.519: [INFO][Sync] Stopped: Extension settings
2026-04-28 22:13:15.519: [INFO][Sync] Stopped: History Delete Directives
2026-04-28 22:13:15.519: [INFO][Sync] Stopped: Device Info
2026-04-28 22:13:15.519: [INFO][Sync] Stopped: User Consents
2026-04-28 22:13:15.519: [INFO][Sync] Stopped: Send Tab To Self
2026-04-28 22:13:15.519: [INFO][Sync] Stopped: Web Apps
2026-04-28 22:13:15.519: [INFO][Sync] Stopped: History
2026-04-28 22:13:15.519: [INFO][Sync] Stopped: Saved Tab Group
2026-04-28 22:13:15.519: [INFO][Sync] Stopped: WebAuthn Credentials
2026-04-28 22:13:15.519: [INFO][Sync] Stopped: Collection
2026-04-28 22:13:15.519: [INFO][Sync] Stopped: Edge E Drop
2026-04-28 22:13:15.519: [INFO][Sync] Stopped: Edge Hub App Usage
2026-04-28 22:13:15.519: [INFO][Sync] Stopped: Edge Wallet
2026-04-28 22:13:15.519: [INFO][Sync] Stopped: Edge Workspace
2026-04-28 22:13:46.954: [INFO][Sync] Reset engine, reason: 0
2026-04-28 22:16:35.648: [INFO][Sync] Reset engine, reason: 8
2026-04-28 22:16:35.648: [INFO][Sync] Stopped: Bookmarks
2026-04-28 22:16:35.648: [INFO][Sync] Stopped: Preferences
2026-04-28 22:16:35.648: [INFO][Sync] Stopped: Passwords
2026-04-28 22:16:35.648: [INFO][Sync] Stopped: Autofill Profiles
2026-04-28 22:16:35.648: [INFO][Sync] Stopped: Autofill
2026-04-28 22:16:35.648: [INFO][Sync] Stopped: Extensions
2026-04-28 22:16:35.648: [INFO][Sync] Stopped: Sessions
2026-04-28 22:16:35.649: [INFO][Sync] Stopped: Extension settings
2026-04-28 22:16:35.649: [INFO][Sync] Stopped: History Delete Directives
2026-04-28 22:16:35.649: [INFO][Sync] Stopped: Device Info
2026-04-28 22:16:35.649: [INFO][Sync] Stopped: User Consents
2026-04-28 22:16:35.649: [INFO][Sync] Stopped: Send Tab To Self
2026-04-28 22:16:35.649: [INFO][Sync] Stopped: Web Apps
2026-04-28 22:16:35.649: [INFO][Sync] Stopped: History
2026-04-28 22:16:35.649: [INFO][Sync] Stopped: Saved Tab Group
2026-04-28 22:16:35.649: [INFO][Sync] Stopped: WebAuthn Credentials
2026-04-28 22:16:35.649: [INFO][Sync] Stopped: Collection
2026-04-28 22:16:35.649: [INFO][Sync] Stopped: Edge E Drop
2026-04-28 22:16:35.649: [INFO][Sync] Stopped: Edge Hub App Usage
2026-04-28 22:16:35.649: [INFO][Sync] Stopped: Edge Wallet
2026-04-28 22:16:35.649: [INFO][Sync] Stopped: Edge Workspace
2026-04-28 22:16:35.650: [INFO][Sync] SyncState after authenticated was: NotSignedIn
2026-04-28 22:16:41.562: [INFO][Sync] Reset engine, reason: 8
2026-04-28 22:16:41.562: [INFO][Sync] Stopped: Bookmarks
2026-04-28 22:16:41.562: [INFO][Sync] Stopped: Preferences
2026-04-28 22:16:41.562: [INFO][Sync] Stopped: Passwords
2026-04-28 22:16:41.562: [INFO][Sync] Stopped: Autofill Profiles
2026-04-28 22:16:41.562: [INFO][Sync] Stopped: Autofill
2026-04-28 22:16:41.562: [INFO][Sync] Stopped: Extensions
2026-04-28 22:16:41.562: [INFO][Sync] Stopped: Sessions
2026-04-28 22:16:41.562: [INFO][Sync] Stopped: Extension settings
2026-04-28 22:16:41.562: [INFO][Sync] Stopped: History Delete Directives
2026-04-28 22:16:41.562: [INFO][Sync] Stopped: Device Info
2026-04-28 22:16:41.562: [INFO][Sync] Stopped: User Consents
2026-04-28 22:16:41.562: [INFO][Sync] Stopped: Send Tab To Self
2026-04-28 22:16:41.562: [INFO][Sync] Stopped: Web Apps
2026-04-28 22:16:41.562: [INFO][Sync] Stopped: History
2026-04-28 22:16:41.562: [INFO][Sync] Stopped: Saved Tab Group
2026-04-28 22:16:41.562: [INFO][Sync] Stopped: WebAuthn Credentials
2026-04-28 22:16:41.562: [INFO][Sync] Stopped: Collection
2026-04-28 22:16:41.562: [INFO][Sync] Stopped: Edge E Drop
2026-04-28 22:16:41.562: [INFO][Sync] Stopped: Edge Hub App Usage
2026-04-28 22:16:41.562: [INFO][Sync] Stopped: Edge Wallet
2026-04-28 22:16:41.562: [INFO][Sync] Stopped: Edge Workspace
2026-04-28 22:41:12.764: [INFO][Sync] Reset engine, reason: 0
2026-05-01 20:38:06.343: [INFO][Sync] Reset engine, reason: 8
2026-05-01 20:38:06.344: [INFO][Sync] Stopped: Bookmarks
2026-05-01 20:38:06.344: [INFO][Sync] Stopped: Preferences
2026-05-01 20:38:06.344: [INFO][Sync] Stopped: Passwords
2026-05-01 20:38:06.344: [INFO][Sync] Stopped: Autofill Profiles
2026-05-01 20:38:06.344: [INFO][Sync] Stopped: Autofill
2026-05-01 20:38:06.344: [INFO][Sync] Stopped: Extensions
2026-05-01 20:38:06.344: [INFO][Sync] Stopped: Sessions
2026-05-01 20:38:06.344: [INFO][Sync] Stopped: Extension settings
2026-05-01 20:38:06.344: [INFO][Sync] Stopped: History Delete Directives
2026-05-01 20:38:06.344: [INFO][Sync] Stopped: Device Info
2026-05-01 20:38:06.344: [INFO][Sync] Stopped: User Consents
2026-05-01 20:38:06.344: [INFO][Sync] Stopped: Send Tab To Self
2026-05-01 20:38:06.344: [INFO][Sync] Stopped: Web Apps
2026-05-01 20:38:06.344: [INFO][Sync] Stopped: History
2026-05-01 20:38:06.344: [INFO][Sync] Stopped: Saved Tab Group
2026-05-01 20:38:06.344: [INFO][Sync] Stopped: WebAuthn Credentials
2026-05-01 20:38:06.344: [INFO][Sync] Stopped: Collection
2026-05-01 20:38:06.344: [INFO][Sync] Stopped: Edge E Drop
2026-05-01 20:38:06.344: [INFO][Sync] Stopped: Edge Hub App Usage
2026-05-01 20:38:06.344: [INFO][Sync] Stopped: Edge Wallet
2026-05-01 20:38:06.344: [INFO][Sync] Stopped: Edge Workspace
2026-05-01 20:38:06.344: [INFO][Sync] SyncState after authenticated was: NotSignedIn
2026-05-01 20:38:06.966: [INFO][Sync] Reset engine, reason: 8
2026-05-01 20:38:06.966: [INFO][Sync] Stopped: Bookmarks
2026-05-01 20:38:06.966: [INFO][Sync] Stopped: Preferences
2026-05-01 20:38:06.966: [INFO][Sync] Stopped: Passwords
2026-05-01 20:38:06.966: [INFO][Sync] Stopped: Autofill Profiles
2026-05-01 20:38:06.966: [INFO][Sync] Stopped: Autofill
2026-05-01 20:38:06.966: [INFO][Sync] Stopped: Extensions
2026-05-01 20:38:06.966: [INFO][Sync] Stopped: Sessions
2026-05-01 20:38:06.966: [INFO][Sync] Stopped: Extension settings
2026-05-01 20:38:06.966: [INFO][Sync] Stopped: History Delete Directives
2026-05-01 20:38:06.966: [INFO][Sync] Stopped: Device Info
2026-05-01 20:38:06.966: [INFO][Sync] Stopped: User Consents
2026-05-01 20:38:06.966: [INFO][Sync] Stopped: Send Tab To Self
2026-05-01 20:38:06.966: [INFO][Sync] Stopped: Web Apps
2026-05-01 20:38:06.966: [INFO][Sync] Stopped: History
2026-05-01 20:38:06.966: [INFO][Sync] Stopped: Saved Tab Group
2026-05-01 20:38:06.966: [INFO][Sync] Stopped: WebAuthn Credentials
2026-05-01 20:38:06.966: [INFO][Sync] Stopped: Collection
2026-05-01 20:38:06.966: [INFO][Sync] Stopped: Edge E Drop
2026-05-01 20:38:06.966: [INFO][Sync] Stopped: Edge Hub App Usage
2026-05-01 20:38:06.966: [INFO][Sync] Stopped: Edge Wallet
2026-05-01 20:38:06.966: [INFO][Sync] Stopped: Edge Workspace
2026-05-01 20:38:08.081: [INFO][Sync] Reset engine, reason: 0
2026-05-01 23:27:12.655: [INFO][Sync] Reset engine, reason: 8
2026-05-01 23:27:12.655: [INFO][Sync] Stopped: Bookmarks
2026-05-01 23:27:12.655: [INFO][Sync] Stopped: Preferences
2026-05-01 23:27:12.655: [INFO][Sync] Stopped: Passwords
2026-05-01 23:27:12.655: [INFO][Sync] Stopped: Autofill Profiles
2026-05-01 23:27:12.655: [INFO][Sync] Stopped: Autofill
2026-05-01 23:27:12.655: [INFO][Sync] Stopped: Extensions
2026-05-01 23:27:12.655: [INFO][Sync] Stopped: Sessions
2026-05-01 23:27:12.655: [INFO][Sync] Stopped: Extension settings
2026-05-01 23:27:12.655: [INFO][Sync] Stopped: History Delete Directives
2026-05-01 23:27:12.655: [INFO][Sync] Stopped: Device Info
2026-05-01 23:27:12.655: [INFO][Sync] Stopped: User Consents
2026-05-01 23:27:12.655: [INFO][Sync] Stopped: Send Tab To Self
2026-05-01 23:27:12.655: [INFO][Sync] Stopped: Web Apps
2026-05-01 23:27:12.655: [INFO][Sync] Stopped: History
2026-05-01 23:27:12.655: [INFO][Sync] Stopped: Saved Tab Group
2026-05-01 23:27:12.655: [INFO][Sync] Stopped: WebAuthn Credentials
2026-05-01 23:27:12.655: [INFO][Sync] Stopped: Collection
2026-05-01 23:27:12.655: [INFO][Sync] Stopped: Edge E Drop
2026-05-01 23:27:12.655: [INFO][Sync] Stopped: Edge Hub App Usage
2026-05-01 23:27:12.655: [INFO][Sync] Stopped: Edge Wallet
2026-05-01 23:27:12.655: [INFO][Sync] Stopped: Edge Workspace
2026-05-01 23:27:12.656: [INFO][Sync] SyncState after authenticated was: NotSignedIn
2026-05-01 23:27:13.179: [INFO][Sync] Reset engine, reason: 8
2026-05-01 23:27:13.179: [INFO][Sync] Stopped: Bookmarks
2026-05-01 23:27:13.179: [INFO][Sync] Stopped: Preferences
2026-05-01 23:27:13.179: [INFO][Sync] Stopped: Passwords
2026-05-01 23:27:13.179: [INFO][Sync] Stopped: Autofill Profiles
2026-05-01 23:27:13.179: [INFO][Sync] Stopped: Autofill
2026-05-01 23:27:13.179: [INFO][Sync] Stopped: Extensions
2026-05-01 23:27:13.179: [INFO][Sync] Stopped: Sessions
2026-05-01 23:27:13.179: [INFO][Sync] Stopped: Extension settings
2026-05-01 23:27:13.179: [INFO][Sync] Stopped: History Delete Directives
2026-05-01 23:27:13.179: [INFO][Sync] Stopped: Device Info
2026-05-01 23:27:13.179: [INFO][Sync] Stopped: User Consents
2026-05-01 23:27:13.179: [INFO][Sync] Stopped: Send Tab To Self
2026-05-01 23:27:13.179: [INFO][Sync] Stopped: Web Apps
2026-05-01 23:27:13.179: [INFO][Sync] Stopped: History
2026-05-01 23:27:13.179: [INFO][Sync] Stopped: Saved Tab Group
2026-05-01 23:27:13.179: [INFO][Sync] Stopped: WebAuthn Credentials
2026-05-01 23:27:13.179: [INFO][Sync] Stopped: Collection
2026-05-01 23:27:13.179: [INFO][Sync] Stopped: Edge E Drop
2026-05-01 23:27:13.179: [INFO][Sync] Stopped: Edge Hub App Usage
2026-05-01 23:27:13.179: [INFO][Sync] Stopped: Edge Wallet
2026-05-01 23:27:13.179: [INFO][Sync] Stopped: Edge Workspace
2026-05-01 23:27:14.516: [INFO][Sync] Reset engine, reason: 0
2026-05-04 19:06:28.604: [INFO][Sync] Reset engine, reason: 8
2026-05-04 19:06:28.605: [INFO][Sync] Stopped: Bookmarks
2026-05-04 19:06:28.605: [INFO][Sync] Stopped: Preferences
2026-05-04 19:06:28.605: [INFO][Sync] Stopped: Passwords
2026-05-04 19:06:28.605: [INFO][Sync] Stopped: Autofill Profiles
2026-05-04 19:06:28.605: [INFO][Sync] Stopped: Autofill
2026-05-04 19:06:28.605: [INFO][Sync] Stopped: Extensions
2026-05-04 19:06:28.605: [INFO][Sync] Stopped: Sessions
2026-05-04 19:06:28.605: [INFO][Sync] Stopped: Extension settings
2026-05-04 19:06:28.605: [INFO][Sync] Stopped: History Delete Directives
2026-05-04 19:06:28.605: [INFO][Sync] Stopped: Device Info
2026-05-04 19:06:28.605: [INFO][Sync] Stopped: User Consents
2026-05-04 19:06:28.605: [INFO][Sync] Stopped: Send Tab To Self
2026-05-04 19:06:28.605: [INFO][Sync] Stopped: Web Apps
2026-05-04 19:06:28.605: [INFO][Sync] Stopped: History
2026-05-04 19:06:28.605: [INFO][Sync] Stopped: Saved Tab Group
2026-05-04 19:06:28.605: [INFO][Sync] Stopped: WebAuthn Credentials
2026-05-04 19:06:28.605: [INFO][Sync] Stopped: Collection
2026-05-04 19:06:28.605: [INFO][Sync] Stopped: Edge E Drop
2026-05-04 19:06:28.605: [INFO][Sync] Stopped: Edge Hub App Usage
2026-05-04 19:06:28.605: [INFO][Sync] Stopped: Edge Wallet
2026-05-04 19:06:28.605: [INFO][Sync] Stopped: Edge Workspace
2026-05-04 19:06:28.605: [INFO][Sync] SyncState after authenticated was: NotSignedIn
2026-05-04 19:06:29.572: [INFO][Sync] Reset engine, reason: 8
2026-05-04 19:06:29.572: [INFO][Sync] Stopped: Bookmarks
2026-05-04 19:06:29.572: [INFO][Sync] Stopped: Preferences
2026-05-04 19:06:29.572: [INFO][Sync] Stopped: Passwords
2026-05-04 19:06:29.572: [INFO][Sync] Stopped: Autofill Profiles
2026-05-04 19:06:29.572: [INFO][Sync] Stopped: Autofill
2026-05-04 19:06:29.572: [INFO][Sync] Stopped: Extensions
2026-05-04 19:06:29.572: [INFO][Sync] Stopped: Sessions
2026-05-04 19:06:29.572: [INFO][Sync] Stopped: Extension settings
2026-05-04 19:06:29.572: [INFO][Sync] Stopped: History Delete Directives
2026-05-04 19:06:29.572: [INFO][Sync] Stopped: Device Info
2026-05-04 19:06:29.572: [INFO][Sync] Stopped: User Consents
2026-05-04 19:06:29.572: [INFO][Sync] Stopped: Send Tab To Self
2026-05-04 19:06:29.572: [INFO][Sync] Stopped: Web Apps
2026-05-04 19:06:29.572: [INFO][Sync] Stopped: History
2026-05-04 19:06:29.572: [INFO][Sync] Stopped: Saved Tab Group
2026-05-04 19:06:29.572: [INFO][Sync] Stopped: WebAuthn Credentials
2026-05-04 19:06:29.572: [INFO][Sync] Stopped: Collection
2026-05-04 19:06:29.572: [INFO][Sync] Stopped: Edge E Drop
2026-05-04 19:06:29.572: [INFO][Sync] Stopped: Edge Hub App Usage
2026-05-04 19:06:29.572: [INFO][Sync] Stopped: Edge Wallet
2026-05-04 19:06:29.572: [INFO][Sync] Stopped: Edge Workspace
2026-05-04 19:21:41.031: [INFO][Sync] Reset engine, reason: 0
2026-05-04 19:21:42.095: [INFO][Sync] Reset engine, reason: 8
2026-05-04 19:21:42.095: [INFO][Sync] Stopped: Bookmarks
2026-05-04 19:21:42.095: [INFO][Sync] Stopped: Preferences
2026-05-04 19:21:42.095: [INFO][Sync] Stopped: Passwords
2026-05-04 19:21:42.095: [INFO][Sync] Stopped: Autofill Profiles
2026-05-04 19:21:42.095: [INFO][Sync] Stopped: Autofill
2026-05-04 19:21:42.095: [INFO][Sync] Stopped: Extensions
2026-05-04 19:21:42.095: [INFO][Sync] Stopped: Sessions
2026-05-04 19:21:42.095: [INFO][Sync] Stopped: Extension settings
2026-05-04 19:21:42.095: [INFO][Sync] Stopped: History Delete Directives
2026-05-04 19:21:42.095: [INFO][Sync] Stopped: Device Info
2026-05-04 19:21:42.095: [INFO][Sync] Stopped: User Consents
2026-05-04 19:21:42.095: [INFO][Sync] Stopped: Send Tab To Self
2026-05-04 19:21:42.095: [INFO][Sync] Stopped: Web Apps
2026-05-04 19:21:42.095: [INFO][Sync] Stopped: History
2026-05-04 19:21:42.095: [INFO][Sync] Stopped: Saved Tab Group
2026-05-04 19:21:42.095: [INFO][Sync] Stopped: WebAuthn Credentials
2026-05-04 19:21:42.095: [INFO][Sync] Stopped: Collection
2026-05-04 19:21:42.096: [INFO][Sync] Stopped: Edge E Drop
2026-05-04 19:21:42.096: [INFO][Sync] Stopped: Edge Hub App Usage
2026-05-04 19:21:42.096: [INFO][Sync] Stopped: Edge Wallet
2026-05-04 19:21:42.096: [INFO][Sync] Stopped: Edge Workspace
2026-05-04 19:21:42.096: [INFO][Sync] SyncState after authenticated was: NotSignedIn
2026-05-04 19:21:42.566: [INFO][Sync] Reset engine, reason: 8
2026-05-04 19:21:42.566: [INFO][Sync] Stopped: Bookmarks
2026-05-04 19:21:42.566: [INFO][Sync] Stopped: Preferences
2026-05-04 19:21:42.566: [INFO][Sync] Stopped: Passwords
2026-05-04 19:21:42.566: [INFO][Sync] Stopped: Autofill Profiles
2026-05-04 19:21:42.566: [INFO][Sync] Stopped: Autofill
2026-05-04 19:21:42.566: [INFO][Sync] Stopped: Extensions
2026-05-04 19:21:42.566: [INFO][Sync] Stopped: Sessions
2026-05-04 19:21:42.566: [INFO][Sync] Stopped: Extension settings
2026-05-04 19:21:42.566: [INFO][Sync] Stopped: History Delete Directives
2026-05-04 19:21:42.566: [INFO][Sync] Stopped: Device Info
2026-05-04 19:21:42.566: [INFO][Sync] Stopped: User Consents
2026-05-04 19:21:42.566: [INFO][Sync] Stopped: Send Tab To Self
2026-05-04 19:21:42.566: [INFO][Sync] Stopped: Web Apps
2026-05-04 19:21:42.566: [INFO][Sync] Stopped: History
2026-05-04 19:21:42.566: [INFO][Sync] Stopped: Saved Tab Group
2026-05-04 19:21:42.566: [INFO][Sync] Stopped: WebAuthn Credentials
2026-05-04 19:21:42.566: [INFO][Sync] Stopped: Collection
2026-05-04 19:21:42.566: [INFO][Sync] Stopped: Edge E Drop
2026-05-04 19:21:42.566: [INFO][Sync] Stopped: Edge Hub App Usage
2026-05-04 19:21:42.566: [INFO][Sync] Stopped: Edge Wallet
2026-05-04 19:21:42.566: [INFO][Sync] Stopped: Edge Workspace
2026-05-04 19:29:14.768: [INFO][Sync] Reset engine, reason: 0
2026-05-04 19:29:21.408: [INFO][Sync] Reset engine, reason: 8
2026-05-04 19:29:21.408: [INFO][Sync] Stopped: Bookmarks
2026-05-04 19:29:21.408: [INFO][Sync] Stopped: Preferences
2026-05-04 19:29:21.408: [INFO][Sync] Stopped: Passwords
2026-05-04 19:29:21.408: [INFO][Sync] Stopped: Autofill Profiles
2026-05-04 19:29:21.408: [INFO][Sync] Stopped: Autofill
2026-05-04 19:29:21.408: [INFO][Sync] Stopped: Extensions
2026-05-04 19:29:21.408: [INFO][Sync] Stopped: Sessions
2026-05-04 19:29:21.408: [INFO][Sync] Stopped: Extension settings
2026-05-04 19:29:21.408: [INFO][Sync] Stopped: History Delete Directives
2026-05-04 19:29:21.408: [INFO][Sync] Stopped: Device Info
2026-05-04 19:29:21.409: [INFO][Sync] Stopped: User Consents
2026-05-04 19:29:21.409: [INFO][Sync] Stopped: Send Tab To Self
2026-05-04 19:29:21.409: [INFO][Sync] Stopped: Web Apps
2026-05-04 19:29:21.409: [INFO][Sync] Stopped: History
2026-05-04 19:29:21.409: [INFO][Sync] Stopped: Saved Tab Group
2026-05-04 19:29:21.409: [INFO][Sync] Stopped: WebAuthn Credentials
2026-05-04 19:29:21.409: [INFO][Sync] Stopped: Collection
2026-05-04 19:29:21.409: [INFO][Sync] Stopped: Edge E Drop
2026-05-04 19:29:21.409: [INFO][Sync] Stopped: Edge Hub App Usage
2026-05-04 19:29:21.409: [INFO][Sync] Stopped: Edge Wallet
2026-05-04 19:29:21.409: [INFO][Sync] Stopped: Edge Workspace
2026-05-04 19:29:21.409: [INFO][Sync] SyncState after authenticated was: NotSignedIn
2026-05-04 19:29:23.129: [INFO][Sync] Reset engine, reason: 8
2026-05-04 19:29:23.129: [INFO][Sync] Stopped: Bookmarks
2026-05-04 19:29:23.129: [INFO][Sync] Stopped: Preferences
2026-05-04 19:29:23.129: [INFO][Sync] Stopped: Passwords
2026-05-04 19:29:23.129: [INFO][Sync] Stopped: Autofill Profiles
2026-05-04 19:29:23.129: [INFO][Sync] Stopped: Autofill
2026-05-04 19:29:23.129: [INFO][Sync] Stopped: Extensions
2026-05-04 19:29:23.129: [INFO][Sync] Stopped: Sessions
2026-05-04 19:29:23.129: [INFO][Sync] Stopped: Extension settings
2026-05-04 19:29:23.129: [INFO][Sync] Stopped: History Delete Directives
2026-05-04 19:29:23.129: [INFO][Sync] Stopped: Device Info
2026-05-04 19:29:23.129: [INFO][Sync] Stopped: User Consents
2026-05-04 19:29:23.129: [INFO][Sync] Stopped: Send Tab To Self
2026-05-04 19:29:23.129: [INFO][Sync] Stopped: Web Apps
2026-05-04 19:29:23.129: [INFO][Sync] Stopped: History
2026-05-04 19:29:23.129: [INFO][Sync] Stopped: Saved Tab Group
2026-05-04 19:29:23.129: [INFO][Sync] Stopped: WebAuthn Credentials
2026-05-04 19:29:23.129: [INFO][Sync] Stopped: Collection
2026-05-04 19:29:23.129: [INFO][Sync] Stopped: Edge E Drop
2026-05-04 19:29:23.129: [INFO][Sync] Stopped: Edge Hub App Usage
2026-05-04 19:29:23.129: [INFO][Sync] Stopped: Edge Wallet
2026-05-04 19:29:23.129: [INFO][Sync] Stopped: Edge Workspace
2026-05-04 20:08:14.064: [INFO][Sync] Reset engine, reason: 0
2026-05-04 20:08:19.286: [INFO][Sync] Reset engine, reason: 8
2026-05-04 20:08:19.286: [INFO][Sync] Stopped: Bookmarks
2026-05-04 20:08:19.286: [INFO][Sync] Stopped: Preferences
2026-05-04 20:08:19.286: [INFO][Sync] Stopped: Passwords
2026-05-04 20:08:19.286: [INFO][Sync] Stopped: Autofill Profiles
2026-05-04 20:08:19.286: [INFO][Sync] Stopped: Autofill
2026-05-04 20:08:19.286: [INFO][Sync] Stopped: Extensions
2026-05-04 20:08:19.286: [INFO][Sync] Stopped: Sessions
2026-05-04 20:08:19.286: [INFO][Sync] Stopped: Extension settings
2026-05-04 20:08:19.286: [INFO][Sync] Stopped: History Delete Directives
2026-05-04 20:08:19.286: [INFO][Sync] Stopped: Device Info
2026-05-04 20:08:19.286: [INFO][Sync] Stopped: User Consents
2026-05-04 20:08:19.286: [INFO][Sync] Stopped: Send Tab To Self
2026-05-04 20:08:19.287: [INFO][Sync] Stopped: Web Apps
2026-05-04 20:08:19.287: [INFO][Sync] Stopped: History
2026-05-04 20:08:19.287: [INFO][Sync] Stopped: Saved Tab Group
2026-05-04 20:08:19.287: [INFO][Sync] Stopped: WebAuthn Credentials
2026-05-04 20:08:19.287: [INFO][Sync] Stopped: Collection
2026-05-04 20:08:19.287: [INFO][Sync] Stopped: Edge E Drop
2026-05-04 20:08:19.287: [INFO][Sync] Stopped: Edge Hub App Usage
2026-05-04 20:08:19.287: [INFO][Sync] Stopped: Edge Wallet
2026-05-04 20:08:19.287: [INFO][Sync] Stopped: Edge Workspace
2026-05-04 20:08:19.287: [INFO][Sync] SyncState after authenticated was: NotSignedIn
2026-05-04 20:08:26.012: [INFO][Sync] Reset engine, reason: 8
2026-05-04 20:08:26.012: [INFO][Sync] Stopped: Bookmarks
2026-05-04 20:08:26.012: [INFO][Sync] Stopped: Preferences
2026-05-04 20:08:26.012: [INFO][Sync] Stopped: Passwords
2026-05-04 20:08:26.012: [INFO][Sync] Stopped: Autofill Profiles
2026-05-04 20:08:26.012: [INFO][Sync] Stopped: Autofill
2026-05-04 20:08:26.012: [INFO][Sync] Stopped: Extensions
2026-05-04 20:08:26.012: [INFO][Sync] Stopped: Sessions
2026-05-04 20:08:26.013: [INFO][Sync] Stopped: Extension settings
2026-05-04 20:08:26.013: [INFO][Sync] Stopped: History Delete Directives
2026-05-04 20:08:26.013: [INFO][Sync] Stopped: Device Info
2026-05-04 20:08:26.013: [INFO][Sync] Stopped: User Consents
2026-05-04 20:08:26.013: [INFO][Sync] Stopped: Send Tab To Self
2026-05-04 20:08:26.013: [INFO][Sync] Stopped: Web Apps
2026-05-04 20:08:26.013: [INFO][Sync] Stopped: History
2026-05-04 20:08:26.013: [INFO][Sync] Stopped: Saved Tab Group
2026-05-04 20:08:26.013: [INFO][Sync] Stopped: WebAuthn Credentials
2026-05-04 20:08:26.013: [INFO][Sync] Stopped: Collection
2026-05-04 20:08:26.013: [INFO][Sync] Stopped: Edge E Drop
2026-05-04 20:08:26.013: [INFO][Sync] Stopped: Edge Hub App Usage
2026-05-04 20:08:26.013: [INFO][Sync] Stopped: Edge Wallet
2026-05-04 20:08:26.013: [INFO][Sync] Stopped: Edge Workspace
2026-05-04 22:14:22.340: [INFO][Sync] Reset engine, reason: 0
2026-05-05 21:06:32.460: [INFO][Sync] Reset engine, reason: 8
2026-05-05 21:06:32.460: [INFO][Sync] Stopped: Bookmarks
2026-05-05 21:06:32.460: [INFO][Sync] Stopped: Preferences
2026-05-05 21:06:32.461: [INFO][Sync] Stopped: Passwords
2026-05-05 21:06:32.461: [INFO][Sync] Stopped: Autofill Profiles
2026-05-05 21:06:32.461: [INFO][Sync] Stopped: Autofill
2026-05-05 21:06:32.461: [INFO][Sync] Stopped: Extensions
2026-05-05 21:06:32.461: [INFO][Sync] Stopped: Sessions
2026-05-05 21:06:32.461: [INFO][Sync] Stopped: Extension settings
2026-05-05 21:06:32.461: [INFO][Sync] Stopped: History Delete Directives
2026-05-05 21:06:32.461: [INFO][Sync] Stopped: Device Info
2026-05-05 21:06:32.461: [INFO][Sync] Stopped: User Consents
2026-05-05 21:06:32.461: [INFO][Sync] Stopped: Send Tab To Self
2026-05-05 21:06:32.461: [INFO][Sync] Stopped: Web Apps
2026-05-05 21:06:32.461: [INFO][Sync] Stopped: History
2026-05-05 21:06:32.461: [INFO][Sync] Stopped: Saved Tab Group
2026-05-05 21:06:32.461: [INFO][Sync] Stopped: WebAuthn Credentials
2026-05-05 21:06:32.461: [INFO][Sync] Stopped: Collection
2026-05-05 21:06:32.461: [INFO][Sync] Stopped: Edge E Drop
2026-05-05 21:06:32.461: [INFO][Sync] Stopped: Edge Hub App Usage
2026-05-05 21:06:32.461: [INFO][Sync] Stopped: Edge Wallet
2026-05-05 21:06:32.461: [INFO][Sync] Stopped: Edge Workspace
2026-05-05 21:06:32.461: [INFO][Sync] SyncState after authenticated was: NotSignedIn
2026-05-05 21:06:33.510: [INFO][Sync] Reset engine, reason: 8
2026-05-05 21:06:33.510: [INFO][Sync] Stopped: Bookmarks
2026-05-05 21:06:33.510: [INFO][Sync] Stopped: Preferences
2026-05-05 21:06:33.510: [INFO][Sync] Stopped: Passwords
2026-05-05 21:06:33.510: [INFO][Sync] Stopped: Autofill Profiles
2026-05-05 21:06:33.510: [INFO][Sync] Stopped: Autofill
2026-05-05 21:06:33.510: [INFO][Sync] Stopped: Extensions
2026-05-05 21:06:33.510: [INFO][Sync] Stopped: Sessions
2026-05-05 21:06:33.510: [INFO][Sync] Stopped: Extension settings
2026-05-05 21:06:33.510: [INFO][Sync] Stopped: History Delete Directives
2026-05-05 21:06:33.510: [INFO][Sync] Stopped: Device Info
2026-05-05 21:06:33.510: [INFO][Sync] Stopped: User Consents
2026-05-05 21:06:33.510: [INFO][Sync] Stopped: Send Tab To Self
2026-05-05 21:06:33.510: [INFO][Sync] Stopped: Web Apps
2026-05-05 21:06:33.510: [INFO][Sync] Stopped: History
2026-05-05 21:06:33.510: [INFO][Sync] Stopped: Saved Tab Group
2026-05-05 21:06:33.510: [INFO][Sync] Stopped: WebAuthn Credentials
2026-05-05 21:06:33.510: [INFO][Sync] Stopped: Collection
2026-05-05 21:06:33.510: [INFO][Sync] Stopped: Edge E Drop
2026-05-05 21:06:33.510: [INFO][Sync] Stopped: Edge Hub App Usage
2026-05-05 21:06:33.510: [INFO][Sync] Stopped: Edge Wallet
2026-05-05 21:06:33.510: [INFO][Sync] Stopped: Edge Workspace
2026-05-05 21:07:06.820: [INFO][Sync] Reset engine, reason: 0
2026-05-05 21:07:44.596: [INFO][Sync] Reset engine, reason: 8
2026-05-05 21:07:44.596: [INFO][Sync] Stopped: Bookmarks
2026-05-05 21:07:44.596: [INFO][Sync] Stopped: Preferences
2026-05-05 21:07:44.596: [INFO][Sync] Stopped: Passwords
2026-05-05 21:07:44.596: [INFO][Sync] Stopped: Autofill Profiles
2026-05-05 21:07:44.596: [INFO][Sync] Stopped: Autofill
2026-05-05 21:07:44.596: [INFO][Sync] Stopped: Extensions
2026-05-05 21:07:44.596: [INFO][Sync] Stopped: Sessions
2026-05-05 21:07:44.596: [INFO][Sync] Stopped: Extension settings
2026-05-05 21:07:44.596: [INFO][Sync] Stopped: History Delete Directives
2026-05-05 21:07:44.596: [INFO][Sync] Stopped: Device Info
2026-05-05 21:07:44.596: [INFO][Sync] Stopped: User Consents
2026-05-05 21:07:44.596: [INFO][Sync] Stopped: Send Tab To Self
2026-05-05 21:07:44.596: [INFO][Sync] Stopped: Web Apps
2026-05-05 21:07:44.596: [INFO][Sync] Stopped: History
2026-05-05 21:07:44.596: [INFO][Sync] Stopped: Saved Tab Group
2026-05-05 21:07:44.596: [INFO][Sync] Stopped: WebAuthn Credentials
2026-05-05 21:07:44.596: [INFO][Sync] Stopped: Collection
2026-05-05 21:07:44.596: [INFO][Sync] Stopped: Edge E Drop
2026-05-05 21:07:44.596: [INFO][Sync] Stopped: Edge Hub App Usage
2026-05-05 21:07:44.596: [INFO][Sync] Stopped: Edge Wallet
2026-05-05 21:07:44.596: [INFO][Sync] Stopped: Edge Workspace
2026-05-05 21:07:44.597: [INFO][Sync] SyncState after authenticated was: NotSignedIn
2026-05-05 21:07:45.917: [INFO][Sync] Reset engine, reason: 8
2026-05-05 21:07:45.917: [INFO][Sync] Stopped: Bookmarks
2026-05-05 21:07:45.917: [INFO][Sync] Stopped: Preferences
2026-05-05 21:07:45.917: [INFO][Sync] Stopped: Passwords
2026-05-05 21:07:45.917: [INFO][Sync] Stopped: Autofill Profiles
2026-05-05 21:07:45.917: [INFO][Sync] Stopped: Autofill
2026-05-05 21:07:45.917: [INFO][Sync] Stopped: Extensions
2026-05-05 21:07:45.917: [INFO][Sync] Stopped: Sessions
2026-05-05 21:07:45.917: [INFO][Sync] Stopped: Extension settings
2026-05-05 21:07:45.917: [INFO][Sync] Stopped: History Delete Directives
2026-05-05 21:07:45.917: [INFO][Sync] Stopped: Device Info
2026-05-05 21:07:45.917: [INFO][Sync] Stopped: User Consents
2026-05-05 21:07:45.917: [INFO][Sync] Stopped: Send Tab To Self
2026-05-05 21:07:45.917: [INFO][Sync] Stopped: Web Apps
2026-05-05 21:07:45.917: [INFO][Sync] Stopped: History
2026-05-05 21:07:45.917: [INFO][Sync] Stopped: Saved Tab Group
2026-05-05 21:07:45.917: [INFO][Sync] Stopped: WebAuthn Credentials
2026-05-05 21:07:45.917: [INFO][Sync] Stopped: Collection
2026-05-05 21:07:45.917: [INFO][Sync] Stopped: Edge E Drop
2026-05-05 21:07:45.917: [INFO][Sync] Stopped: Edge Hub App Usage
2026-05-05 21:07:45.917: [INFO][Sync] Stopped: Edge Wallet
2026-05-05 21:07:45.917: [INFO][Sync] Stopped: Edge Workspace
2026-05-05 22:39:07.855: [INFO][Sync] Reset engine, reason: 0
2026-05-05 22:43:58.271: [INFO][Sync] Reset engine, reason: 8
2026-05-05 22:43:58.271: [INFO][Sync] Stopped: Bookmarks
2026-05-05 22:43:58.271: [INFO][Sync] Stopped: Preferences
2026-05-05 22:43:58.271: [INFO][Sync] Stopped: Passwords
2026-05-05 22:43:58.271: [INFO][Sync] Stopped: Autofill Profiles
2026-05-05 22:43:58.271: [INFO][Sync] Stopped: Autofill
2026-05-05 22:43:58.271: [INFO][Sync] Stopped: Extensions
2026-05-05 22:43:58.271: [INFO][Sync] Stopped: Sessions
2026-05-05 22:43:58.271: [INFO][Sync] Stopped: Extension settings
2026-05-05 22:43:58.271: [INFO][Sync] Stopped: History Delete Directives
2026-05-05 22:43:58.271: [INFO][Sync] Stopped: Device Info
2026-05-05 22:43:58.271: [INFO][Sync] Stopped: User Consents
2026-05-05 22:43:58.271: [INFO][Sync] Stopped: Send Tab To Self
2026-05-05 22:43:58.271: [INFO][Sync] Stopped: Web Apps
2026-05-05 22:43:58.271: [INFO][Sync] Stopped: History
2026-05-05 22:43:58.271: [INFO][Sync] Stopped: Saved Tab Group
2026-05-05 22:43:58.271: [INFO][Sync] Stopped: WebAuthn Credentials
2026-05-05 22:43:58.271: [INFO][Sync] Stopped: Collection
2026-05-05 22:43:58.271: [INFO][Sync] Stopped: Edge E Drop
2026-05-05 22:43:58.271: [INFO][Sync] Stopped: Edge Hub App Usage
2026-05-05 22:43:58.271: [INFO][Sync] Stopped: Edge Wallet
2026-05-05 22:43:58.271: [INFO][Sync] Stopped: Edge Workspace
2026-05-05 22:43:58.272: [INFO][Sync] SyncState after authenticated was: NotSignedIn
2026-05-05 22:43:59.259: [INFO][Sync] Reset engine, reason: 8
2026-05-05 22:43:59.259: [INFO][Sync] Stopped: Bookmarks
2026-05-05 22:43:59.259: [INFO][Sync] Stopped: Preferences
2026-05-05 22:43:59.259: [INFO][Sync] Stopped: Passwords
2026-05-05 22:43:59.259: [INFO][Sync] Stopped: Autofill Profiles
2026-05-05 22:43:59.259: [INFO][Sync] Stopped: Autofill
2026-05-05 22:43:59.259: [INFO][Sync] Stopped: Extensions
2026-05-05 22:43:59.259: [INFO][Sync] Stopped: Sessions
2026-05-05 22:43:59.259: [INFO][Sync] Stopped: Extension settings
2026-05-05 22:43:59.259: [INFO][Sync] Stopped: History Delete Directives
2026-05-05 22:43:59.259: [INFO][Sync] Stopped: Device Info
2026-05-05 22:43:59.259: [INFO][Sync] Stopped: User Consents
2026-05-05 22:43:59.259: [INFO][Sync] Stopped: Send Tab To Self
2026-05-05 22:43:59.259: [INFO][Sync] Stopped: Web Apps
2026-05-05 22:43:59.259: [INFO][Sync] Stopped: History
2026-05-05 22:43:59.259: [INFO][Sync] Stopped: Saved Tab Group
2026-05-05 22:43:59.259: [INFO][Sync] Stopped: WebAuthn Credentials
2026-05-05 22:43:59.259: [INFO][Sync] Stopped: Collection
2026-05-05 22:43:59.259: [INFO][Sync] Stopped: Edge E Drop
2026-05-05 22:43:59.259: [INFO][Sync] Stopped: Edge Hub App Usage
2026-05-05 22:43:59.259: [INFO][Sync] Stopped: Edge Wallet
2026-05-05 22:43:59.259: [INFO][Sync] Stopped: Edge Workspace
2026-05-05 22:56:47.809: [INFO][Sync] Reset engine, reason: 0
2026-05-05 22:56:50.963: [INFO][Sync] Reset engine, reason: 8
2026-05-05 22:56:50.963: [INFO][Sync] Stopped: Bookmarks
2026-05-05 22:56:50.963: [INFO][Sync] Stopped: Preferences
2026-05-05 22:56:50.963: [INFO][Sync] Stopped: Passwords
2026-05-05 22:56:50.963: [INFO][Sync] Stopped: Autofill Profiles
2026-05-05 22:56:50.963: [INFO][Sync] Stopped: Autofill
2026-05-05 22:56:50.963: [INFO][Sync] Stopped: Extensions
2026-05-05 22:56:50.963: [INFO][Sync] Stopped: Sessions
2026-05-05 22:56:50.963: [INFO][Sync] Stopped: Extension settings
2026-05-05 22:56:50.963: [INFO][Sync] Stopped: History Delete Directives
2026-05-05 22:56:50.963: [INFO][Sync] Stopped: Device Info
2026-05-05 22:56:50.963: [INFO][Sync] Stopped: User Consents
2026-05-05 22:56:50.963: [INFO][Sync] Stopped: Send Tab To Self
2026-05-05 22:56:50.963: [INFO][Sync] Stopped: Web Apps
2026-05-05 22:56:50.963: [INFO][Sync] Stopped: History
2026-05-05 22:56:50.963: [INFO][Sync] Stopped: Saved Tab Group
2026-05-05 22:56:50.963: [INFO][Sync] Stopped: WebAuthn Credentials
2026-05-05 22:56:50.963: [INFO][Sync] Stopped: Collection
2026-05-05 22:56:50.963: [INFO][Sync] Stopped: Edge E Drop
2026-05-05 22:56:50.963: [INFO][Sync] Stopped: Edge Hub App Usage
2026-05-05 22:56:50.963: [INFO][Sync] Stopped: Edge Wallet
2026-05-05 22:56:50.963: [INFO][Sync] Stopped: Edge Workspace
2026-05-05 22:56:50.963: [INFO][Sync] SyncState after authenticated was: NotSignedIn
2026-05-05 22:56:52.454: [INFO][Sync] Reset engine, reason: 8
2026-05-05 22:56:52.454: [INFO][Sync] Stopped: Bookmarks
2026-05-05 22:56:52.454: [INFO][Sync] Stopped: Preferences
2026-05-05 22:56:52.454: [INFO][Sync] Stopped: Passwords
2026-05-05 22:56:52.454: [INFO][Sync] Stopped: Autofill Profiles
2026-05-05 22:56:52.454: [INFO][Sync] Stopped: Autofill
2026-05-05 22:56:52.454: [INFO][Sync] Stopped: Extensions
2026-05-05 22:56:52.454: [INFO][Sync] Stopped: Sessions
2026-05-05 22:56:52.454: [INFO][Sync] Stopped: Extension settings
2026-05-05 22:56:52.454: [INFO][Sync] Stopped: History Delete Directives
2026-05-05 22:56:52.454: [INFO][Sync] Stopped: Device Info
2026-05-05 22:56:52.454: [INFO][Sync] Stopped: User Consents
2026-05-05 22:56:52.454: [INFO][Sync] Stopped: Send Tab To Self
2026-05-05 22:56:52.454: [INFO][Sync] Stopped: Web Apps
2026-05-05 22:56:52.454: [INFO][Sync] Stopped: History
2026-05-05 22:56:52.454: [INFO][Sync] Stopped: Saved Tab Group
2026-05-05 22:56:52.454: [INFO][Sync] Stopped: WebAuthn Credentials
2026-05-05 22:56:52.454: [INFO][Sync] Stopped: Collection
2026-05-05 22:56:52.454: [INFO][Sync] Stopped: Edge E Drop
2026-05-05 22:56:52.454: [INFO][Sync] Stopped: Edge Hub App Usage
2026-05-05 22:56:52.454: [INFO][Sync] Stopped: Edge Wallet
2026-05-05 22:56:52.454: [INFO][Sync] Stopped: Edge Workspace
2026-05-05 23:18:24.360: [INFO][Sync] Reset engine, reason: 0
2026-05-05 23:18:35.015: [INFO][Sync] Reset engine, reason: 8
2026-05-05 23:18:35.015: [INFO][Sync] Stopped: Bookmarks
2026-05-05 23:18:35.015: [INFO][Sync] Stopped: Preferences
2026-05-05 23:18:35.015: [INFO][Sync] Stopped: Passwords
2026-05-05 23:18:35.015: [INFO][Sync] Stopped: Autofill Profiles
2026-05-05 23:18:35.015: [INFO][Sync] Stopped: Autofill
2026-05-05 23:18:35.015: [INFO][Sync] Stopped: Extensions
2026-05-05 23:18:35.015: [INFO][Sync] Stopped: Sessions
2026-05-05 23:18:35.015: [INFO][Sync] Stopped: Extension settings
2026-05-05 23:18:35.015: [INFO][Sync] Stopped: History Delete Directives
2026-05-05 23:18:35.015: [INFO][Sync] Stopped: Device Info
2026-05-05 23:18:35.015: [INFO][Sync] Stopped: User Consents
2026-05-05 23:18:35.016: [INFO][Sync] Stopped: Send Tab To Self
2026-05-05 23:18:35.016: [INFO][Sync] Stopped: Web Apps
2026-05-05 23:18:35.016: [INFO][Sync] Stopped: History
2026-05-05 23:18:35.016: [INFO][Sync] Stopped: Saved Tab Group
2026-05-05 23:18:35.016: [INFO][Sync] Stopped: WebAuthn Credentials
2026-05-05 23:18:35.016: [INFO][Sync] Stopped: Collection
2026-05-05 23:18:35.016: [INFO][Sync] Stopped: Edge E Drop
2026-05-05 23:18:35.016: [INFO][Sync] Stopped: Edge Hub App Usage
2026-05-05 23:18:35.016: [INFO][Sync] Stopped: Edge Wallet
2026-05-05 23:18:35.016: [INFO][Sync] Stopped: Edge Workspace
2026-05-05 23:18:35.016: [INFO][Sync] SyncState after authenticated was: NotSignedIn
2026-05-05 23:18:41.206: [INFO][Sync] Reset engine, reason: 8
2026-05-05 23:18:41.206: [INFO][Sync] Stopped: Bookmarks
2026-05-05 23:18:41.206: [INFO][Sync] Stopped: Preferences
2026-05-05 23:18:41.206: [INFO][Sync] Stopped: Passwords
2026-05-05 23:18:41.206: [INFO][Sync] Stopped: Autofill Profiles
2026-05-05 23:18:41.206: [INFO][Sync] Stopped: Autofill
2026-05-05 23:18:41.206: [INFO][Sync] Stopped: Extensions
2026-05-05 23:18:41.206: [INFO][Sync] Stopped: Sessions
2026-05-05 23:18:41.206: [INFO][Sync] Stopped: Extension settings
2026-05-05 23:18:41.206: [INFO][Sync] Stopped: History Delete Directives
2026-05-05 23:18:41.206: [INFO][Sync] Stopped: Device Info
2026-05-05 23:18:41.207: [INFO][Sync] Stopped: User Consents
2026-05-05 23:18:41.207: [INFO][Sync] Stopped: Send Tab To Self
2026-05-05 23:18:41.207: [INFO][Sync] Stopped: Web Apps
2026-05-05 23:18:41.207: [INFO][Sync] Stopped: History
2026-05-05 23:18:41.207: [INFO][Sync] Stopped: Saved Tab Group
2026-05-05 23:18:41.207: [INFO][Sync] Stopped: WebAuthn Credentials
2026-05-05 23:18:41.207: [INFO][Sync] Stopped: Collection
2026-05-05 23:18:41.207: [INFO][Sync] Stopped: Edge E Drop
2026-05-05 23:18:41.207: [INFO][Sync] Stopped: Edge Hub App Usage
2026-05-05 23:18:41.207: [INFO][Sync] Stopped: Edge Wallet
2026-05-05 23:18:41.207: [INFO][Sync] Stopped: Edge Workspace
2026-05-06 00:01:52.089: [INFO][Sync] Reset engine, reason: 0
2026-05-06 00:02:04.343: [INFO][Sync] Reset engine, reason: 8
2026-05-06 00:02:04.343: [INFO][Sync] Stopped: Bookmarks
2026-05-06 00:02:04.343: [INFO][Sync] Stopped: Preferences
2026-05-06 00:02:04.344: [INFO][Sync] Stopped: Passwords
2026-05-06 00:02:04.344: [INFO][Sync] Stopped: Autofill Profiles
2026-05-06 00:02:04.344: [INFO][Sync] Stopped: Autofill
2026-05-06 00:02:04.344: [INFO][Sync] Stopped: Extensions
2026-05-06 00:02:04.344: [INFO][Sync] Stopped: Sessions
2026-05-06 00:02:04.344: [INFO][Sync] Stopped: Extension settings
2026-05-06 00:02:04.344: [INFO][Sync] Stopped: History Delete Directives
2026-05-06 00:02:04.344: [INFO][Sync] Stopped: Device Info
2026-05-06 00:02:04.344: [INFO][Sync] Stopped: User Consents
2026-05-06 00:02:04.344: [INFO][Sync] Stopped: Send Tab To Self
2026-05-06 00:02:04.344: [INFO][Sync] Stopped: Web Apps
2026-05-06 00:02:04.344: [INFO][Sync] Stopped: History
2026-05-06 00:02:04.344: [INFO][Sync] Stopped: Saved Tab Group
2026-05-06 00:02:04.344: [INFO][Sync] Stopped: WebAuthn Credentials
2026-05-06 00:02:04.344: [INFO][Sync] Stopped: Collection
2026-05-06 00:02:04.344: [INFO][Sync] Stopped: Edge E Drop
2026-05-06 00:02:04.344: [INFO][Sync] Stopped: Edge Hub App Usage
2026-05-06 00:02:04.344: [INFO][Sync] Stopped: Edge Wallet
2026-05-06 00:02:04.344: [INFO][Sync] Stopped: Edge Workspace
2026-05-06 00:02:04.344: [INFO][Sync] SyncState after authenticated was: NotSignedIn
2026-05-06 00:02:08.574: [INFO][Sync] Reset engine, reason: 8
2026-05-06 00:02:08.574: [INFO][Sync] Stopped: Bookmarks
2026-05-06 00:02:08.574: [INFO][Sync] Stopped: Preferences
2026-05-06 00:02:08.574: [INFO][Sync] Stopped: Passwords
2026-05-06 00:02:08.574: [INFO][Sync] Stopped: Autofill Profiles
2026-05-06 00:02:08.574: [INFO][Sync] Stopped: Autofill
2026-05-06 00:02:08.574: [INFO][Sync] Stopped: Extensions
2026-05-06 00:02:08.574: [INFO][Sync] Stopped: Sessions
2026-05-06 00:02:08.574: [INFO][Sync] Stopped: Extension settings
2026-05-06 00:02:08.574: [INFO][Sync] Stopped: History Delete Directives
2026-05-06 00:02:08.574: [INFO][Sync] Stopped: Device Info
2026-05-06 00:02:08.574: [INFO][Sync] Stopped: User Consents
2026-05-06 00:02:08.574: [INFO][Sync] Stopped: Send Tab To Self
2026-05-06 00:02:08.574: [INFO][Sync] Stopped: Web Apps
2026-05-06 00:02:08.574: [INFO][Sync] Stopped: History
2026-05-06 00:02:08.574: [INFO][Sync] Stopped: Saved Tab Group
2026-05-06 00:02:08.574: [INFO][Sync] Stopped: WebAuthn Credentials
2026-05-06 00:02:08.574: [INFO][Sync] Stopped: Collection
2026-05-06 00:02:08.574: [INFO][Sync] Stopped: Edge E Drop
2026-05-06 00:02:08.574: [INFO][Sync] Stopped: Edge Hub App Usage
2026-05-06 00:02:08.574: [INFO][Sync] Stopped: Edge Wallet
2026-05-06 00:02:08.574: [INFO][Sync] Stopped: Edge Workspace
2026-05-06 01:02:04.763: [INFO][Sync] Reset engine, reason: 0
2026-05-06 01:02:05.745: [INFO][Sync] Reset engine, reason: 8
2026-05-06 01:02:05.745: [INFO][Sync] Stopped: Bookmarks
2026-05-06 01:02:05.746: [INFO][Sync] Stopped: Preferences
2026-05-06 01:02:05.746: [INFO][Sync] Stopped: Passwords
2026-05-06 01:02:05.746: [INFO][Sync] Stopped: Autofill Profiles
2026-05-06 01:02:05.746: [INFO][Sync] Stopped: Autofill
2026-05-06 01:02:05.746: [INFO][Sync] Stopped: Extensions
2026-05-06 01:02:05.746: [INFO][Sync] Stopped: Sessions
2026-05-06 01:02:05.746: [INFO][Sync] Stopped: Extension settings
2026-05-06 01:02:05.746: [INFO][Sync] Stopped: History Delete Directives
2026-05-06 01:02:05.746: [INFO][Sync] Stopped: Device Info
2026-05-06 01:02:05.746: [INFO][Sync] Stopped: User Consents
2026-05-06 01:02:05.746: [INFO][Sync] Stopped: Send Tab To Self
2026-05-06 01:02:05.746: [INFO][Sync] Stopped: Web Apps
2026-05-06 01:02:05.746: [INFO][Sync] Stopped: History
2026-05-06 01:02:05.746: [INFO][Sync] Stopped: Saved Tab Group
2026-05-06 01:02:05.746: [INFO][Sync] Stopped: WebAuthn Credentials
2026-05-06 01:02:05.746: [INFO][Sync] Stopped: Collection
2026-05-06 01:02:05.746: [INFO][Sync] Stopped: Edge E Drop
2026-05-06 01:02:05.746: [INFO][Sync] Stopped: Edge Hub App Usage
2026-05-06 01:02:05.746: [INFO][Sync] Stopped: Edge Wallet
2026-05-06 01:02:05.746: [INFO][Sync] Stopped: Edge Workspace
2026-05-06 01:02:05.746: [INFO][Sync] SyncState after authenticated was: NotSignedIn
2026-05-06 01:02:06.420: [INFO][Sync] Reset engine, reason: 8
2026-05-06 01:02:06.420: [INFO][Sync] Stopped: Bookmarks
2026-05-06 01:02:06.420: [INFO][Sync] Stopped: Preferences
2026-05-06 01:02:06.420: [INFO][Sync] Stopped: Passwords
2026-05-06 01:02:06.420: [INFO][Sync] Stopped: Autofill Profiles
2026-05-06 01:02:06.420: [INFO][Sync] Stopped: Autofill
2026-05-06 01:02:06.420: [INFO][Sync] Stopped: Extensions
2026-05-06 01:02:06.420: [INFO][Sync] Stopped: Sessions
2026-05-06 01:02:06.420: [INFO][Sync] Stopped: Extension settings
2026-05-06 01:02:06.420: [INFO][Sync] Stopped: History Delete Directives
2026-05-06 01:02:06.420: [INFO][Sync] Stopped: Device Info
2026-05-06 01:02:06.420: [INFO][Sync] Stopped: User Consents
2026-05-06 01:02:06.420: [INFO][Sync] Stopped: Send Tab To Self
2026-05-06 01:02:06.420: [INFO][Sync] Stopped: Web Apps
2026-05-06 01:02:06.420: [INFO][Sync] Stopped: History
2026-05-06 01:02:06.420: [INFO][Sync] Stopped: Saved Tab Group
2026-05-06 01:02:06.420: [INFO][Sync] Stopped: WebAuthn Credentials
2026-05-06 01:02:06.420: [INFO][Sync] Stopped: Collection
2026-05-06 01:02:06.420: [INFO][Sync] Stopped: Edge E Drop
2026-05-06 01:02:06.420: [INFO][Sync] Stopped: Edge Hub App Usage
2026-05-06 01:02:06.420: [INFO][Sync] Stopped: Edge Wallet
2026-05-06 01:02:06.420: [INFO][Sync] Stopped: Edge Workspace
2026-05-06 03:15:10.283: [INFO][Sync] Reset engine, reason: 0
2026-05-06 05:24:15.869: [INFO][Sync] Reset engine, reason: 8
2026-05-06 05:24:15.869: [INFO][Sync] Stopped: Bookmarks
2026-05-06 05:24:15.869: [INFO][Sync] Stopped: Preferences
2026-05-06 05:24:15.869: [INFO][Sync] Stopped: Passwords
2026-05-06 05:24:15.869: [INFO][Sync] Stopped: Autofill Profiles
2026-05-06 05:24:15.869: [INFO][Sync] Stopped: Autofill
2026-05-06 05:24:15.869: [INFO][Sync] Stopped: Extensions
2026-05-06 05:24:15.869: [INFO][Sync] Stopped: Sessions
2026-05-06 05:24:15.869: [INFO][Sync] Stopped: Extension settings
2026-05-06 05:24:15.869: [INFO][Sync] Stopped: History Delete Directives
2026-05-06 05:24:15.869: [INFO][Sync] Stopped: Device Info
2026-05-06 05:24:15.869: [INFO][Sync] Stopped: User Consents
2026-05-06 05:24:15.869: [INFO][Sync] Stopped: Send Tab To Self
2026-05-06 05:24:15.869: [INFO][Sync] Stopped: Web Apps
2026-05-06 05:24:15.869: [INFO][Sync] Stopped: History
2026-05-06 05:24:15.869: [INFO][Sync] Stopped: Saved Tab Group
2026-05-06 05:24:15.869: [INFO][Sync] Stopped: WebAuthn Credentials
2026-05-06 05:24:15.869: [INFO][Sync] Stopped: Collection
2026-05-06 05:24:15.869: [INFO][Sync] Stopped: Edge E Drop
2026-05-06 05:24:15.869: [INFO][Sync] Stopped: Edge Hub App Usage
2026-05-06 05:24:15.869: [INFO][Sync] Stopped: Edge Wallet
2026-05-06 05:24:15.869: [INFO][Sync] Stopped: Edge Workspace
2026-05-06 05:24:15.869: [INFO][Sync] SyncState after authenticated was: NotSignedIn
2026-05-06 05:24:16.594: [INFO][Sync] Reset engine, reason: 8
2026-05-06 05:24:16.594: [INFO][Sync] Stopped: Bookmarks
2026-05-06 05:24:16.594: [INFO][Sync] Stopped: Preferences
2026-05-06 05:24:16.594: [INFO][Sync] Stopped: Passwords
2026-05-06 05:24:16.594: [INFO][Sync] Stopped: Autofill Profiles
2026-05-06 05:24:16.594: [INFO][Sync] Stopped: Autofill
2026-05-06 05:24:16.594: [INFO][Sync] Stopped: Extensions
2026-05-06 05:24:16.594: [INFO][Sync] Stopped: Sessions
2026-05-06 05:24:16.594: [INFO][Sync] Stopped: Extension settings
2026-05-06 05:24:16.594: [INFO][Sync] Stopped: History Delete Directives
2026-05-06 05:24:16.594: [INFO][Sync] Stopped: Device Info
2026-05-06 05:24:16.594: [INFO][Sync] Stopped: User Consents
2026-05-06 05:24:16.594: [INFO][Sync] Stopped: Send Tab To Self
2026-05-06 05:24:16.594: [INFO][Sync] Stopped: Web Apps
2026-05-06 05:24:16.594: [INFO][Sync] Stopped: History
2026-05-06 05:24:16.594: [INFO][Sync] Stopped: Saved Tab Group
2026-05-06 05:24:16.594: [INFO][Sync] Stopped: WebAuthn Credentials
2026-05-06 05:24:16.594: [INFO][Sync] Stopped: Collection
2026-05-06 05:24:16.594: [INFO][Sync] Stopped: Edge E Drop
2026-05-06 05:24:16.594: [INFO][Sync] Stopped: Edge Hub App Usage
2026-05-06 05:24:16.594: [INFO][Sync] Stopped: Edge Wallet
2026-05-06 05:24:16.594: [INFO][Sync] Stopped: Edge Workspace
2026-05-06 05:49:25.157: [INFO][Sync] Reset engine, reason: 0
2026-05-06 18:15:44.802: [INFO][Sync] Reset engine, reason: 8
2026-05-06 18:15:44.803: [INFO][Sync] Stopped: Bookmarks
2026-05-06 18:15:44.803: [INFO][Sync] Stopped: Preferences
2026-05-06 18:15:44.803: [INFO][Sync] Stopped: Passwords
2026-05-06 18:15:44.803: [INFO][Sync] Stopped: Autofill Profiles
2026-05-06 18:15:44.803: [INFO][Sync] Stopped: Autofill
2026-05-06 18:15:44.803: [INFO][Sync] Stopped: Extensions
2026-05-06 18:15:44.803: [INFO][Sync] Stopped: Sessions
2026-05-06 18:15:44.803: [INFO][Sync] Stopped: Extension settings
2026-05-06 18:15:44.803: [INFO][Sync] Stopped: History Delete Directives
2026-05-06 18:15:44.803: [INFO][Sync] Stopped: Device Info
2026-05-06 18:15:44.803: [INFO][Sync] Stopped: User Consents
2026-05-06 18:15:44.803: [INFO][Sync] Stopped: Send Tab To Self
2026-05-06 18:15:44.803: [INFO][Sync] Stopped: Web Apps
2026-05-06 18:15:44.803: [INFO][Sync] Stopped: History
2026-05-06 18:15:44.803: [INFO][Sync] Stopped: Saved Tab Group
2026-05-06 18:15:44.803: [INFO][Sync] Stopped: WebAuthn Credentials
2026-05-06 18:15:44.803: [INFO][Sync] Stopped: Collection
2026-05-06 18:15:44.803: [INFO][Sync] Stopped: Edge E Drop
2026-05-06 18:15:44.803: [INFO][Sync] Stopped: Edge Hub App Usage
2026-05-06 18:15:44.803: [INFO][Sync] Stopped: Edge Wallet
2026-05-06 18:15:44.803: [INFO][Sync] Stopped: Edge Workspace
2026-05-06 18:15:44.804: [INFO][Sync] SyncState after authenticated was: NotSignedIn
2026-05-06 18:15:45.383: [INFO][Sync] Reset engine, reason: 8
2026-05-06 18:15:45.383: [INFO][Sync] Stopped: Bookmarks
2026-05-06 18:15:45.383: [INFO][Sync] Stopped: Preferences
2026-05-06 18:15:45.383: [INFO][Sync] Stopped: Passwords
2026-05-06 18:15:45.383: [INFO][Sync] Stopped: Autofill Profiles
2026-05-06 18:15:45.384: [INFO][Sync] Stopped: Autofill
2026-05-06 18:15:45.384: [INFO][Sync] Stopped: Extensions
2026-05-06 18:15:45.384: [INFO][Sync] Stopped: Sessions
2026-05-06 18:15:45.384: [INFO][Sync] Stopped: Extension settings
2026-05-06 18:15:45.384: [INFO][Sync] Stopped: History Delete Directives
2026-05-06 18:15:45.384: [INFO][Sync] Stopped: Device Info
2026-05-06 18:15:45.384: [INFO][Sync] Stopped: User Consents
2026-05-06 18:15:45.384: [INFO][Sync] Stopped: Send Tab To Self
2026-05-06 18:15:45.384: [INFO][Sync] Stopped: Web Apps
2026-05-06 18:15:45.384: [INFO][Sync] Stopped: History
2026-05-06 18:15:45.384: [INFO][Sync] Stopped: Saved Tab Group
2026-05-06 18:15:45.384: [INFO][Sync] Stopped: WebAuthn Credentials
2026-05-06 18:15:45.384: [INFO][Sync] Stopped: Collection
2026-05-06 18:15:45.384: [INFO][Sync] Stopped: Edge E Drop
2026-05-06 18:15:45.384: [INFO][Sync] Stopped: Edge Hub App Usage
2026-05-06 18:15:45.384: [INFO][Sync] Stopped: Edge Wallet
2026-05-06 18:15:45.384: [INFO][Sync] Stopped: Edge Workspace
2026-05-06 21:05:11.147: [INFO][Sync] Reset engine, reason: 0
2026-05-06 21:05:12.717: [INFO][Sync] Reset engine, reason: 8
2026-05-06 21:05:12.717: [INFO][Sync] Stopped: Bookmarks
2026-05-06 21:05:12.717: [INFO][Sync] Stopped: Preferences
2026-05-06 21:05:12.717: [INFO][Sync] Stopped: Passwords
2026-05-06 21:05:12.717: [INFO][Sync] Stopped: Autofill Profiles
2026-05-06 21:05:12.717: [INFO][Sync] Stopped: Autofill
2026-05-06 21:05:12.717: [INFO][Sync] Stopped: Extensions
2026-05-06 21:05:12.717: [INFO][Sync] Stopped: Sessions
2026-05-06 21:05:12.717: [INFO][Sync] Stopped: Extension settings
2026-05-06 21:05:12.717: [INFO][Sync] Stopped: History Delete Directives
2026-05-06 21:05:12.717: [INFO][Sync] Stopped: Device Info
2026-05-06 21:05:12.717: [INFO][Sync] Stopped: User Consents
2026-05-06 21:05:12.717: [INFO][Sync] Stopped: Send Tab To Self
2026-05-06 21:05:12.717: [INFO][Sync] Stopped: Web Apps
2026-05-06 21:05:12.717: [INFO][Sync] Stopped: History
2026-05-06 21:05:12.717: [INFO][Sync] Stopped: Saved Tab Group
2026-05-06 21:05:12.717: [INFO][Sync] Stopped: WebAuthn Credentials
2026-05-06 21:05:12.717: [INFO][Sync] Stopped: Collection
2026-05-06 21:05:12.717: [INFO][Sync] Stopped: Edge E Drop
2026-05-06 21:05:12.717: [INFO][Sync] Stopped: Edge Hub App Usage
2026-05-06 21:05:12.717: [INFO][Sync] Stopped: Edge Wallet
2026-05-06 21:05:12.717: [INFO][Sync] Stopped: Edge Workspace
2026-05-06 21:05:12.718: [INFO][Sync] SyncState after authenticated was: NotSignedIn
2026-05-06 21:05:13.214: [INFO][Sync] Reset engine, reason: 8
2026-05-06 21:05:13.214: [INFO][Sync] Stopped: Bookmarks
2026-05-06 21:05:13.214: [INFO][Sync] Stopped: Preferences
2026-05-06 21:05:13.214: [INFO][Sync] Stopped: Passwords
2026-05-06 21:05:13.214: [INFO][Sync] Stopped: Autofill Profiles
2026-05-06 21:05:13.214: [INFO][Sync] Stopped: Autofill
2026-05-06 21:05:13.214: [INFO][Sync] Stopped: Extensions
2026-05-06 21:05:13.214: [INFO][Sync] Stopped: Sessions
2026-05-06 21:05:13.214: [INFO][Sync] Stopped: Extension settings
2026-05-06 21:05:13.214: [INFO][Sync] Stopped: History Delete Directives
2026-05-06 21:05:13.214: [INFO][Sync] Stopped: Device Info
2026-05-06 21:05:13.214: [INFO][Sync] Stopped: User Consents
2026-05-06 21:05:13.214: [INFO][Sync] Stopped: Send Tab To Self
2026-05-06 21:05:13.214: [INFO][Sync] Stopped: Web Apps
2026-05-06 21:05:13.214: [INFO][Sync] Stopped: History
2026-05-06 21:05:13.214: [INFO][Sync] Stopped: Saved Tab Group
2026-05-06 21:05:13.214: [INFO][Sync] Stopped: WebAuthn Credentials
2026-05-06 21:05:13.214: [INFO][Sync] Stopped: Collection
2026-05-06 21:05:13.214: [INFO][Sync] Stopped: Edge E Drop
2026-05-06 21:05:13.214: [INFO][Sync] Stopped: Edge Hub App Usage
2026-05-06 21:05:13.214: [INFO][Sync] Stopped: Edge Wallet
2026-05-06 21:05:13.214: [INFO][Sync] Stopped: Edge Workspace
2026-05-06 22:14:22.565: [INFO][Sync] Reset engine, reason: 0
2026-05-06 22:14:29.880: [INFO][Sync] Reset engine, reason: 8
2026-05-06 22:14:29.881: [INFO][Sync] Stopped: Bookmarks
2026-05-06 22:14:29.881: [INFO][Sync] Stopped: Preferences
2026-05-06 22:14:29.881: [INFO][Sync] Stopped: Passwords
2026-05-06 22:14:29.881: [INFO][Sync] Stopped: Autofill Profiles
2026-05-06 22:14:29.881: [INFO][Sync] Stopped: Autofill
2026-05-06 22:14:29.881: [INFO][Sync] Stopped: Extensions
2026-05-06 22:14:29.881: [INFO][Sync] Stopped: Sessions
2026-05-06 22:14:29.881: [INFO][Sync] Stopped: Extension settings
2026-05-06 22:14:29.881: [INFO][Sync] Stopped: History Delete Directives
2026-05-06 22:14:29.881: [INFO][Sync] Stopped: Device Info
2026-05-06 22:14:29.881: [INFO][Sync] Stopped: User Consents
2026-05-06 22:14:29.881: [INFO][Sync] Stopped: Send Tab To Self
2026-05-06 22:14:29.881: [INFO][Sync] Stopped: Web Apps
2026-05-06 22:14:29.881: [INFO][Sync] Stopped: History
2026-05-06 22:14:29.881: [INFO][Sync] Stopped: Saved Tab Group
2026-05-06 22:14:29.881: [INFO][Sync] Stopped: WebAuthn Credentials
2026-05-06 22:14:29.881: [INFO][Sync] Stopped: Collection
2026-05-06 22:14:29.881: [INFO][Sync] Stopped: Edge E Drop
2026-05-06 22:14:29.881: [INFO][Sync] Stopped: Edge Hub App Usage
2026-05-06 22:14:29.881: [INFO][Sync] Stopped: Edge Wallet
2026-05-06 22:14:29.881: [INFO][Sync] Stopped: Edge Workspace
2026-05-06 22:14:29.882: [INFO][Sync] SyncState after authenticated was: NotSignedIn
2026-05-06 22:14:36.373: [INFO][Sync] Reset engine, reason: 8
2026-05-06 22:14:36.373: [INFO][Sync] Stopped: Bookmarks
2026-05-06 22:14:36.373: [INFO][Sync] Stopped: Preferences
2026-05-06 22:14:36.373: [INFO][Sync] Stopped: Passwords
2026-05-06 22:14:36.373: [INFO][Sync] Stopped: Autofill Profiles
2026-05-06 22:14:36.373: [INFO][Sync] Stopped: Autofill
2026-05-06 22:14:36.373: [INFO][Sync] Stopped: Extensions
2026-05-06 22:14:36.373: [INFO][Sync] Stopped: Sessions
2026-05-06 22:14:36.373: [INFO][Sync] Stopped: Extension settings
2026-05-06 22:14:36.373: [INFO][Sync] Stopped: History Delete Directives
2026-05-06 22:14:36.373: [INFO][Sync] Stopped: Device Info
2026-05-06 22:14:36.373: [INFO][Sync] Stopped: User Consents
2026-05-06 22:14:36.373: [INFO][Sync] Stopped: Send Tab To Self
2026-05-06 22:14:36.373: [INFO][Sync] Stopped: Web Apps
2026-05-06 22:14:36.373: [INFO][Sync] Stopped: History
2026-05-06 22:14:36.373: [INFO][Sync] Stopped: Saved Tab Group
2026-05-06 22:14:36.373: [INFO][Sync] Stopped: WebAuthn Credentials
2026-05-06 22:14:36.373: [INFO][Sync] Stopped: Collection
2026-05-06 22:14:36.373: [INFO][Sync] Stopped: Edge E Drop
2026-05-06 22:14:36.373: [INFO][Sync] Stopped: Edge Hub App Usage
2026-05-06 22:14:36.373: [INFO][Sync] Stopped: Edge Wallet
2026-05-06 22:14:36.373: [INFO][Sync] Stopped: Edge Workspace
2026-05-06 22:54:17.143: [INFO][Sync] Reset engine, reason: 0
2026-05-06 23:39:52.526: [INFO][Sync] Reset engine, reason: 8
2026-05-06 23:39:52.526: [INFO][Sync] Stopped: Bookmarks
2026-05-06 23:39:52.526: [INFO][Sync] Stopped: Preferences
2026-05-06 23:39:52.526: [INFO][Sync] Stopped: Passwords
2026-05-06 23:39:52.526: [INFO][Sync] Stopped: Autofill Profiles
2026-05-06 23:39:52.527: [INFO][Sync] Stopped: Autofill
2026-05-06 23:39:52.527: [INFO][Sync] Stopped: Extensions
2026-05-06 23:39:52.527: [INFO][Sync] Stopped: Sessions
2026-05-06 23:39:52.527: [INFO][Sync] Stopped: Extension settings
2026-05-06 23:39:52.527: [INFO][Sync] Stopped: History Delete Directives
2026-05-06 23:39:52.527: [INFO][Sync] Stopped: Device Info
2026-05-06 23:39:52.527: [INFO][Sync] Stopped: User Consents
2026-05-06 23:39:52.527: [INFO][Sync] Stopped: Send Tab To Self
2026-05-06 23:39:52.527: [INFO][Sync] Stopped: Web Apps
2026-05-06 23:39:52.527: [INFO][Sync] Stopped: History
2026-05-06 23:39:52.527: [INFO][Sync] Stopped: Saved Tab Group
2026-05-06 23:39:52.527: [INFO][Sync] Stopped: WebAuthn Credentials
2026-05-06 23:39:52.527: [INFO][Sync] Stopped: Collection
2026-05-06 23:39:52.527: [INFO][Sync] Stopped: Edge E Drop
2026-05-06 23:39:52.527: [INFO][Sync] Stopped: Edge Hub App Usage
2026-05-06 23:39:52.527: [INFO][Sync] Stopped: Edge Wallet
2026-05-06 23:39:52.527: [INFO][Sync] Stopped: Edge Workspace
2026-05-06 23:39:52.527: [INFO][Sync] SyncState after authenticated was: NotSignedIn
2026-05-06 23:39:53.894: [INFO][Sync] Reset engine, reason: 8
2026-05-06 23:39:53.894: [INFO][Sync] Stopped: Bookmarks
2026-05-06 23:39:53.894: [INFO][Sync] Stopped: Preferences
2026-05-06 23:39:53.894: [INFO][Sync] Stopped: Passwords
2026-05-06 23:39:53.894: [INFO][Sync] Stopped: Autofill Profiles
2026-05-06 23:39:53.894: [INFO][Sync] Stopped: Autofill
2026-05-06 23:39:53.894: [INFO][Sync] Stopped: Extensions
2026-05-06 23:39:53.894: [INFO][Sync] Stopped: Sessions
2026-05-06 23:39:53.894: [INFO][Sync] Stopped: Extension settings
2026-05-06 23:39:53.894: [INFO][Sync] Stopped: History Delete Directives
2026-05-06 23:39:53.894: [INFO][Sync] Stopped: Device Info
2026-05-06 23:39:53.894: [INFO][Sync] Stopped: User Consents
2026-05-06 23:39:53.894: [INFO][Sync] Stopped: Send Tab To Self
2026-05-06 23:39:53.894: [INFO][Sync] Stopped: Web Apps
2026-05-06 23:39:53.894: [INFO][Sync] Stopped: History
2026-05-06 23:39:53.894: [INFO][Sync] Stopped: Saved Tab Group
2026-05-06 23:39:53.894: [INFO][Sync] Stopped: WebAuthn Credentials
2026-05-06 23:39:53.894: [INFO][Sync] Stopped: Collection
2026-05-06 23:39:53.894: [INFO][Sync] Stopped: Edge E Drop
2026-05-06 23:39:53.894: [INFO][Sync] Stopped: Edge Hub App Usage
2026-05-06 23:39:53.894: [INFO][Sync] Stopped: Edge Wallet
2026-05-06 23:39:53.894: [INFO][Sync] Stopped: Edge Workspace
2026-05-06 23:41:14.197: [INFO][Sync] Reset engine, reason: 0
2026-05-06 23:46:08.172: [INFO][Sync] Reset engine, reason: 8
2026-05-06 23:46:08.172: [INFO][Sync] Stopped: Bookmarks
2026-05-06 23:46:08.172: [INFO][Sync] Stopped: Preferences
2026-05-06 23:46:08.172: [INFO][Sync] Stopped: Passwords
2026-05-06 23:46:08.172: [INFO][Sync] Stopped: Autofill Profiles
2026-05-06 23:46:08.172: [INFO][Sync] Stopped: Autofill
2026-05-06 23:46:08.172: [INFO][Sync] Stopped: Extensions
2026-05-06 23:46:08.172: [INFO][Sync] Stopped: Sessions
2026-05-06 23:46:08.172: [INFO][Sync] Stopped: Extension settings
2026-05-06 23:46:08.172: [INFO][Sync] Stopped: History Delete Directives
2026-05-06 23:46:08.172: [INFO][Sync] Stopped: Device Info
2026-05-06 23:46:08.172: [INFO][Sync] Stopped: User Consents
2026-05-06 23:46:08.172: [INFO][Sync] Stopped: Send Tab To Self
2026-05-06 23:46:08.172: [INFO][Sync] Stopped: Web Apps
2026-05-06 23:46:08.172: [INFO][Sync] Stopped: History
2026-05-06 23:46:08.172: [INFO][Sync] Stopped: Saved Tab Group
2026-05-06 23:46:08.172: [INFO][Sync] Stopped: WebAuthn Credentials
2026-05-06 23:46:08.172: [INFO][Sync] Stopped: Collection
2026-05-06 23:46:08.172: [INFO][Sync] Stopped: Edge E Drop
2026-05-06 23:46:08.172: [INFO][Sync] Stopped: Edge Hub App Usage
2026-05-06 23:46:08.172: [INFO][Sync] Stopped: Edge Wallet
2026-05-06 23:46:08.172: [INFO][Sync] Stopped: Edge Workspace
2026-05-06 23:46:08.173: [INFO][Sync] SyncState after authenticated was: NotSignedIn
2026-05-06 23:46:15.261: [INFO][Sync] Reset engine, reason: 8
2026-05-06 23:46:15.261: [INFO][Sync] Stopped: Bookmarks
2026-05-06 23:46:15.261: [INFO][Sync] Stopped: Preferences
2026-05-06 23:46:15.261: [INFO][Sync] Stopped: Passwords
2026-05-06 23:46:15.261: [INFO][Sync] Stopped: Autofill Profiles
2026-05-06 23:46:15.261: [INFO][Sync] Stopped: Autofill
2026-05-06 23:46:15.261: [INFO][Sync] Stopped: Extensions
2026-05-06 23:46:15.261: [INFO][Sync] Stopped: Sessions
2026-05-06 23:46:15.261: [INFO][Sync] Stopped: Extension settings
2026-05-06 23:46:15.261: [INFO][Sync] Stopped: History Delete Directives
2026-05-06 23:46:15.261: [INFO][Sync] Stopped: Device Info
2026-05-06 23:46:15.261: [INFO][Sync] Stopped: User Consents
2026-05-06 23:46:15.261: [INFO][Sync] Stopped: Send Tab To Self
2026-05-06 23:46:15.261: [INFO][Sync] Stopped: Web Apps
2026-05-06 23:46:15.261: [INFO][Sync] Stopped: History
2026-05-06 23:46:15.261: [INFO][Sync] Stopped: Saved Tab Group
2026-05-06 23:46:15.261: [INFO][Sync] Stopped: WebAuthn Credentials
2026-05-06 23:46:15.261: [INFO][Sync] Stopped: Collection
2026-05-06 23:46:15.261: [INFO][Sync] Stopped: Edge E Drop
2026-05-06 23:46:15.261: [INFO][Sync] Stopped: Edge Hub App Usage
2026-05-06 23:46:15.261: [INFO][Sync] Stopped: Edge Wallet
2026-05-06 23:46:15.261: [INFO][Sync] Stopped: Edge Workspace
2026-05-07 00:16:35.984: [INFO][Sync] Reset engine, reason: 0
2026-05-07 00:16:39.634: [INFO][Sync] Reset engine, reason: 8
2026-05-07 00:16:39.634: [INFO][Sync] Stopped: Bookmarks
2026-05-07 00:16:39.634: [INFO][Sync] Stopped: Preferences
2026-05-07 00:16:39.634: [INFO][Sync] Stopped: Passwords
2026-05-07 00:16:39.634: [INFO][Sync] Stopped: Autofill Profiles
2026-05-07 00:16:39.634: [INFO][Sync] Stopped: Autofill
2026-05-07 00:16:39.634: [INFO][Sync] Stopped: Extensions
2026-05-07 00:16:39.634: [INFO][Sync] Stopped: Sessions
2026-05-07 00:16:39.634: [INFO][Sync] Stopped: Extension settings
2026-05-07 00:16:39.634: [INFO][Sync] Stopped: History Delete Directives
2026-05-07 00:16:39.634: [INFO][Sync] Stopped: Device Info
2026-05-07 00:16:39.634: [INFO][Sync] Stopped: User Consents
2026-05-07 00:16:39.634: [INFO][Sync] Stopped: Send Tab To Self
2026-05-07 00:16:39.634: [INFO][Sync] Stopped: Web Apps
2026-05-07 00:16:39.634: [INFO][Sync] Stopped: History
2026-05-07 00:16:39.634: [INFO][Sync] Stopped: Saved Tab Group
2026-05-07 00:16:39.634: [INFO][Sync] Stopped: WebAuthn Credentials
2026-05-07 00:16:39.635: [INFO][Sync] Stopped: Collection
2026-05-07 00:16:39.635: [INFO][Sync] Stopped: Edge E Drop
2026-05-07 00:16:39.635: [INFO][Sync] Stopped: Edge Hub App Usage
2026-05-07 00:16:39.635: [INFO][Sync] Stopped: Edge Wallet
2026-05-07 00:16:39.635: [INFO][Sync] Stopped: Edge Workspace
2026-05-07 00:16:39.635: [INFO][Sync] SyncState after authenticated was: NotSignedIn
2026-05-07 00:16:45.897: [INFO][Sync] Reset engine, reason: 8
2026-05-07 00:16:45.897: [INFO][Sync] Stopped: Bookmarks
2026-05-07 00:16:45.897: [INFO][Sync] Stopped: Preferences
2026-05-07 00:16:45.897: [INFO][Sync] Stopped: Passwords
2026-05-07 00:16:45.897: [INFO][Sync] Stopped: Autofill Profiles
2026-05-07 00:16:45.897: [INFO][Sync] Stopped: Autofill
2026-05-07 00:16:45.897: [INFO][Sync] Stopped: Extensions
2026-05-07 00:16:45.897: [INFO][Sync] Stopped: Sessions
2026-05-07 00:16:45.897: [INFO][Sync] Stopped: Extension settings
2026-05-07 00:16:45.897: [INFO][Sync] Stopped: History Delete Directives
2026-05-07 00:16:45.897: [INFO][Sync] Stopped: Device Info
2026-05-07 00:16:45.897: [INFO][Sync] Stopped: User Consents
2026-05-07 00:16:45.897: [INFO][Sync] Stopped: Send Tab To Self
2026-05-07 00:16:45.897: [INFO][Sync] Stopped: Web Apps
2026-05-07 00:16:45.897: [INFO][Sync] Stopped: History
2026-05-07 00:16:45.897: [INFO][Sync] Stopped: Saved Tab Group
2026-05-07 00:16:45.897: [INFO][Sync] Stopped: WebAuthn Credentials
2026-05-07 00:16:45.897: [INFO][Sync] Stopped: Collection
2026-05-07 00:16:45.897: [INFO][Sync] Stopped: Edge E Drop
2026-05-07 00:16:45.897: [INFO][Sync] Stopped: Edge Hub App Usage
2026-05-07 00:16:45.897: [INFO][Sync] Stopped: Edge Wallet
2026-05-07 00:16:45.897: [INFO][Sync] Stopped: Edge Workspace
2026-05-07 20:05:56.774: [INFO][Sync] Reset engine, reason: 0
2026-05-07 20:06:25.302: [INFO][Sync] Reset engine, reason: 8
2026-05-07 20:06:25.302: [INFO][Sync] Stopped: Bookmarks
2026-05-07 20:06:25.302: [INFO][Sync] Stopped: Preferences
2026-05-07 20:06:25.302: [INFO][Sync] Stopped: Passwords
2026-05-07 20:06:25.302: [INFO][Sync] Stopped: Autofill Profiles
2026-05-07 20:06:25.302: [INFO][Sync] Stopped: Autofill
2026-05-07 20:06:25.302: [INFO][Sync] Stopped: Extensions
2026-05-07 20:06:25.302: [INFO][Sync] Stopped: Sessions
2026-05-07 20:06:25.302: [INFO][Sync] Stopped: Extension settings
2026-05-07 20:06:25.302: [INFO][Sync] Stopped: History Delete Directives
2026-05-07 20:06:25.302: [INFO][Sync] Stopped: Device Info
2026-05-07 20:06:25.302: [INFO][Sync] Stopped: User Consents
2026-05-07 20:06:25.302: [INFO][Sync] Stopped: Send Tab To Self
2026-05-07 20:06:25.302: [INFO][Sync] Stopped: Web Apps
2026-05-07 20:06:25.302: [INFO][Sync] Stopped: History
2026-05-07 20:06:25.302: [INFO][Sync] Stopped: Saved Tab Group
2026-05-07 20:06:25.302: [INFO][Sync] Stopped: WebAuthn Credentials
2026-05-07 20:06:25.302: [INFO][Sync] Stopped: Collection
2026-05-07 20:06:25.302: [INFO][Sync] Stopped: Edge E Drop
2026-05-07 20:06:25.302: [INFO][Sync] Stopped: Edge Hub App Usage
2026-05-07 20:06:25.302: [INFO][Sync] Stopped: Edge Wallet
2026-05-07 20:06:25.302: [INFO][Sync] Stopped: Edge Workspace
2026-05-07 20:06:25.302: [INFO][Sync] SyncState after authenticated was: NotSignedIn
2026-05-07 20:06:25.711: [INFO][Sync] Reset engine, reason: 8
2026-05-07 20:06:25.711: [INFO][Sync] Stopped: Bookmarks
2026-05-07 20:06:25.711: [INFO][Sync] Stopped: Preferences
2026-05-07 20:06:25.711: [INFO][Sync] Stopped: Passwords
2026-05-07 20:06:25.711: [INFO][Sync] Stopped: Autofill Profiles
2026-05-07 20:06:25.711: [INFO][Sync] Stopped: Autofill
2026-05-07 20:06:25.711: [INFO][Sync] Stopped: Extensions
2026-05-07 20:06:25.711: [INFO][Sync] Stopped: Sessions
2026-05-07 20:06:25.712: [INFO][Sync] Stopped: Extension settings
2026-05-07 20:06:25.712: [INFO][Sync] Stopped: History Delete Directives
2026-05-07 20:06:25.712: [INFO][Sync] Stopped: Device Info
2026-05-07 20:06:25.712: [INFO][Sync] Stopped: User Consents
2026-05-07 20:06:25.712: [INFO][Sync] Stopped: Send Tab To Self
2026-05-07 20:06:25.712: [INFO][Sync] Stopped: Web Apps
2026-05-07 20:06:25.712: [INFO][Sync] Stopped: History
2026-05-07 20:06:25.712: [INFO][Sync] Stopped: Saved Tab Group
2026-05-07 20:06:25.712: [INFO][Sync] Stopped: WebAuthn Credentials
2026-05-07 20:06:25.712: [INFO][Sync] Stopped: Collection
2026-05-07 20:06:25.712: [INFO][Sync] Stopped: Edge E Drop
2026-05-07 20:06:25.712: [INFO][Sync] Stopped: Edge Hub App Usage
2026-05-07 20:06:25.712: [INFO][Sync] Stopped: Edge Wallet
2026-05-07 20:06:25.712: [INFO][Sync] Stopped: Edge Workspace
2026-05-07 20:27:35.283: [INFO][Sync] Reset engine, reason: 0
2026-05-07 20:27:45.096: [INFO][Sync] Reset engine, reason: 8
2026-05-07 20:27:45.097: [INFO][Sync] Stopped: Bookmarks
2026-05-07 20:27:45.097: [INFO][Sync] Stopped: Preferences
2026-05-07 20:27:45.097: [INFO][Sync] Stopped: Passwords
2026-05-07 20:27:45.097: [INFO][Sync] Stopped: Autofill Profiles
2026-05-07 20:27:45.097: [INFO][Sync] Stopped: Autofill
2026-05-07 20:27:45.097: [INFO][Sync] Stopped: Extensions
2026-05-07 20:27:45.097: [INFO][Sync] Stopped: Sessions
2026-05-07 20:27:45.097: [INFO][Sync] Stopped: Extension settings
2026-05-07 20:27:45.097: [INFO][Sync] Stopped: History Delete Directives
2026-05-07 20:27:45.097: [INFO][Sync] Stopped: Device Info
2026-05-07 20:27:45.097: [INFO][Sync] Stopped: User Consents
2026-05-07 20:27:45.097: [INFO][Sync] Stopped: Send Tab To Self
2026-05-07 20:27:45.097: [INFO][Sync] Stopped: Web Apps
2026-05-07 20:27:45.097: [INFO][Sync] Stopped: History
2026-05-07 20:27:45.097: [INFO][Sync] Stopped: Saved Tab Group
2026-05-07 20:27:45.097: [INFO][Sync] Stopped: WebAuthn Credentials
2026-05-07 20:27:45.097: [INFO][Sync] Stopped: Collection
2026-05-07 20:27:45.097: [INFO][Sync] Stopped: Edge E Drop
2026-05-07 20:27:45.097: [INFO][Sync] Stopped: Edge Hub App Usage
2026-05-07 20:27:45.097: [INFO][Sync] Stopped: Edge Wallet
2026-05-07 20:27:45.097: [INFO][Sync] Stopped: Edge Workspace
2026-05-07 20:27:45.097: [INFO][Sync] SyncState after authenticated was: NotSignedIn
2026-05-07 20:27:45.512: [INFO][Sync] Reset engine, reason: 8
2026-05-07 20:27:45.512: [INFO][Sync] Stopped: Bookmarks
2026-05-07 20:27:45.512: [INFO][Sync] Stopped: Preferences
2026-05-07 20:27:45.512: [INFO][Sync] Stopped: Passwords
2026-05-07 20:27:45.512: [INFO][Sync] Stopped: Autofill Profiles
2026-05-07 20:27:45.512: [INFO][Sync] Stopped: Autofill
2026-05-07 20:27:45.512: [INFO][Sync] Stopped: Extensions
2026-05-07 20:27:45.512: [INFO][Sync] Stopped: Sessions
2026-05-07 20:27:45.512: [INFO][Sync] Stopped: Extension settings
2026-05-07 20:27:45.512: [INFO][Sync] Stopped: History Delete Directives
2026-05-07 20:27:45.512: [INFO][Sync] Stopped: Device Info
2026-05-07 20:27:45.512: [INFO][Sync] Stopped: User Consents
2026-05-07 20:27:45.512: [INFO][Sync] Stopped: Send Tab To Self
2026-05-07 20:27:45.512: [INFO][Sync] Stopped: Web Apps
2026-05-07 20:27:45.512: [INFO][Sync] Stopped: History
2026-05-07 20:27:45.512: [INFO][Sync] Stopped: Saved Tab Group
2026-05-07 20:27:45.512: [INFO][Sync] Stopped: WebAuthn Credentials
2026-05-07 20:27:45.512: [INFO][Sync] Stopped: Collection
2026-05-07 20:27:45.512: [INFO][Sync] Stopped: Edge E Drop
2026-05-07 20:27:45.512: [INFO][Sync] Stopped: Edge Hub App Usage
2026-05-07 20:27:45.512: [INFO][Sync] Stopped: Edge Wallet
2026-05-07 20:27:45.512: [INFO][Sync] Stopped: Edge Workspace
2026-05-07 20:28:29.864: [INFO][Sync] Reset engine, reason: 0
2026-05-08 18:01:37.929: [INFO][Sync] Reset engine, reason: 8
2026-05-08 18:01:37.929: [INFO][Sync] Stopped: Bookmarks
2026-05-08 18:01:37.929: [INFO][Sync] Stopped: Preferences
2026-05-08 18:01:37.929: [INFO][Sync] Stopped: Passwords
2026-05-08 18:01:37.929: [INFO][Sync] Stopped: Autofill Profiles
2026-05-08 18:01:37.929: [INFO][Sync] Stopped: Autofill
2026-05-08 18:01:37.929: [INFO][Sync] Stopped: Extensions
2026-05-08 18:01:37.929: [INFO][Sync] Stopped: Sessions
2026-05-08 18:01:37.929: [INFO][Sync] Stopped: Extension settings
2026-05-08 18:01:37.929: [INFO][Sync] Stopped: History Delete Directives
2026-05-08 18:01:37.929: [INFO][Sync] Stopped: Device Info
2026-05-08 18:01:37.929: [INFO][Sync] Stopped: User Consents
2026-05-08 18:01:37.929: [INFO][Sync] Stopped: Send Tab To Self
2026-05-08 18:01:37.929: [INFO][Sync] Stopped: Web Apps
2026-05-08 18:01:37.929: [INFO][Sync] Stopped: History
2026-05-08 18:01:37.929: [INFO][Sync] Stopped: Saved Tab Group
2026-05-08 18:01:37.929: [INFO][Sync] Stopped: WebAuthn Credentials
2026-05-08 18:01:37.929: [INFO][Sync] Stopped: Collection
2026-05-08 18:01:37.929: [INFO][Sync] Stopped: Edge E Drop
2026-05-08 18:01:37.929: [INFO][Sync] Stopped: Edge Hub App Usage
2026-05-08 18:01:37.929: [INFO][Sync] Stopped: Edge Wallet
2026-05-08 18:01:37.929: [INFO][Sync] Stopped: Edge Workspace
2026-05-08 18:01:37.929: [INFO][Sync] SyncState after authenticated was: NotSignedIn
2026-05-08 18:01:38.441: [INFO][Sync] Reset engine, reason: 8
2026-05-08 18:01:38.441: [INFO][Sync] Stopped: Bookmarks
2026-05-08 18:01:38.441: [INFO][Sync] Stopped: Preferences
2026-05-08 18:01:38.442: [INFO][Sync] Stopped: Passwords
2026-05-08 18:01:38.442: [INFO][Sync] Stopped: Autofill Profiles
2026-05-08 18:01:38.442: [INFO][Sync] Stopped: Autofill
2026-05-08 18:01:38.442: [INFO][Sync] Stopped: Extensions
2026-05-08 18:01:38.442: [INFO][Sync] Stopped: Sessions
2026-05-08 18:01:38.442: [INFO][Sync] Stopped: Extension settings
2026-05-08 18:01:38.442: [INFO][Sync] Stopped: History Delete Directives
2026-05-08 18:01:38.442: [INFO][Sync] Stopped: Device Info
2026-05-08 18:01:38.442: [INFO][Sync] Stopped: User Consents
2026-05-08 18:01:38.442: [INFO][Sync] Stopped: Send Tab To Self
2026-05-08 18:01:38.442: [INFO][Sync] Stopped: Web Apps
2026-05-08 18:01:38.442: [INFO][Sync] Stopped: History
2026-05-08 18:01:38.442: [INFO][Sync] Stopped: Saved Tab Group
2026-05-08 18:01:38.442: [INFO][Sync] Stopped: WebAuthn Credentials
2026-05-08 18:01:38.442: [INFO][Sync] Stopped: Collection
2026-05-08 18:01:38.442: [INFO][Sync] Stopped: Edge E Drop
2026-05-08 18:01:38.442: [INFO][Sync] Stopped: Edge Hub App Usage
2026-05-08 18:01:38.442: [INFO][Sync] Stopped: Edge Wallet
2026-05-08 18:01:38.442: [INFO][Sync] Stopped: Edge Workspace
2026-05-08 20:07:08.824: [INFO][Sync] Reset engine, reason: 0
2026-05-09 17:36:59.245: [INFO][Sync] Reset engine, reason: 8
2026-05-09 17:36:59.245: [INFO][Sync] Stopped: Bookmarks
2026-05-09 17:36:59.245: [INFO][Sync] Stopped: Preferences
2026-05-09 17:36:59.245: [INFO][Sync] Stopped: Passwords
2026-05-09 17:36:59.245: [INFO][Sync] Stopped: Autofill Profiles
2026-05-09 17:36:59.245: [INFO][Sync] Stopped: Autofill
2026-05-09 17:36:59.245: [INFO][Sync] Stopped: Extensions
2026-05-09 17:36:59.245: [INFO][Sync] Stopped: Sessions
2026-05-09 17:36:59.245: [INFO][Sync] Stopped: Extension settings
2026-05-09 17:36:59.245: [INFO][Sync] Stopped: History Delete Directives
2026-05-09 17:36:59.246: [INFO][Sync] Stopped: Device Info
2026-05-09 17:36:59.246: [INFO][Sync] Stopped: User Consents
2026-05-09 17:36:59.246: [INFO][Sync] Stopped: Send Tab To Self
2026-05-09 17:36:59.246: [INFO][Sync] Stopped: Web Apps
2026-05-09 17:36:59.246: [INFO][Sync] Stopped: History
2026-05-09 17:36:59.246: [INFO][Sync] Stopped: Saved Tab Group
2026-05-09 17:36:59.246: [INFO][Sync] Stopped: WebAuthn Credentials
2026-05-09 17:36:59.246: [INFO][Sync] Stopped: Collection
2026-05-09 17:36:59.246: [INFO][Sync] Stopped: Edge E Drop
2026-05-09 17:36:59.246: [INFO][Sync] Stopped: Edge Hub App Usage
2026-05-09 17:36:59.246: [INFO][Sync] Stopped: Edge Wallet
2026-05-09 17:36:59.246: [INFO][Sync] Stopped: Edge Workspace
2026-05-09 17:36:59.246: [INFO][Sync] SyncState after authenticated was: NotSignedIn
2026-05-09 17:37:00.158: [INFO][Sync] Reset engine, reason: 8
2026-05-09 17:37:00.158: [INFO][Sync] Stopped: Bookmarks
2026-05-09 17:37:00.158: [INFO][Sync] Stopped: Preferences
2026-05-09 17:37:00.158: [INFO][Sync] Stopped: Passwords
2026-05-09 17:37:00.158: [INFO][Sync] Stopped: Autofill Profiles
2026-05-09 17:37:00.158: [INFO][Sync] Stopped: Autofill
2026-05-09 17:37:00.158: [INFO][Sync] Stopped: Extensions
2026-05-09 17:37:00.158: [INFO][Sync] Stopped: Sessions
2026-05-09 17:37:00.158: [INFO][Sync] Stopped: Extension settings
2026-05-09 17:37:00.158: [INFO][Sync] Stopped: History Delete Directives
2026-05-09 17:37:00.158: [INFO][Sync] Stopped: Device Info
2026-05-09 17:37:00.158: [INFO][Sync] Stopped: User Consents
2026-05-09 17:37:00.158: [INFO][Sync] Stopped: Send Tab To Self
2026-05-09 17:37:00.158: [INFO][Sync] Stopped: Web Apps
2026-05-09 17:37:00.158: [INFO][Sync] Stopped: History
2026-05-09 17:37:00.158: [INFO][Sync] Stopped: Saved Tab Group
2026-05-09 17:37:00.158: [INFO][Sync] Stopped: WebAuthn Credentials
2026-05-09 17:37:00.158: [INFO][Sync] Stopped: Collection
2026-05-09 17:37:00.158: [INFO][Sync] Stopped: Edge E Drop
2026-05-09 17:37:00.158: [INFO][Sync] Stopped: Edge Hub App Usage
2026-05-09 17:37:00.158: [INFO][Sync] Stopped: Edge Wallet
2026-05-09 17:37:00.158: [INFO][Sync] Stopped: Edge Workspace
2026-05-09 19:52:40.882: [INFO][Sync] Reset engine, reason: 0
2026-05-09 19:54:08.371: [INFO][Sync] Reset engine, reason: 8
2026-05-09 19:54:08.371: [INFO][Sync] Stopped: Bookmarks
2026-05-09 19:54:08.371: [INFO][Sync] Stopped: Preferences
2026-05-09 19:54:08.371: [INFO][Sync] Stopped: Passwords
2026-05-09 19:54:08.371: [INFO][Sync] Stopped: Autofill Profiles
2026-05-09 19:54:08.371: [INFO][Sync] Stopped: Autofill
2026-05-09 19:54:08.371: [INFO][Sync] Stopped: Extensions
2026-05-09 19:54:08.371: [INFO][Sync] Stopped: Sessions
2026-05-09 19:54:08.371: [INFO][Sync] Stopped: Extension settings
2026-05-09 19:54:08.371: [INFO][Sync] Stopped: History Delete Directives
2026-05-09 19:54:08.371: [INFO][Sync] Stopped: Device Info
2026-05-09 19:54:08.371: [INFO][Sync] Stopped: User Consents
2026-05-09 19:54:08.371: [INFO][Sync] Stopped: Send Tab To Self
2026-05-09 19:54:08.371: [INFO][Sync] Stopped: Web Apps
2026-05-09 19:54:08.371: [INFO][Sync] Stopped: History
2026-05-09 19:54:08.371: [INFO][Sync] Stopped: Saved Tab Group
2026-05-09 19:54:08.371: [INFO][Sync] Stopped: WebAuthn Credentials
2026-05-09 19:54:08.371: [INFO][Sync] Stopped: Collection
2026-05-09 19:54:08.371: [INFO][Sync] Stopped: Edge E Drop
2026-05-09 19:54:08.371: [INFO][Sync] Stopped: Edge Hub App Usage
2026-05-09 19:54:08.371: [INFO][Sync] Stopped: Edge Wallet
2026-05-09 19:54:08.371: [INFO][Sync] Stopped: Edge Workspace
2026-05-09 19:54:08.371: [INFO][Sync] SyncState after authenticated was: NotSignedIn
2026-05-09 19:54:08.953: [INFO][Sync] Reset engine, reason: 8
2026-05-09 19:54:08.953: [INFO][Sync] Stopped: Bookmarks
2026-05-09 19:54:08.953: [INFO][Sync] Stopped: Preferences
2026-05-09 19:54:08.953: [INFO][Sync] Stopped: Passwords
2026-05-09 19:54:08.953: [INFO][Sync] Stopped: Autofill Profiles
2026-05-09 19:54:08.953: [INFO][Sync] Stopped: Autofill
2026-05-09 19:54:08.953: [INFO][Sync] Stopped: Extensions
2026-05-09 19:54:08.953: [INFO][Sync] Stopped: Sessions
2026-05-09 19:54:08.953: [INFO][Sync] Stopped: Extension settings
2026-05-09 19:54:08.953: [INFO][Sync] Stopped: History Delete Directives
2026-05-09 19:54:08.953: [INFO][Sync] Stopped: Device Info
2026-05-09 19:54:08.953: [INFO][Sync] Stopped: User Consents
2026-05-09 19:54:08.953: [INFO][Sync] Stopped: Send Tab To Self
2026-05-09 19:54:08.953: [INFO][Sync] Stopped: Web Apps
2026-05-09 19:54:08.953: [INFO][Sync] Stopped: History
2026-05-09 19:54:08.953: [INFO][Sync] Stopped: Saved Tab Group
2026-05-09 19:54:08.953: [INFO][Sync] Stopped: WebAuthn Credentials
2026-05-09 19:54:08.953: [INFO][Sync] Stopped: Collection
2026-05-09 19:54:08.953: [INFO][Sync] Stopped: Edge E Drop
2026-05-09 19:54:08.953: [INFO][Sync] Stopped: Edge Hub App Usage
2026-05-09 19:54:08.953: [INFO][Sync] Stopped: Edge Wallet
2026-05-09 19:54:08.953: [INFO][Sync] Stopped: Edge Workspace
2026-05-09 19:58:32.185: [INFO][Sync] Reset engine, reason: 0
2026-05-09 19:58:33.022: [INFO][Sync] Reset engine, reason: 8
2026-05-09 19:58:33.022: [INFO][Sync] Stopped: Bookmarks
2026-05-09 19:58:33.022: [INFO][Sync] Stopped: Preferences
2026-05-09 19:58:33.023: [INFO][Sync] Stopped: Passwords
2026-05-09 19:58:33.023: [INFO][Sync] Stopped: Autofill Profiles
2026-05-09 19:58:33.023: [INFO][Sync] Stopped: Autofill
2026-05-09 19:58:33.023: [INFO][Sync] Stopped: Extensions
2026-05-09 19:58:33.023: [INFO][Sync] Stopped: Sessions
2026-05-09 19:58:33.023: [INFO][Sync] Stopped: Extension settings
2026-05-09 19:58:33.023: [INFO][Sync] Stopped: History Delete Directives
2026-05-09 19:58:33.023: [INFO][Sync] Stopped: Device Info
2026-05-09 19:58:33.023: [INFO][Sync] Stopped: User Consents
2026-05-09 19:58:33.023: [INFO][Sync] Stopped: Send Tab To Self
2026-05-09 19:58:33.023: [INFO][Sync] Stopped: Web Apps
2026-05-09 19:58:33.023: [INFO][Sync] Stopped: History
2026-05-09 19:58:33.023: [INFO][Sync] Stopped: Saved Tab Group
2026-05-09 19:58:33.023: [INFO][Sync] Stopped: WebAuthn Credentials
2026-05-09 19:58:33.023: [INFO][Sync] Stopped: Collection
2026-05-09 19:58:33.023: [INFO][Sync] Stopped: Edge E Drop
2026-05-09 19:58:33.023: [INFO][Sync] Stopped: Edge Hub App Usage
2026-05-09 19:58:33.023: [INFO][Sync] Stopped: Edge Wallet
2026-05-09 19:58:33.023: [INFO][Sync] Stopped: Edge Workspace
2026-05-09 19:58:33.023: [INFO][Sync] SyncState after authenticated was: NotSignedIn
2026-05-09 19:58:33.335: [INFO][Sync] Reset engine, reason: 8
2026-05-09 19:58:33.335: [INFO][Sync] Stopped: Bookmarks
2026-05-09 19:58:33.335: [INFO][Sync] Stopped: Preferences
2026-05-09 19:58:33.335: [INFO][Sync] Stopped: Passwords
2026-05-09 19:58:33.335: [INFO][Sync] Stopped: Autofill Profiles
2026-05-09 19:58:33.335: [INFO][Sync] Stopped: Autofill
2026-05-09 19:58:33.335: [INFO][Sync] Stopped: Extensions
2026-05-09 19:58:33.335: [INFO][Sync] Stopped: Sessions
2026-05-09 19:58:33.335: [INFO][Sync] Stopped: Extension settings
2026-05-09 19:58:33.335: [INFO][Sync] Stopped: History Delete Directives
2026-05-09 19:58:33.335: [INFO][Sync] Stopped: Device Info
2026-05-09 19:58:33.335: [INFO][Sync] Stopped: User Consents
2026-05-09 19:58:33.335: [INFO][Sync] Stopped: Send Tab To Self
2026-05-09 19:58:33.335: [INFO][Sync] Stopped: Web Apps
2026-05-09 19:58:33.335: [INFO][Sync] Stopped: History
2026-05-09 19:58:33.335: [INFO][Sync] Stopped: Saved Tab Group
2026-05-09 19:58:33.335: [INFO][Sync] Stopped: WebAuthn Credentials
2026-05-09 19:58:33.335: [INFO][Sync] Stopped: Collection
2026-05-09 19:58:33.335: [INFO][Sync] Stopped: Edge E Drop
2026-05-09 19:58:33.335: [INFO][Sync] Stopped: Edge Hub App Usage
2026-05-09 19:58:33.335: [INFO][Sync] Stopped: Edge Wallet
2026-05-09 19:58:33.335: [INFO][Sync] Stopped: Edge Workspace
2026-05-09 23:00:12.662: [INFO][Sync] Reset engine, reason: 0
2026-05-09 23:19:40.690: [INFO][Sync] Reset engine, reason: 8
2026-05-09 23:19:40.690: [INFO][Sync] Stopped: Bookmarks
2026-05-09 23:19:40.690: [INFO][Sync] Stopped: Preferences
2026-05-09 23:19:40.690: [INFO][Sync] Stopped: Passwords
2026-05-09 23:19:40.690: [INFO][Sync] Stopped: Autofill Profiles
2026-05-09 23:19:40.690: [INFO][Sync] Stopped: Autofill
2026-05-09 23:19:40.690: [INFO][Sync] Stopped: Extensions
2026-05-09 23:19:40.690: [INFO][Sync] Stopped: Sessions
2026-05-09 23:19:40.690: [INFO][Sync] Stopped: Extension settings
2026-05-09 23:19:40.690: [INFO][Sync] Stopped: History Delete Directives
2026-05-09 23:19:40.691: [INFO][Sync] Stopped: Device Info
2026-05-09 23:19:40.691: [INFO][Sync] Stopped: User Consents
2026-05-09 23:19:40.691: [INFO][Sync] Stopped: Send Tab To Self
2026-05-09 23:19:40.691: [INFO][Sync] Stopped: Web Apps
2026-05-09 23:19:40.691: [INFO][Sync] Stopped: History
2026-05-09 23:19:40.691: [INFO][Sync] Stopped: Saved Tab Group
2026-05-09 23:19:40.691: [INFO][Sync] Stopped: WebAuthn Credentials
2026-05-09 23:19:40.691: [INFO][Sync] Stopped: Collection
2026-05-09 23:19:40.691: [INFO][Sync] Stopped: Edge E Drop
2026-05-09 23:19:40.691: [INFO][Sync] Stopped: Edge Hub App Usage
2026-05-09 23:19:40.691: [INFO][Sync] Stopped: Edge Wallet
2026-05-09 23:19:40.691: [INFO][Sync] Stopped: Edge Workspace
2026-05-09 23:19:40.691: [INFO][Sync] SyncState after authenticated was: NotSignedIn
2026-05-09 23:19:41.341: [INFO][Sync] Reset engine, reason: 8
2026-05-09 23:19:41.341: [INFO][Sync] Stopped: Bookmarks
2026-05-09 23:19:41.341: [INFO][Sync] Stopped: Preferences
2026-05-09 23:19:41.341: [INFO][Sync] Stopped: Passwords
2026-05-09 23:19:41.341: [INFO][Sync] Stopped: Autofill Profiles
2026-05-09 23:19:41.341: [INFO][Sync] Stopped: Autofill
2026-05-09 23:19:41.341: [INFO][Sync] Stopped: Extensions
2026-05-09 23:19:41.341: [INFO][Sync] Stopped: Sessions
2026-05-09 23:19:41.341: [INFO][Sync] Stopped: Extension settings
2026-05-09 23:19:41.341: [INFO][Sync] Stopped: History Delete Directives
2026-05-09 23:19:41.341: [INFO][Sync] Stopped: Device Info
2026-05-09 23:19:41.341: [INFO][Sync] Stopped: User Consents
2026-05-09 23:19:41.341: [INFO][Sync] Stopped: Send Tab To Self
2026-05-09 23:19:41.341: [INFO][Sync] Stopped: Web Apps
2026-05-09 23:19:41.341: [INFO][Sync] Stopped: History
2026-05-09 23:19:41.341: [INFO][Sync] Stopped: Saved Tab Group
2026-05-09 23:19:41.341: [INFO][Sync] Stopped: WebAuthn Credentials
2026-05-09 23:19:41.341: [INFO][Sync] Stopped: Collection
2026-05-09 23:19:41.341: [INFO][Sync] Stopped: Edge E Drop
2026-05-09 23:19:41.341: [INFO][Sync] Stopped: Edge Hub App Usage
2026-05-09 23:19:41.341: [INFO][Sync] Stopped: Edge Wallet
2026-05-09 23:19:41.341: [INFO][Sync] Stopped: Edge Workspace
2026-05-10 04:03:08.206: [INFO][Sync] Reset engine, reason: 0
2026-05-10 04:03:12.573: [INFO][Sync] Reset engine, reason: 8
2026-05-10 04:03:12.574: [INFO][Sync] Stopped: Bookmarks
2026-05-10 04:03:12.576: [INFO][Sync] Stopped: Preferences
2026-05-10 04:03:12.576: [INFO][Sync] Stopped: Passwords
2026-05-10 04:03:12.576: [INFO][Sync] Stopped: Autofill Profiles
2026-05-10 04:03:12.576: [INFO][Sync] Stopped: Autofill
2026-05-10 04:03:12.576: [INFO][Sync] Stopped: Extensions
2026-05-10 04:03:12.576: [INFO][Sync] Stopped: Sessions
2026-05-10 04:03:12.576: [INFO][Sync] Stopped: Extension settings
2026-05-10 04:03:12.576: [INFO][Sync] Stopped: History Delete Directives
2026-05-10 04:03:12.576: [INFO][Sync] Stopped: Device Info
2026-05-10 04:03:12.576: [INFO][Sync] Stopped: User Consents
2026-05-10 04:03:12.576: [INFO][Sync] Stopped: Send Tab To Self
2026-05-10 04:03:12.576: [INFO][Sync] Stopped: Web Apps
2026-05-10 04:03:12.576: [INFO][Sync] Stopped: History
2026-05-10 04:03:12.577: [INFO][Sync] Stopped: Saved Tab Group
2026-05-10 04:03:12.577: [INFO][Sync] Stopped: WebAuthn Credentials
2026-05-10 04:03:12.577: [INFO][Sync] Stopped: Collection
2026-05-10 04:03:12.577: [INFO][Sync] Stopped: Edge E Drop
2026-05-10 04:03:12.577: [INFO][Sync] Stopped: Edge Hub App Usage
2026-05-10 04:03:12.577: [INFO][Sync] Stopped: Edge Wallet
2026-05-10 04:03:12.577: [INFO][Sync] Stopped: Edge Workspace
2026-05-10 04:03:12.578: [INFO][Sync] SyncState after authenticated was: NotSignedIn
2026-05-10 04:03:12.803: [INFO][Sync] Reset engine, reason: 8
2026-05-10 04:03:12.803: [INFO][Sync] Stopped: Bookmarks
2026-05-10 04:03:12.803: [INFO][Sync] Stopped: Preferences
2026-05-10 04:03:12.803: [INFO][Sync] Stopped: Passwords
2026-05-10 04:03:12.803: [INFO][Sync] Stopped: Autofill Profiles
2026-05-10 04:03:12.803: [INFO][Sync] Stopped: Autofill
2026-05-10 04:03:12.803: [INFO][Sync] Stopped: Extensions
2026-05-10 04:03:12.803: [INFO][Sync] Stopped: Sessions
2026-05-10 04:03:12.804: [INFO][Sync] Stopped: Extension settings
2026-05-10 04:03:12.804: [INFO][Sync] Stopped: History Delete Directives
2026-05-10 04:03:12.804: [INFO][Sync] Stopped: Device Info
2026-05-10 04:03:12.804: [INFO][Sync] Stopped: User Consents
2026-05-10 04:03:12.804: [INFO][Sync] Stopped: Send Tab To Self
2026-05-10 04:03:12.804: [INFO][Sync] Stopped: Web Apps
2026-05-10 04:03:12.804: [INFO][Sync] Stopped: History
2026-05-10 04:03:12.804: [INFO][Sync] Stopped: Saved Tab Group
2026-05-10 04:03:12.804: [INFO][Sync] Stopped: WebAuthn Credentials
2026-05-10 04:03:12.804: [INFO][Sync] Stopped: Collection
2026-05-10 04:03:12.804: [INFO][Sync] Stopped: Edge E Drop
2026-05-10 04:03:12.804: [INFO][Sync] Stopped: Edge Hub App Usage
2026-05-10 04:03:12.804: [INFO][Sync] Stopped: Edge Wallet
2026-05-10 04:03:12.804: [INFO][Sync] Stopped: Edge Workspace
2026-05-10 04:06:35.966: [INFO][Sync] Reset engine, reason: 0
2026-05-10 04:06:40.405: [INFO][Sync] Reset engine, reason: 8
2026-05-10 04:06:40.405: [INFO][Sync] Stopped: Bookmarks
2026-05-10 04:06:40.405: [INFO][Sync] Stopped: Preferences
2026-05-10 04:06:40.405: [INFO][Sync] Stopped: Passwords
2026-05-10 04:06:40.405: [INFO][Sync] Stopped: Autofill Profiles
2026-05-10 04:06:40.405: [INFO][Sync] Stopped: Autofill
2026-05-10 04:06:40.405: [INFO][Sync] Stopped: Extensions
2026-05-10 04:06:40.405: [INFO][Sync] Stopped: Sessions
2026-05-10 04:06:40.405: [INFO][Sync] Stopped: Extension settings
2026-05-10 04:06:40.405: [INFO][Sync] Stopped: History Delete Directives
2026-05-10 04:06:40.405: [INFO][Sync] Stopped: Device Info
2026-05-10 04:06:40.405: [INFO][Sync] Stopped: User Consents
2026-05-10 04:06:40.405: [INFO][Sync] Stopped: Send Tab To Self
2026-05-10 04:06:40.405: [INFO][Sync] Stopped: Web Apps
2026-05-10 04:06:40.405: [INFO][Sync] Stopped: History
2026-05-10 04:06:40.405: [INFO][Sync] Stopped: Saved Tab Group
2026-05-10 04:06:40.405: [INFO][Sync] Stopped: WebAuthn Credentials
2026-05-10 04:06:40.405: [INFO][Sync] Stopped: Collection
2026-05-10 04:06:40.405: [INFO][Sync] Stopped: Edge E Drop
2026-05-10 04:06:40.405: [INFO][Sync] Stopped: Edge Hub App Usage
2026-05-10 04:06:40.405: [INFO][Sync] Stopped: Edge Wallet
2026-05-10 04:06:40.405: [INFO][Sync] Stopped: Edge Workspace
2026-05-10 04:06:40.405: [INFO][Sync] SyncState after authenticated was: NotSignedIn
2026-05-10 04:06:41.989: [INFO][Sync] Reset engine, reason: 8
2026-05-10 04:06:41.989: [INFO][Sync] Stopped: Bookmarks
2026-05-10 04:06:41.989: [INFO][Sync] Stopped: Preferences
2026-05-10 04:06:41.989: [INFO][Sync] Stopped: Passwords
2026-05-10 04:06:41.989: [INFO][Sync] Stopped: Autofill Profiles
2026-05-10 04:06:41.989: [INFO][Sync] Stopped: Autofill
2026-05-10 04:06:41.989: [INFO][Sync] Stopped: Extensions
2026-05-10 04:06:41.989: [INFO][Sync] Stopped: Sessions
2026-05-10 04:06:41.989: [INFO][Sync] Stopped: Extension settings
2026-05-10 04:06:41.989: [INFO][Sync] Stopped: History Delete Directives
2026-05-10 04:06:41.989: [INFO][Sync] Stopped: Device Info
2026-05-10 04:06:41.989: [INFO][Sync] Stopped: User Consents
2026-05-10 04:06:41.989: [INFO][Sync] Stopped: Send Tab To Self
2026-05-10 04:06:41.989: [INFO][Sync] Stopped: Web Apps
2026-05-10 04:06:41.989: [INFO][Sync] Stopped: History
2026-05-10 04:06:41.989: [INFO][Sync] Stopped: Saved Tab Group
2026-05-10 04:06:41.989: [INFO][Sync] Stopped: WebAuthn Credentials
2026-05-10 04:06:41.989: [INFO][Sync] Stopped: Collection
2026-05-10 04:06:41.989: [INFO][Sync] Stopped: Edge E Drop
2026-05-10 04:06:41.989: [INFO][Sync] Stopped: Edge Hub App Usage
2026-05-10 04:06:41.989: [INFO][Sync] Stopped: Edge Wallet
2026-05-10 04:06:41.989: [INFO][Sync] Stopped: Edge Workspace
2026-05-10 04:46:08.501: [INFO][Sync] Reset engine, reason: 0
2026-05-10 04:46:14.231: [INFO][Sync] Reset engine, reason: 8
2026-05-10 04:46:14.231: [INFO][Sync] Stopped: Bookmarks
2026-05-10 04:46:14.231: [INFO][Sync] Stopped: Preferences
2026-05-10 04:46:14.231: [INFO][Sync] Stopped: Passwords
2026-05-10 04:46:14.231: [INFO][Sync] Stopped: Autofill Profiles
2026-05-10 04:46:14.231: [INFO][Sync] Stopped: Autofill
2026-05-10 04:46:14.231: [INFO][Sync] Stopped: Extensions
2026-05-10 04:46:14.231: [INFO][Sync] Stopped: Sessions
2026-05-10 04:46:14.231: [INFO][Sync] Stopped: Extension settings
2026-05-10 04:46:14.231: [INFO][Sync] Stopped: History Delete Directives
2026-05-10 04:46:14.231: [INFO][Sync] Stopped: Device Info
2026-05-10 04:46:14.231: [INFO][Sync] Stopped: User Consents
2026-05-10 04:46:14.231: [INFO][Sync] Stopped: Send Tab To Self
2026-05-10 04:46:14.231: [INFO][Sync] Stopped: Web Apps
2026-05-10 04:46:14.231: [INFO][Sync] Stopped: History
2026-05-10 04:46:14.231: [INFO][Sync] Stopped: Saved Tab Group
2026-05-10 04:46:14.231: [INFO][Sync] Stopped: WebAuthn Credentials
2026-05-10 04:46:14.231: [INFO][Sync] Stopped: Collection
2026-05-10 04:46:14.231: [INFO][Sync] Stopped: Edge E Drop
2026-05-10 04:46:14.231: [INFO][Sync] Stopped: Edge Hub App Usage
2026-05-10 04:46:14.231: [INFO][Sync] Stopped: Edge Wallet
2026-05-10 04:46:14.231: [INFO][Sync] Stopped: Edge Workspace
2026-05-10 04:46:14.232: [INFO][Sync] SyncState after authenticated was: NotSignedIn
2026-05-10 04:46:16.129: [INFO][Sync] Reset engine, reason: 8
2026-05-10 04:46:16.130: [INFO][Sync] Stopped: Bookmarks
2026-05-10 04:46:16.130: [INFO][Sync] Stopped: Preferences
2026-05-10 04:46:16.130: [INFO][Sync] Stopped: Passwords
2026-05-10 04:46:16.130: [INFO][Sync] Stopped: Autofill Profiles
2026-05-10 04:46:16.130: [INFO][Sync] Stopped: Autofill
2026-05-10 04:46:16.130: [INFO][Sync] Stopped: Extensions
2026-05-10 04:46:16.130: [INFO][Sync] Stopped: Sessions
2026-05-10 04:46:16.130: [INFO][Sync] Stopped: Extension settings
2026-05-10 04:46:16.130: [INFO][Sync] Stopped: History Delete Directives
2026-05-10 04:46:16.130: [INFO][Sync] Stopped: Device Info
2026-05-10 04:46:16.130: [INFO][Sync] Stopped: User Consents
2026-05-10 04:46:16.130: [INFO][Sync] Stopped: Send Tab To Self
2026-05-10 04:46:16.130: [INFO][Sync] Stopped: Web Apps
2026-05-10 04:46:16.130: [INFO][Sync] Stopped: History
2026-05-10 04:46:16.130: [INFO][Sync] Stopped: Saved Tab Group
2026-05-10 04:46:16.130: [INFO][Sync] Stopped: WebAuthn Credentials
2026-05-10 04:46:16.130: [INFO][Sync] Stopped: Collection
2026-05-10 04:46:16.130: [INFO][Sync] Stopped: Edge E Drop
2026-05-10 04:46:16.130: [INFO][Sync] Stopped: Edge Hub App Usage
2026-05-10 04:46:16.130: [INFO][Sync] Stopped: Edge Wallet
2026-05-10 04:46:16.130: [INFO][Sync] Stopped: Edge Workspace
2026-05-10 05:18:49.670: [INFO][Sync] Reset engine, reason: 0
2026-05-10 05:18:55.029: [INFO][Sync] Reset engine, reason: 8
2026-05-10 05:18:55.029: [INFO][Sync] Stopped: Bookmarks
2026-05-10 05:18:55.029: [INFO][Sync] Stopped: Preferences
2026-05-10 05:18:55.029: [INFO][Sync] Stopped: Passwords
2026-05-10 05:18:55.029: [INFO][Sync] Stopped: Autofill Profiles
2026-05-10 05:18:55.029: [INFO][Sync] Stopped: Autofill
2026-05-10 05:18:55.029: [INFO][Sync] Stopped: Extensions
2026-05-10 05:18:55.029: [INFO][Sync] Stopped: Sessions
2026-05-10 05:18:55.029: [INFO][Sync] Stopped: Extension settings
2026-05-10 05:18:55.029: [INFO][Sync] Stopped: History Delete Directives
2026-05-10 05:18:55.029: [INFO][Sync] Stopped: Device Info
2026-05-10 05:18:55.029: [INFO][Sync] Stopped: User Consents
2026-05-10 05:18:55.029: [INFO][Sync] Stopped: Send Tab To Self
2026-05-10 05:18:55.029: [INFO][Sync] Stopped: Web Apps
2026-05-10 05:18:55.029: [INFO][Sync] Stopped: History
2026-05-10 05:18:55.030: [INFO][Sync] Stopped: Saved Tab Group
2026-05-10 05:18:55.030: [INFO][Sync] Stopped: WebAuthn Credentials
2026-05-10 05:18:55.030: [INFO][Sync] Stopped: Collection
2026-05-10 05:18:55.030: [INFO][Sync] Stopped: Edge E Drop
2026-05-10 05:18:55.030: [INFO][Sync] Stopped: Edge Hub App Usage
2026-05-10 05:18:55.030: [INFO][Sync] Stopped: Edge Wallet
2026-05-10 05:18:55.030: [INFO][Sync] Stopped: Edge Workspace
2026-05-10 05:18:55.030: [INFO][Sync] SyncState after authenticated was: NotSignedIn
2026-05-10 05:18:56.356: [INFO][Sync] Reset engine, reason: 8
2026-05-10 05:18:56.356: [INFO][Sync] Stopped: Bookmarks
2026-05-10 05:18:56.356: [INFO][Sync] Stopped: Preferences
2026-05-10 05:18:56.356: [INFO][Sync] Stopped: Passwords
2026-05-10 05:18:56.356: [INFO][Sync] Stopped: Autofill Profiles
2026-05-10 05:18:56.356: [INFO][Sync] Stopped: Autofill
2026-05-10 05:18:56.356: [INFO][Sync] Stopped: Extensions
2026-05-10 05:18:56.356: [INFO][Sync] Stopped: Sessions
2026-05-10 05:18:56.356: [INFO][Sync] Stopped: Extension settings
2026-05-10 05:18:56.356: [INFO][Sync] Stopped: History Delete Directives
2026-05-10 05:18:56.356: [INFO][Sync] Stopped: Device Info
2026-05-10 05:18:56.356: [INFO][Sync] Stopped: User Consents
2026-05-10 05:18:56.356: [INFO][Sync] Stopped: Send Tab To Self
2026-05-10 05:18:56.356: [INFO][Sync] Stopped: Web Apps
2026-05-10 05:18:56.356: [INFO][Sync] Stopped: History
2026-05-10 05:18:56.356: [INFO][Sync] Stopped: Saved Tab Group
2026-05-10 05:18:56.356: [INFO][Sync] Stopped: WebAuthn Credentials
2026-05-10 05:18:56.356: [INFO][Sync] Stopped: Collection
2026-05-10 05:18:56.356: [INFO][Sync] Stopped: Edge E Drop
2026-05-10 05:18:56.356: [INFO][Sync] Stopped: Edge Hub App Usage
2026-05-10 05:18:56.356: [INFO][Sync] Stopped: Edge Wallet
2026-05-10 05:18:56.356: [INFO][Sync] Stopped: Edge Workspace
2026-05-11 18:49:55.233: [INFO][Sync] Reset engine, reason: 8
2026-05-11 18:49:55.233: [INFO][Sync] Stopped: Bookmarks
2026-05-11 18:49:55.233: [INFO][Sync] Stopped: Preferences
2026-05-11 18:49:55.233: [INFO][Sync] Stopped: Passwords
2026-05-11 18:49:55.233: [INFO][Sync] Stopped: Autofill Profiles
2026-05-11 18:49:55.233: [INFO][Sync] Stopped: Autofill
2026-05-11 18:49:55.233: [INFO][Sync] Stopped: Extensions
2026-05-11 18:49:55.233: [INFO][Sync] Stopped: Sessions
2026-05-11 18:49:55.233: [INFO][Sync] Stopped: Extension settings
2026-05-11 18:49:55.233: [INFO][Sync] Stopped: History Delete Directives
2026-05-11 18:49:55.233: [INFO][Sync] Stopped: Device Info
2026-05-11 18:49:55.233: [INFO][Sync] Stopped: User Consents
2026-05-11 18:49:55.233: [INFO][Sync] Stopped: Send Tab To Self
2026-05-11 18:49:55.233: [INFO][Sync] Stopped: Web Apps
2026-05-11 18:49:55.233: [INFO][Sync] Stopped: History
2026-05-11 18:49:55.233: [INFO][Sync] Stopped: Saved Tab Group
2026-05-11 18:49:55.233: [INFO][Sync] Stopped: WebAuthn Credentials
2026-05-11 18:49:55.233: [INFO][Sync] Stopped: Collection
2026-05-11 18:49:55.233: [INFO][Sync] Stopped: Edge E Drop
2026-05-11 18:49:55.233: [INFO][Sync] Stopped: Edge Hub App Usage
2026-05-11 18:49:55.233: [INFO][Sync] Stopped: Edge Wallet
2026-05-11 18:49:55.233: [INFO][Sync] Stopped: Edge Workspace
2026-05-11 18:49:55.233: [INFO][Sync] SyncState after authenticated was: NotSignedIn
2026-05-11 18:49:55.741: [INFO][Sync] Reset engine, reason: 8
2026-05-11 18:49:55.741: [INFO][Sync] Stopped: Bookmarks
2026-05-11 18:49:55.741: [INFO][Sync] Stopped: Preferences
2026-05-11 18:49:55.742: [INFO][Sync] Stopped: Passwords
2026-05-11 18:49:55.742: [INFO][Sync] Stopped: Autofill Profiles
2026-05-11 18:49:55.742: [INFO][Sync] Stopped: Autofill
2026-05-11 18:49:55.742: [INFO][Sync] Stopped: Extensions
2026-05-11 18:49:55.742: [INFO][Sync] Stopped: Sessions
2026-05-11 18:49:55.742: [INFO][Sync] Stopped: Extension settings
2026-05-11 18:49:55.742: [INFO][Sync] Stopped: History Delete Directives
2026-05-11 18:49:55.742: [INFO][Sync] Stopped: Device Info
2026-05-11 18:49:55.742: [INFO][Sync] Stopped: User Consents
2026-05-11 18:49:55.742: [INFO][Sync] Stopped: Send Tab To Self
2026-05-11 18:49:55.742: [INFO][Sync] Stopped: Web Apps
2026-05-11 18:49:55.742: [INFO][Sync] Stopped: History
2026-05-11 18:49:55.742: [INFO][Sync] Stopped: Saved Tab Group
2026-05-11 18:49:55.742: [INFO][Sync] Stopped: WebAuthn Credentials
2026-05-11 18:49:55.742: [INFO][Sync] Stopped: Collection
2026-05-11 18:49:55.742: [INFO][Sync] Stopped: Edge E Drop
2026-05-11 18:49:55.742: [INFO][Sync] Stopped: Edge Hub App Usage
2026-05-11 18:49:55.742: [INFO][Sync] Stopped: Edge Wallet
2026-05-11 18:49:55.742: [INFO][Sync] Stopped: Edge Workspace
2026-05-11 20:47:26.413: [INFO][Sync] Reset engine, reason: 0
2026-05-12 00:51:15.290: [INFO][Sync] Reset engine, reason: 8
2026-05-12 00:51:15.290: [INFO][Sync] Stopped: Bookmarks
2026-05-12 00:51:15.290: [INFO][Sync] Stopped: Preferences
2026-05-12 00:51:15.290: [INFO][Sync] Stopped: Passwords
2026-05-12 00:51:15.290: [INFO][Sync] Stopped: Autofill Profiles
2026-05-12 00:51:15.290: [INFO][Sync] Stopped: Autofill
2026-05-12 00:51:15.290: [INFO][Sync] Stopped: Extensions
2026-05-12 00:51:15.290: [INFO][Sync] Stopped: Sessions
2026-05-12 00:51:15.290: [INFO][Sync] Stopped: Extension settings
2026-05-12 00:51:15.290: [INFO][Sync] Stopped: History Delete Directives
2026-05-12 00:51:15.291: [INFO][Sync] Stopped: Device Info
2026-05-12 00:51:15.291: [INFO][Sync] Stopped: User Consents
2026-05-12 00:51:15.291: [INFO][Sync] Stopped: Send Tab To Self
2026-05-12 00:51:15.291: [INFO][Sync] Stopped: Web Apps
2026-05-12 00:51:15.291: [INFO][Sync] Stopped: History
2026-05-12 00:51:15.291: [INFO][Sync] Stopped: Saved Tab Group
2026-05-12 00:51:15.291: [INFO][Sync] Stopped: WebAuthn Credentials
2026-05-12 00:51:15.291: [INFO][Sync] Stopped: Collection
2026-05-12 00:51:15.291: [INFO][Sync] Stopped: Edge E Drop
2026-05-12 00:51:15.291: [INFO][Sync] Stopped: Edge Hub App Usage
2026-05-12 00:51:15.291: [INFO][Sync] Stopped: Edge Wallet
2026-05-12 00:51:15.291: [INFO][Sync] Stopped: Edge Workspace
2026-05-12 00:51:15.291: [INFO][Sync] SyncState after authenticated was: NotSignedIn
2026-05-12 00:51:19.633: [INFO][Sync] Reset engine, reason: 8
2026-05-12 00:51:19.633: [INFO][Sync] Stopped: Bookmarks
2026-05-12 00:51:19.633: [INFO][Sync] Stopped: Preferences
2026-05-12 00:51:19.633: [INFO][Sync] Stopped: Passwords
2026-05-12 00:51:19.633: [INFO][Sync] Stopped: Autofill Profiles
2026-05-12 00:51:19.633: [INFO][Sync] Stopped: Autofill
2026-05-12 00:51:19.633: [INFO][Sync] Stopped: Extensions
2026-05-12 00:51:19.633: [INFO][Sync] Stopped: Sessions
2026-05-12 00:51:19.633: [INFO][Sync] Stopped: Extension settings
2026-05-12 00:51:19.634: [INFO][Sync] Stopped: History Delete Directives
2026-05-12 00:51:19.634: [INFO][Sync] Stopped: Device Info
2026-05-12 00:51:19.634: [INFO][Sync] Stopped: User Consents
2026-05-12 00:51:19.634: [INFO][Sync] Stopped: Send Tab To Self
2026-05-12 00:51:19.634: [INFO][Sync] Stopped: Web Apps
2026-05-12 00:51:19.634: [INFO][Sync] Stopped: History
2026-05-12 00:51:19.634: [INFO][Sync] Stopped: Saved Tab Group
2026-05-12 00:51:19.634: [INFO][Sync] Stopped: WebAuthn Credentials
2026-05-12 00:51:19.634: [INFO][Sync] Stopped: Collection
2026-05-12 00:51:19.634: [INFO][Sync] Stopped: Edge E Drop
2026-05-12 00:51:19.634: [INFO][Sync] Stopped: Edge Hub App Usage
2026-05-12 00:51:19.634: [INFO][Sync] Stopped: Edge Wallet
2026-05-12 00:51:19.634: [INFO][Sync] Stopped: Edge Workspace
2026-05-12 00:51:19.634: [INFO][Sync] SyncState after authenticated was: NotSignedIn
2026-05-12 00:51:20.930: [INFO][Sync] Reset engine, reason: 8
2026-05-12 00:51:20.930: [INFO][Sync] Stopped: Bookmarks
2026-05-12 00:51:20.931: [INFO][Sync] Stopped: Preferences
2026-05-12 00:51:20.931: [INFO][Sync] Stopped: Passwords
2026-05-12 00:51:20.931: [INFO][Sync] Stopped: Autofill Profiles
2026-05-12 00:51:20.931: [INFO][Sync] Stopped: Autofill
2026-05-12 00:51:20.931: [INFO][Sync] Stopped: Extensions
2026-05-12 00:51:20.931: [INFO][Sync] Stopped: Sessions
2026-05-12 00:51:20.931: [INFO][Sync] Stopped: Extension settings
2026-05-12 00:51:20.931: [INFO][Sync] Stopped: History Delete Directives
2026-05-12 00:51:20.931: [INFO][Sync] Stopped: Device Info
2026-05-12 00:51:20.931: [INFO][Sync] Stopped: User Consents
2026-05-12 00:51:20.931: [INFO][Sync] Stopped: Send Tab To Self
2026-05-12 00:51:20.931: [INFO][Sync] Stopped: Web Apps
2026-05-12 00:51:20.931: [INFO][Sync] Stopped: History
2026-05-12 00:51:20.931: [INFO][Sync] Stopped: Saved Tab Group
2026-05-12 00:51:20.931: [INFO][Sync] Stopped: WebAuthn Credentials
2026-05-12 00:51:20.931: [INFO][Sync] Stopped: Collection
2026-05-12 00:51:20.931: [INFO][Sync] Stopped: Edge E Drop
2026-05-12 00:51:20.931: [INFO][Sync] Stopped: Edge Hub App Usage
2026-05-12 00:51:20.931: [INFO][Sync] Stopped: Edge Wallet
2026-05-12 00:51:20.931: [INFO][Sync] Stopped: Edge Workspace
2026-05-12 00:56:39.115: [INFO][Sync] Reset engine, reason: 0
2026-05-12 18:56:55.395: [INFO][Sync] Reset engine, reason: 8
2026-05-12 18:56:55.395: [INFO][Sync] Stopped: Bookmarks
2026-05-12 18:56:55.395: [INFO][Sync] Stopped: Preferences
2026-05-12 18:56:55.395: [INFO][Sync] Stopped: Passwords
2026-05-12 18:56:55.395: [INFO][Sync] Stopped: Autofill Profiles
2026-05-12 18:56:55.395: [INFO][Sync] Stopped: Autofill
2026-05-12 18:56:55.395: [INFO][Sync] Stopped: Extensions
2026-05-12 18:56:55.395: [INFO][Sync] Stopped: Sessions
2026-05-12 18:56:55.395: [INFO][Sync] Stopped: Extension settings
2026-05-12 18:56:55.395: [INFO][Sync] Stopped: History Delete Directives
2026-05-12 18:56:55.395: [INFO][Sync] Stopped: Device Info
2026-05-12 18:56:55.395: [INFO][Sync] Stopped: User Consents
2026-05-12 18:56:55.395: [INFO][Sync] Stopped: Send Tab To Self
2026-05-12 18:56:55.395: [INFO][Sync] Stopped: Web Apps
2026-05-12 18:56:55.395: [INFO][Sync] Stopped: History
2026-05-12 18:56:55.395: [INFO][Sync] Stopped: Saved Tab Group
2026-05-12 18:56:55.395: [INFO][Sync] Stopped: WebAuthn Credentials
2026-05-12 18:56:55.395: [INFO][Sync] Stopped: Collection
2026-05-12 18:56:55.395: [INFO][Sync] Stopped: Edge E Drop
2026-05-12 18:56:55.395: [INFO][Sync] Stopped: Edge Hub App Usage
2026-05-12 18:56:55.395: [INFO][Sync] Stopped: Edge Wallet
2026-05-12 18:56:55.395: [INFO][Sync] Stopped: Edge Workspace
2026-05-12 18:56:55.395: [INFO][Sync] SyncState after authenticated was: NotSignedIn
2026-05-12 18:56:55.913: [INFO][Sync] Reset engine, reason: 8
2026-05-12 18:56:55.913: [INFO][Sync] Stopped: Bookmarks
2026-05-12 18:56:55.913: [INFO][Sync] Stopped: Preferences
2026-05-12 18:56:55.913: [INFO][Sync] Stopped: Passwords
2026-05-12 18:56:55.913: [INFO][Sync] Stopped: Autofill Profiles
2026-05-12 18:56:55.913: [INFO][Sync] Stopped: Autofill
2026-05-12 18:56:55.913: [INFO][Sync] Stopped: Extensions
2026-05-12 18:56:55.913: [INFO][Sync] Stopped: Sessions
2026-05-12 18:56:55.913: [INFO][Sync] Stopped: Extension settings
2026-05-12 18:56:55.913: [INFO][Sync] Stopped: History Delete Directives
2026-05-12 18:56:55.913: [INFO][Sync] Stopped: Device Info
2026-05-12 18:56:55.913: [INFO][Sync] Stopped: User Consents
2026-05-12 18:56:55.913: [INFO][Sync] Stopped: Send Tab To Self
2026-05-12 18:56:55.913: [INFO][Sync] Stopped: Web Apps
2026-05-12 18:56:55.913: [INFO][Sync] Stopped: History
2026-05-12 18:56:55.913: [INFO][Sync] Stopped: Saved Tab Group
2026-05-12 18:56:55.913: [INFO][Sync] Stopped: WebAuthn Credentials
2026-05-12 18:56:55.913: [INFO][Sync] Stopped: Collection
2026-05-12 18:56:55.913: [INFO][Sync] Stopped: Edge E Drop
2026-05-12 18:56:55.913: [INFO][Sync] Stopped: Edge Hub App Usage
2026-05-12 18:56:55.913: [INFO][Sync] Stopped: Edge Wallet
2026-05-12 18:56:55.913: [INFO][Sync] Stopped: Edge Workspace
2026-05-12 22:39:19.937: [INFO][Sync] Reset engine, reason: 0
2026-05-12 22:39:21.139: [INFO][Sync] Reset engine, reason: 8
2026-05-12 22:39:21.139: [INFO][Sync] Stopped: Bookmarks
2026-05-12 22:39:21.139: [INFO][Sync] Stopped: Preferences
2026-05-12 22:39:21.139: [INFO][Sync] Stopped: Passwords
2026-05-12 22:39:21.139: [INFO][Sync] Stopped: Autofill Profiles
2026-05-12 22:39:21.139: [INFO][Sync] Stopped: Autofill
2026-05-12 22:39:21.139: [INFO][Sync] Stopped: Extensions
2026-05-12 22:39:21.139: [INFO][Sync] Stopped: Sessions
2026-05-12 22:39:21.139: [INFO][Sync] Stopped: Extension settings
2026-05-12 22:39:21.139: [INFO][Sync] Stopped: History Delete Directives
2026-05-12 22:39:21.139: [INFO][Sync] Stopped: Device Info
2026-05-12 22:39:21.139: [INFO][Sync] Stopped: User Consents
2026-05-12 22:39:21.139: [INFO][Sync] Stopped: Send Tab To Self
2026-05-12 22:39:21.139: [INFO][Sync] Stopped: Web Apps
2026-05-12 22:39:21.139: [INFO][Sync] Stopped: History
2026-05-12 22:39:21.139: [INFO][Sync] Stopped: Saved Tab Group
2026-05-12 22:39:21.139: [INFO][Sync] Stopped: WebAuthn Credentials
2026-05-12 22:39:21.139: [INFO][Sync] Stopped: Collection
2026-05-12 22:39:21.139: [INFO][Sync] Stopped: Edge E Drop
2026-05-12 22:39:21.139: [INFO][Sync] Stopped: Edge Hub App Usage
2026-05-12 22:39:21.139: [INFO][Sync] Stopped: Edge Wallet
2026-05-12 22:39:21.139: [INFO][Sync] Stopped: Edge Workspace
2026-05-12 22:39:21.139: [INFO][Sync] SyncState after authenticated was: NotSignedIn
2026-05-12 22:39:21.733: [INFO][Sync] Reset engine, reason: 8
2026-05-12 22:39:21.733: [INFO][Sync] Stopped: Bookmarks
2026-05-12 22:39:21.733: [INFO][Sync] Stopped: Preferences
2026-05-12 22:39:21.733: [INFO][Sync] Stopped: Passwords
2026-05-12 22:39:21.733: [INFO][Sync] Stopped: Autofill Profiles
2026-05-12 22:39:21.733: [INFO][Sync] Stopped: Autofill
2026-05-12 22:39:21.733: [INFO][Sync] Stopped: Extensions
2026-05-12 22:39:21.733: [INFO][Sync] Stopped: Sessions
2026-05-12 22:39:21.733: [INFO][Sync] Stopped: Extension settings
2026-05-12 22:39:21.733: [INFO][Sync] Stopped: History Delete Directives
2026-05-12 22:39:21.733: [INFO][Sync] Stopped: Device Info
2026-05-12 22:39:21.733: [INFO][Sync] Stopped: User Consents
2026-05-12 22:39:21.733: [INFO][Sync] Stopped: Send Tab To Self
2026-05-12 22:39:21.733: [INFO][Sync] Stopped: Web Apps
2026-05-12 22:39:21.733: [INFO][Sync] Stopped: History
2026-05-12 22:39:21.733: [INFO][Sync] Stopped: Saved Tab Group
2026-05-12 22:39:21.733: [INFO][Sync] Stopped: WebAuthn Credentials
2026-05-12 22:39:21.733: [INFO][Sync] Stopped: Collection
2026-05-12 22:39:21.733: [INFO][Sync] Stopped: Edge E Drop
2026-05-12 22:39:21.733: [INFO][Sync] Stopped: Edge Hub App Usage
2026-05-12 22:39:21.733: [INFO][Sync] Stopped: Edge Wallet
2026-05-12 22:39:21.733: [INFO][Sync] Stopped: Edge Workspace
2026-05-12 22:57:07.256: [INFO][Sync] Reset engine, reason: 0
2026-05-12 22:57:21.884: [INFO][Sync] Reset engine, reason: 8
2026-05-12 22:57:21.884: [INFO][Sync] Stopped: Bookmarks
2026-05-12 22:57:21.885: [INFO][Sync] Stopped: Preferences
2026-05-12 22:57:21.885: [INFO][Sync] Stopped: Passwords
2026-05-12 22:57:21.885: [INFO][Sync] Stopped: Autofill Profiles
2026-05-12 22:57:21.885: [INFO][Sync] Stopped: Autofill
2026-05-12 22:57:21.885: [INFO][Sync] Stopped: Extensions
2026-05-12 22:57:21.885: [INFO][Sync] Stopped: Sessions
2026-05-12 22:57:21.885: [INFO][Sync] Stopped: Extension settings
2026-05-12 22:57:21.885: [INFO][Sync] Stopped: History Delete Directives
2026-05-12 22:57:21.885: [INFO][Sync] Stopped: Device Info
2026-05-12 22:57:21.885: [INFO][Sync] Stopped: User Consents
2026-05-12 22:57:21.885: [INFO][Sync] Stopped: Send Tab To Self
2026-05-12 22:57:21.885: [INFO][Sync] Stopped: Web Apps
2026-05-12 22:57:21.885: [INFO][Sync] Stopped: History
2026-05-12 22:57:21.885: [INFO][Sync] Stopped: Saved Tab Group
2026-05-12 22:57:21.885: [INFO][Sync] Stopped: WebAuthn Credentials
2026-05-12 22:57:21.885: [INFO][Sync] Stopped: Collection
2026-05-12 22:57:21.885: [INFO][Sync] Stopped: Edge E Drop
2026-05-12 22:57:21.885: [INFO][Sync] Stopped: Edge Hub App Usage
2026-05-12 22:57:21.885: [INFO][Sync] Stopped: Edge Wallet
2026-05-12 22:57:21.885: [INFO][Sync] Stopped: Edge Workspace
2026-05-12 22:57:21.886: [INFO][Sync] SyncState after authenticated was: NotSignedIn
2026-05-12 22:57:27.522: [INFO][Sync] Reset engine, reason: 8
2026-05-12 22:57:27.522: [INFO][Sync] Stopped: Bookmarks
2026-05-12 22:57:27.522: [INFO][Sync] Stopped: Preferences
2026-05-12 22:57:27.522: [INFO][Sync] Stopped: Passwords
2026-05-12 22:57:27.522: [INFO][Sync] Stopped: Autofill Profiles
2026-05-12 22:57:27.522: [INFO][Sync] Stopped: Autofill
2026-05-12 22:57:27.522: [INFO][Sync] Stopped: Extensions
2026-05-12 22:57:27.522: [INFO][Sync] Stopped: Sessions
2026-05-12 22:57:27.522: [INFO][Sync] Stopped: Extension settings
2026-05-12 22:57:27.522: [INFO][Sync] Stopped: History Delete Directives
2026-05-12 22:57:27.522: [INFO][Sync] Stopped: Device Info
2026-05-12 22:57:27.522: [INFO][Sync] Stopped: User Consents
2026-05-12 22:57:27.522: [INFO][Sync] Stopped: Send Tab To Self
2026-05-12 22:57:27.522: [INFO][Sync] Stopped: Web Apps
2026-05-12 22:57:27.523: [INFO][Sync] Stopped: History
2026-05-12 22:57:27.523: [INFO][Sync] Stopped: Saved Tab Group
2026-05-12 22:57:27.523: [INFO][Sync] Stopped: WebAuthn Credentials
2026-05-12 22:57:27.523: [INFO][Sync] Stopped: Collection
2026-05-12 22:57:27.523: [INFO][Sync] Stopped: Edge E Drop
2026-05-12 22:57:27.523: [INFO][Sync] Stopped: Edge Hub App Usage
2026-05-12 22:57:27.523: [INFO][Sync] Stopped: Edge Wallet
2026-05-12 22:57:27.523: [INFO][Sync] Stopped: Edge Workspace
2026-05-13 00:09:34.278: [INFO][Sync] Reset engine, reason: 0
2026-05-13 00:09:37.992: [INFO][Sync] Reset engine, reason: 8
2026-05-13 00:09:37.992: [INFO][Sync] Stopped: Bookmarks
2026-05-13 00:09:37.993: [INFO][Sync] Stopped: Preferences
2026-05-13 00:09:37.993: [INFO][Sync] Stopped: Passwords
2026-05-13 00:09:37.993: [INFO][Sync] Stopped: Autofill Profiles
2026-05-13 00:09:37.993: [INFO][Sync] Stopped: Autofill
2026-05-13 00:09:37.993: [INFO][Sync] Stopped: Extensions
2026-05-13 00:09:37.993: [INFO][Sync] Stopped: Sessions
2026-05-13 00:09:37.993: [INFO][Sync] Stopped: Extension settings
2026-05-13 00:09:37.993: [INFO][Sync] Stopped: History Delete Directives
2026-05-13 00:09:37.993: [INFO][Sync] Stopped: Device Info
2026-05-13 00:09:37.993: [INFO][Sync] Stopped: User Consents
2026-05-13 00:09:37.993: [INFO][Sync] Stopped: Send Tab To Self
2026-05-13 00:09:37.993: [INFO][Sync] Stopped: Web Apps
2026-05-13 00:09:37.993: [INFO][Sync] Stopped: History
2026-05-13 00:09:37.993: [INFO][Sync] Stopped: Saved Tab Group
2026-05-13 00:09:37.993: [INFO][Sync] Stopped: WebAuthn Credentials
2026-05-13 00:09:37.993: [INFO][Sync] Stopped: Collection
2026-05-13 00:09:37.993: [INFO][Sync] Stopped: Edge E Drop
2026-05-13 00:09:37.993: [INFO][Sync] Stopped: Edge Hub App Usage
2026-05-13 00:09:37.993: [INFO][Sync] Stopped: Edge Wallet
2026-05-13 00:09:37.993: [INFO][Sync] Stopped: Edge Workspace
2026-05-13 00:09:37.993: [INFO][Sync] SyncState after authenticated was: NotSignedIn
2026-05-13 00:09:43.392: [INFO][Sync] Reset engine, reason: 8
2026-05-13 00:09:43.392: [INFO][Sync] Stopped: Bookmarks
2026-05-13 00:09:43.392: [INFO][Sync] Stopped: Preferences
2026-05-13 00:09:43.392: [INFO][Sync] Stopped: Passwords
2026-05-13 00:09:43.392: [INFO][Sync] Stopped: Autofill Profiles
2026-05-13 00:09:43.392: [INFO][Sync] Stopped: Autofill
2026-05-13 00:09:43.392: [INFO][Sync] Stopped: Extensions
2026-05-13 00:09:43.392: [INFO][Sync] Stopped: Sessions
2026-05-13 00:09:43.392: [INFO][Sync] Stopped: Extension settings
2026-05-13 00:09:43.392: [INFO][Sync] Stopped: History Delete Directives
2026-05-13 00:09:43.392: [INFO][Sync] Stopped: Device Info
2026-05-13 00:09:43.392: [INFO][Sync] Stopped: User Consents
2026-05-13 00:09:43.392: [INFO][Sync] Stopped: Send Tab To Self
2026-05-13 00:09:43.392: [INFO][Sync] Stopped: Web Apps
2026-05-13 00:09:43.393: [INFO][Sync] Stopped: History
2026-05-13 00:09:43.393: [INFO][Sync] Stopped: Saved Tab Group
2026-05-13 00:09:43.393: [INFO][Sync] Stopped: WebAuthn Credentials
2026-05-13 00:09:43.393: [INFO][Sync] Stopped: Collection
2026-05-13 00:09:43.393: [INFO][Sync] Stopped: Edge E Drop
2026-05-13 00:09:43.393: [INFO][Sync] Stopped: Edge Hub App Usage
2026-05-13 00:09:43.393: [INFO][Sync] Stopped: Edge Wallet
2026-05-13 00:09:43.393: [INFO][Sync] Stopped: Edge Workspace
2026-05-13 05:46:33.183: [INFO][Sync] Reset engine, reason: 0
2026-05-13 19:54:56.826: [INFO][Sync] Reset engine, reason: 8
2026-05-13 19:54:56.826: [INFO][Sync] Stopped: Bookmarks
2026-05-13 19:54:56.826: [INFO][Sync] Stopped: Preferences
2026-05-13 19:54:56.826: [INFO][Sync] Stopped: Passwords
2026-05-13 19:54:56.826: [INFO][Sync] Stopped: Autofill Profiles
2026-05-13 19:54:56.826: [INFO][Sync] Stopped: Autofill
2026-05-13 19:54:56.826: [INFO][Sync] Stopped: Extensions
2026-05-13 19:54:56.826: [INFO][Sync] Stopped: Sessions
2026-05-13 19:54:56.826: [INFO][Sync] Stopped: Extension settings
2026-05-13 19:54:56.826: [INFO][Sync] Stopped: History Delete Directives
2026-05-13 19:54:56.826: [INFO][Sync] Stopped: Device Info
2026-05-13 19:54:56.826: [INFO][Sync] Stopped: User Consents
2026-05-13 19:54:56.826: [INFO][Sync] Stopped: Send Tab To Self
2026-05-13 19:54:56.826: [INFO][Sync] Stopped: Web Apps
2026-05-13 19:54:56.826: [INFO][Sync] Stopped: History
2026-05-13 19:54:56.826: [INFO][Sync] Stopped: Saved Tab Group
2026-05-13 19:54:56.826: [INFO][Sync] Stopped: WebAuthn Credentials
2026-05-13 19:54:56.826: [INFO][Sync] Stopped: Collection
2026-05-13 19:54:56.826: [INFO][Sync] Stopped: Edge E Drop
2026-05-13 19:54:56.826: [INFO][Sync] Stopped: Edge Hub App Usage
2026-05-13 19:54:56.826: [INFO][Sync] Stopped: Edge Wallet
2026-05-13 19:54:56.826: [INFO][Sync] Stopped: Edge Workspace
2026-05-13 19:54:56.826: [INFO][Sync] SyncState after authenticated was: NotSignedIn
2026-05-13 19:54:57.281: [INFO][Sync] Reset engine, reason: 8
2026-05-13 19:54:57.281: [INFO][Sync] Stopped: Bookmarks
2026-05-13 19:54:57.281: [INFO][Sync] Stopped: Preferences
2026-05-13 19:54:57.281: [INFO][Sync] Stopped: Passwords
2026-05-13 19:54:57.281: [INFO][Sync] Stopped: Autofill Profiles
2026-05-13 19:54:57.281: [INFO][Sync] Stopped: Autofill
2026-05-13 19:54:57.281: [INFO][Sync] Stopped: Extensions
2026-05-13 19:54:57.281: [INFO][Sync] Stopped: Sessions
2026-05-13 19:54:57.281: [INFO][Sync] Stopped: Extension settings
2026-05-13 19:54:57.281: [INFO][Sync] Stopped: History Delete Directives
2026-05-13 19:54:57.281: [INFO][Sync] Stopped: Device Info
2026-05-13 19:54:57.282: [INFO][Sync] Stopped: User Consents
2026-05-13 19:54:57.282: [INFO][Sync] Stopped: Send Tab To Self
2026-05-13 19:54:57.282: [INFO][Sync] Stopped: Web Apps
2026-05-13 19:54:57.282: [INFO][Sync] Stopped: History
2026-05-13 19:54:57.282: [INFO][Sync] Stopped: Saved Tab Group
2026-05-13 19:54:57.282: [INFO][Sync] Stopped: WebAuthn Credentials
2026-05-13 19:54:57.282: [INFO][Sync] Stopped: Collection
2026-05-13 19:54:57.282: [INFO][Sync] Stopped: Edge E Drop
2026-05-13 19:54:57.282: [INFO][Sync] Stopped: Edge Hub App Usage
2026-05-13 19:54:57.282: [INFO][Sync] Stopped: Edge Wallet
2026-05-13 19:54:57.282: [INFO][Sync] Stopped: Edge Workspace
2026-05-13 22:34:22.103: [INFO][Sync] Reset engine, reason: 0
2026-05-13 22:34:23.518: [INFO][Sync] Reset engine, reason: 8
2026-05-13 22:34:23.518: [INFO][Sync] Stopped: Bookmarks
2026-05-13 22:34:23.518: [INFO][Sync] Stopped: Preferences
2026-05-13 22:34:23.518: [INFO][Sync] Stopped: Passwords
2026-05-13 22:34:23.518: [INFO][Sync] Stopped: Autofill Profiles
2026-05-13 22:34:23.518: [INFO][Sync] Stopped: Autofill
2026-05-13 22:34:23.518: [INFO][Sync] Stopped: Extensions
2026-05-13 22:34:23.518: [INFO][Sync] Stopped: Sessions
2026-05-13 22:34:23.518: [INFO][Sync] Stopped: Extension settings
2026-05-13 22:34:23.518: [INFO][Sync] Stopped: History Delete Directives
2026-05-13 22:34:23.518: [INFO][Sync] Stopped: Device Info
2026-05-13 22:34:23.518: [INFO][Sync] Stopped: User Consents
2026-05-13 22:34:23.518: [INFO][Sync] Stopped: Send Tab To Self
2026-05-13 22:34:23.518: [INFO][Sync] Stopped: Web Apps
2026-05-13 22:34:23.518: [INFO][Sync] Stopped: History
2026-05-13 22:34:23.518: [INFO][Sync] Stopped: Saved Tab Group
2026-05-13 22:34:23.518: [INFO][Sync] Stopped: WebAuthn Credentials
2026-05-13 22:34:23.518: [INFO][Sync] Stopped: Collection
2026-05-13 22:34:23.518: [INFO][Sync] Stopped: Edge E Drop
2026-05-13 22:34:23.518: [INFO][Sync] Stopped: Edge Hub App Usage
2026-05-13 22:34:23.518: [INFO][Sync] Stopped: Edge Wallet
2026-05-13 22:34:23.518: [INFO][Sync] Stopped: Edge Workspace
2026-05-13 22:34:23.518: [INFO][Sync] SyncState after authenticated was: NotSignedIn
2026-05-13 22:34:24.028: [INFO][Sync] Reset engine, reason: 8
2026-05-13 22:34:24.028: [INFO][Sync] Stopped: Bookmarks
2026-05-13 22:34:24.028: [INFO][Sync] Stopped: Preferences
2026-05-13 22:34:24.028: [INFO][Sync] Stopped: Passwords
2026-05-13 22:34:24.028: [INFO][Sync] Stopped: Autofill Profiles
2026-05-13 22:34:24.028: [INFO][Sync] Stopped: Autofill
2026-05-13 22:34:24.028: [INFO][Sync] Stopped: Extensions
2026-05-13 22:34:24.028: [INFO][Sync] Stopped: Sessions
2026-05-13 22:34:24.028: [INFO][Sync] Stopped: Extension settings
2026-05-13 22:34:24.028: [INFO][Sync] Stopped: History Delete Directives
2026-05-13 22:34:24.028: [INFO][Sync] Stopped: Device Info
2026-05-13 22:34:24.028: [INFO][Sync] Stopped: User Consents
2026-05-13 22:34:24.028: [INFO][Sync] Stopped: Send Tab To Self
2026-05-13 22:34:24.028: [INFO][Sync] Stopped: Web Apps
2026-05-13 22:34:24.028: [INFO][Sync] Stopped: History
2026-05-13 22:34:24.028: [INFO][Sync] Stopped: Saved Tab Group
2026-05-13 22:34:24.028: [INFO][Sync] Stopped: WebAuthn Credentials
2026-05-13 22:34:24.028: [INFO][Sync] Stopped: Collection
2026-05-13 22:34:24.028: [INFO][Sync] Stopped: Edge E Drop
2026-05-13 22:34:24.028: [INFO][Sync] Stopped: Edge Hub App Usage
2026-05-13 22:34:24.028: [INFO][Sync] Stopped: Edge Wallet
2026-05-13 22:34:24.028: [INFO][Sync] Stopped: Edge Workspace
2026-05-14 00:30:07.658: [INFO][Sync] Reset engine, reason: 0
2026-05-14 21:10:32.160: [INFO][Sync] Reset engine, reason: 8
2026-05-14 21:10:32.161: [INFO][Sync] Stopped: Bookmarks
2026-05-14 21:10:32.161: [INFO][Sync] Stopped: Preferences
2026-05-14 21:10:32.161: [INFO][Sync] Stopped: Passwords
2026-05-14 21:10:32.161: [INFO][Sync] Stopped: Autofill Profiles
2026-05-14 21:10:32.161: [INFO][Sync] Stopped: Autofill
2026-05-14 21:10:32.161: [INFO][Sync] Stopped: Extensions
2026-05-14 21:10:32.161: [INFO][Sync] Stopped: Sessions
2026-05-14 21:10:32.161: [INFO][Sync] Stopped: Extension settings
2026-05-14 21:10:32.161: [INFO][Sync] Stopped: History Delete Directives
2026-05-14 21:10:32.161: [INFO][Sync] Stopped: Device Info
2026-05-14 21:10:32.161: [INFO][Sync] Stopped: User Consents
2026-05-14 21:10:32.161: [INFO][Sync] Stopped: Send Tab To Self
2026-05-14 21:10:32.161: [INFO][Sync] Stopped: Web Apps
2026-05-14 21:10:32.161: [INFO][Sync] Stopped: History
2026-05-14 21:10:32.161: [INFO][Sync] Stopped: Saved Tab Group
2026-05-14 21:10:32.161: [INFO][Sync] Stopped: WebAuthn Credentials
2026-05-14 21:10:32.161: [INFO][Sync] Stopped: Collection
2026-05-14 21:10:32.161: [INFO][Sync] Stopped: Edge E Drop
2026-05-14 21:10:32.161: [INFO][Sync] Stopped: Edge Hub App Usage
2026-05-14 21:10:32.161: [INFO][Sync] Stopped: Edge Wallet
2026-05-14 21:10:32.161: [INFO][Sync] Stopped: Edge Workspace
2026-05-14 21:10:32.161: [INFO][Sync] SyncState after authenticated was: NotSignedIn
2026-05-14 21:10:33.100: [INFO][Sync] Reset engine, reason: 8
2026-05-14 21:10:33.100: [INFO][Sync] Stopped: Bookmarks
2026-05-14 21:10:33.100: [INFO][Sync] Stopped: Preferences
2026-05-14 21:10:33.100: [INFO][Sync] Stopped: Passwords
2026-05-14 21:10:33.100: [INFO][Sync] Stopped: Autofill Profiles
2026-05-14 21:10:33.100: [INFO][Sync] Stopped: Autofill
2026-05-14 21:10:33.100: [INFO][Sync] Stopped: Extensions
2026-05-14 21:10:33.100: [INFO][Sync] Stopped: Sessions
2026-05-14 21:10:33.100: [INFO][Sync] Stopped: Extension settings
2026-05-14 21:10:33.100: [INFO][Sync] Stopped: History Delete Directives
2026-05-14 21:10:33.100: [INFO][Sync] Stopped: Device Info
2026-05-14 21:10:33.100: [INFO][Sync] Stopped: User Consents
2026-05-14 21:10:33.100: [INFO][Sync] Stopped: Send Tab To Self
2026-05-14 21:10:33.100: [INFO][Sync] Stopped: Web Apps
2026-05-14 21:10:33.100: [INFO][Sync] Stopped: History
2026-05-14 21:10:33.100: [INFO][Sync] Stopped: Saved Tab Group
2026-05-14 21:10:33.100: [INFO][Sync] Stopped: WebAuthn Credentials
2026-05-14 21:10:33.100: [INFO][Sync] Stopped: Collection
2026-05-14 21:10:33.100: [INFO][Sync] Stopped: Edge E Drop
2026-05-14 21:10:33.100: [INFO][Sync] Stopped: Edge Hub App Usage
2026-05-14 21:10:33.100: [INFO][Sync] Stopped: Edge Wallet
2026-05-14 21:10:33.100: [INFO][Sync] Stopped: Edge Workspace
2026-05-14 21:30:28.290: [INFO][Sync] Reset engine, reason: 0
2026-05-14 21:30:29.026: [INFO][Sync] Reset engine, reason: 8
2026-05-14 21:30:29.026: [INFO][Sync] Stopped: Bookmarks
2026-05-14 21:30:29.026: [INFO][Sync] Stopped: Preferences
2026-05-14 21:30:29.026: [INFO][Sync] Stopped: Passwords
2026-05-14 21:30:29.026: [INFO][Sync] Stopped: Autofill Profiles
2026-05-14 21:30:29.026: [INFO][Sync] Stopped: Autofill
2026-05-14 21:30:29.026: [INFO][Sync] Stopped: Extensions
2026-05-14 21:30:29.026: [INFO][Sync] Stopped: Sessions
2026-05-14 21:30:29.026: [INFO][Sync] Stopped: Extension settings
2026-05-14 21:30:29.026: [INFO][Sync] Stopped: History Delete Directives
2026-05-14 21:30:29.026: [INFO][Sync] Stopped: Device Info
2026-05-14 21:30:29.026: [INFO][Sync] Stopped: User Consents
2026-05-14 21:30:29.026: [INFO][Sync] Stopped: Send Tab To Self
2026-05-14 21:30:29.026: [INFO][Sync] Stopped: Web Apps
2026-05-14 21:30:29.026: [INFO][Sync] Stopped: History
2026-05-14 21:30:29.026: [INFO][Sync] Stopped: Saved Tab Group
2026-05-14 21:30:29.026: [INFO][Sync] Stopped: WebAuthn Credentials
2026-05-14 21:30:29.026: [INFO][Sync] Stopped: Collection
2026-05-14 21:30:29.026: [INFO][Sync] Stopped: Edge E Drop
2026-05-14 21:30:29.026: [INFO][Sync] Stopped: Edge Hub App Usage
2026-05-14 21:30:29.026: [INFO][Sync] Stopped: Edge Wallet
2026-05-14 21:30:29.026: [INFO][Sync] Stopped: Edge Workspace
2026-05-14 21:30:29.027: [INFO][Sync] SyncState after authenticated was: NotSignedIn
2026-05-14 21:30:29.502: [INFO][Sync] Reset engine, reason: 8
2026-05-14 21:30:29.502: [INFO][Sync] Stopped: Bookmarks
2026-05-14 21:30:29.502: [INFO][Sync] Stopped: Preferences
2026-05-14 21:30:29.502: [INFO][Sync] Stopped: Passwords
2026-05-14 21:30:29.502: [INFO][Sync] Stopped: Autofill Profiles
2026-05-14 21:30:29.502: [INFO][Sync] Stopped: Autofill
2026-05-14 21:30:29.502: [INFO][Sync] Stopped: Extensions
2026-05-14 21:30:29.502: [INFO][Sync] Stopped: Sessions
2026-05-14 21:30:29.502: [INFO][Sync] Stopped: Extension settings
2026-05-14 21:30:29.502: [INFO][Sync] Stopped: History Delete Directives
2026-05-14 21:30:29.502: [INFO][Sync] Stopped: Device Info
2026-05-14 21:30:29.502: [INFO][Sync] Stopped: User Consents
2026-05-14 21:30:29.502: [INFO][Sync] Stopped: Send Tab To Self
2026-05-14 21:30:29.502: [INFO][Sync] Stopped: Web Apps
2026-05-14 21:30:29.502: [INFO][Sync] Stopped: History
2026-05-14 21:30:29.502: [INFO][Sync] Stopped: Saved Tab Group
2026-05-14 21:30:29.502: [INFO][Sync] Stopped: WebAuthn Credentials
2026-05-14 21:30:29.502: [INFO][Sync] Stopped: Collection
2026-05-14 21:30:29.502: [INFO][Sync] Stopped: Edge E Drop
2026-05-14 21:30:29.502: [INFO][Sync] Stopped: Edge Hub App Usage
2026-05-14 21:30:29.502: [INFO][Sync] Stopped: Edge Wallet
2026-05-14 21:30:29.502: [INFO][Sync] Stopped: Edge Workspace
2026-05-14 21:59:07.178: [INFO][Sync] Reset engine, reason: 0
2026-05-14 22:32:47.644: [INFO][Sync] Reset engine, reason: 8
2026-05-14 22:32:47.644: [INFO][Sync] Stopped: Bookmarks
2026-05-14 22:32:47.644: [INFO][Sync] Stopped: Preferences
2026-05-14 22:32:47.644: [INFO][Sync] Stopped: Passwords
2026-05-14 22:32:47.644: [INFO][Sync] Stopped: Autofill Profiles
2026-05-14 22:32:47.644: [INFO][Sync] Stopped: Autofill
2026-05-14 22:32:47.644: [INFO][Sync] Stopped: Extensions
2026-05-14 22:32:47.644: [INFO][Sync] Stopped: Sessions
2026-05-14 22:32:47.644: [INFO][Sync] Stopped: Extension settings
2026-05-14 22:32:47.644: [INFO][Sync] Stopped: History Delete Directives
2026-05-14 22:32:47.644: [INFO][Sync] Stopped: Device Info
2026-05-14 22:32:47.644: [INFO][Sync] Stopped: User Consents
2026-05-14 22:32:47.644: [INFO][Sync] Stopped: Send Tab To Self
2026-05-14 22:32:47.644: [INFO][Sync] Stopped: Web Apps
2026-05-14 22:32:47.644: [INFO][Sync] Stopped: History
2026-05-14 22:32:47.644: [INFO][Sync] Stopped: Saved Tab Group
2026-05-14 22:32:47.644: [INFO][Sync] Stopped: WebAuthn Credentials
2026-05-14 22:32:47.644: [INFO][Sync] Stopped: Collection
2026-05-14 22:32:47.644: [INFO][Sync] Stopped: Edge E Drop
2026-05-14 22:32:47.644: [INFO][Sync] Stopped: Edge Hub App Usage
2026-05-14 22:32:47.644: [INFO][Sync] Stopped: Edge Wallet
2026-05-14 22:32:47.644: [INFO][Sync] Stopped: Edge Workspace
2026-05-14 22:32:47.645: [INFO][Sync] SyncState after authenticated was: NotSignedIn
2026-05-14 22:32:48.111: [INFO][Sync] Reset engine, reason: 8
2026-05-14 22:32:48.111: [INFO][Sync] Stopped: Bookmarks
2026-05-14 22:32:48.111: [INFO][Sync] Stopped: Preferences
2026-05-14 22:32:48.111: [INFO][Sync] Stopped: Passwords
2026-05-14 22:32:48.111: [INFO][Sync] Stopped: Autofill Profiles
2026-05-14 22:32:48.111: [INFO][Sync] Stopped: Autofill
2026-05-14 22:32:48.111: [INFO][Sync] Stopped: Extensions
2026-05-14 22:32:48.111: [INFO][Sync] Stopped: Sessions
2026-05-14 22:32:48.111: [INFO][Sync] Stopped: Extension settings
2026-05-14 22:32:48.111: [INFO][Sync] Stopped: History Delete Directives
2026-05-14 22:32:48.111: [INFO][Sync] Stopped: Device Info
2026-05-14 22:32:48.111: [INFO][Sync] Stopped: User Consents
2026-05-14 22:32:48.111: [INFO][Sync] Stopped: Send Tab To Self
2026-05-14 22:32:48.111: [INFO][Sync] Stopped: Web Apps
2026-05-14 22:32:48.111: [INFO][Sync] Stopped: History
2026-05-14 22:32:48.111: [INFO][Sync] Stopped: Saved Tab Group
2026-05-14 22:32:48.111: [INFO][Sync] Stopped: WebAuthn Credentials
2026-05-14 22:32:48.111: [INFO][Sync] Stopped: Collection
2026-05-14 22:32:48.111: [INFO][Sync] Stopped: Edge E Drop
2026-05-14 22:32:48.111: [INFO][Sync] Stopped: Edge Hub App Usage
2026-05-14 22:32:48.111: [INFO][Sync] Stopped: Edge Wallet
2026-05-14 22:32:48.111: [INFO][Sync] Stopped: Edge Workspace
2026-05-14 22:38:14.708: [INFO][Sync] Reset engine, reason: 0
2026-05-14 22:38:15.616: [INFO][Sync] Reset engine, reason: 8
2026-05-14 22:38:15.616: [INFO][Sync] Stopped: Bookmarks
2026-05-14 22:38:15.616: [INFO][Sync] Stopped: Preferences
2026-05-14 22:38:15.616: [INFO][Sync] Stopped: Passwords
2026-05-14 22:38:15.616: [INFO][Sync] Stopped: Autofill Profiles
2026-05-14 22:38:15.616: [INFO][Sync] Stopped: Autofill
2026-05-14 22:38:15.616: [INFO][Sync] Stopped: Extensions
2026-05-14 22:38:15.616: [INFO][Sync] Stopped: Sessions
2026-05-14 22:38:15.616: [INFO][Sync] Stopped: Extension settings
2026-05-14 22:38:15.616: [INFO][Sync] Stopped: History Delete Directives
2026-05-14 22:38:15.616: [INFO][Sync] Stopped: Device Info
2026-05-14 22:38:15.616: [INFO][Sync] Stopped: User Consents
2026-05-14 22:38:15.616: [INFO][Sync] Stopped: Send Tab To Self
2026-05-14 22:38:15.616: [INFO][Sync] Stopped: Web Apps
2026-05-14 22:38:15.616: [INFO][Sync] Stopped: History
2026-05-14 22:38:15.616: [INFO][Sync] Stopped: Saved Tab Group
2026-05-14 22:38:15.616: [INFO][Sync] Stopped: WebAuthn Credentials
2026-05-14 22:38:15.616: [INFO][Sync] Stopped: Collection
2026-05-14 22:38:15.616: [INFO][Sync] Stopped: Edge E Drop
2026-05-14 22:38:15.616: [INFO][Sync] Stopped: Edge Hub App Usage
2026-05-14 22:38:15.616: [INFO][Sync] Stopped: Edge Wallet
2026-05-14 22:38:15.616: [INFO][Sync] Stopped: Edge Workspace
2026-05-14 22:38:15.616: [INFO][Sync] SyncState after authenticated was: NotSignedIn
2026-05-14 22:38:16.050: [INFO][Sync] Reset engine, reason: 8
2026-05-14 22:38:16.050: [INFO][Sync] Stopped: Bookmarks
2026-05-14 22:38:16.050: [INFO][Sync] Stopped: Preferences
2026-05-14 22:38:16.050: [INFO][Sync] Stopped: Passwords
2026-05-14 22:38:16.050: [INFO][Sync] Stopped: Autofill Profiles
2026-05-14 22:38:16.050: [INFO][Sync] Stopped: Autofill
2026-05-14 22:38:16.050: [INFO][Sync] Stopped: Extensions
2026-05-14 22:38:16.050: [INFO][Sync] Stopped: Sessions
2026-05-14 22:38:16.050: [INFO][Sync] Stopped: Extension settings
2026-05-14 22:38:16.050: [INFO][Sync] Stopped: History Delete Directives
2026-05-14 22:38:16.050: [INFO][Sync] Stopped: Device Info
2026-05-14 22:38:16.050: [INFO][Sync] Stopped: User Consents
2026-05-14 22:38:16.050: [INFO][Sync] Stopped: Send Tab To Self
2026-05-14 22:38:16.050: [INFO][Sync] Stopped: Web Apps
2026-05-14 22:38:16.051: [INFO][Sync] Stopped: History
2026-05-14 22:38:16.051: [INFO][Sync] Stopped: Saved Tab Group
2026-05-14 22:38:16.051: [INFO][Sync] Stopped: WebAuthn Credentials
2026-05-14 22:38:16.051: [INFO][Sync] Stopped: Collection
2026-05-14 22:38:16.051: [INFO][Sync] Stopped: Edge E Drop
2026-05-14 22:38:16.051: [INFO][Sync] Stopped: Edge Hub App Usage
2026-05-14 22:38:16.051: [INFO][Sync] Stopped: Edge Wallet
2026-05-14 22:38:16.051: [INFO][Sync] Stopped: Edge Workspace
2026-05-14 23:02:38.798: [INFO][Sync] Reset engine, reason: 8
2026-05-14 23:02:38.798: [INFO][Sync] Stopped: Bookmarks
2026-05-14 23:02:38.798: [INFO][Sync] Stopped: Preferences
2026-05-14 23:02:38.798: [INFO][Sync] Stopped: Passwords
2026-05-14 23:02:38.798: [INFO][Sync] Stopped: Autofill Profiles
2026-05-14 23:02:38.798: [INFO][Sync] Stopped: Autofill
2026-05-14 23:02:38.798: [INFO][Sync] Stopped: Extensions
2026-05-14 23:02:38.798: [INFO][Sync] Stopped: Sessions
2026-05-14 23:02:38.798: [INFO][Sync] Stopped: Extension settings
2026-05-14 23:02:38.798: [INFO][Sync] Stopped: History Delete Directives
2026-05-14 23:02:38.798: [INFO][Sync] Stopped: Device Info
2026-05-14 23:02:38.798: [INFO][Sync] Stopped: User Consents
2026-05-14 23:02:38.798: [INFO][Sync] Stopped: Send Tab To Self
2026-05-14 23:02:38.798: [INFO][Sync] Stopped: Web Apps
2026-05-14 23:02:38.798: [INFO][Sync] Stopped: History
2026-05-14 23:02:38.798: [INFO][Sync] Stopped: Saved Tab Group
2026-05-14 23:02:38.798: [INFO][Sync] Stopped: WebAuthn Credentials
2026-05-14 23:02:38.798: [INFO][Sync] Stopped: Collection
2026-05-14 23:02:38.798: [INFO][Sync] Stopped: Edge E Drop
2026-05-14 23:02:38.798: [INFO][Sync] Stopped: Edge Hub App Usage
2026-05-14 23:02:38.798: [INFO][Sync] Stopped: Edge Wallet
2026-05-14 23:02:38.798: [INFO][Sync] Stopped: Edge Workspace
2026-05-14 23:02:38.799: [INFO][Sync] SyncState after authenticated was: NotSignedIn
2026-05-14 23:02:39.120: [INFO][Sync] Reset engine, reason: 8
2026-05-14 23:02:39.120: [INFO][Sync] Stopped: Bookmarks
2026-05-14 23:02:39.120: [INFO][Sync] Stopped: Preferences
2026-05-14 23:02:39.120: [INFO][Sync] Stopped: Passwords
2026-05-14 23:02:39.120: [INFO][Sync] Stopped: Autofill Profiles
2026-05-14 23:02:39.120: [INFO][Sync] Stopped: Autofill
2026-05-14 23:02:39.120: [INFO][Sync] Stopped: Extensions
2026-05-14 23:02:39.120: [INFO][Sync] Stopped: Sessions
2026-05-14 23:02:39.120: [INFO][Sync] Stopped: Extension settings
2026-05-14 23:02:39.120: [INFO][Sync] Stopped: History Delete Directives
2026-05-14 23:02:39.120: [INFO][Sync] Stopped: Device Info
2026-05-14 23:02:39.120: [INFO][Sync] Stopped: User Consents
2026-05-14 23:02:39.120: [INFO][Sync] Stopped: Send Tab To Self
2026-05-14 23:02:39.120: [INFO][Sync] Stopped: Web Apps
2026-05-14 23:02:39.120: [INFO][Sync] Stopped: History
2026-05-14 23:02:39.120: [INFO][Sync] Stopped: Saved Tab Group
2026-05-14 23:02:39.120: [INFO][Sync] Stopped: WebAuthn Credentials
2026-05-14 23:02:39.120: [INFO][Sync] Stopped: Collection
2026-05-14 23:02:39.120: [INFO][Sync] Stopped: Edge E Drop
2026-05-14 23:02:39.120: [INFO][Sync] Stopped: Edge Hub App Usage
2026-05-14 23:02:39.120: [INFO][Sync] Stopped: Edge Wallet
2026-05-14 23:02:39.120: [INFO][Sync] Stopped: Edge Workspace
2026-05-14 23:07:12.319: [INFO][Sync] Reset engine, reason: 0
2026-05-15 00:52:02.958: [INFO][Sync] Reset engine, reason: 8
2026-05-15 00:52:02.959: [INFO][Sync] Stopped: Bookmarks
2026-05-15 00:52:02.959: [INFO][Sync] Stopped: Preferences
2026-05-15 00:52:02.959: [INFO][Sync] Stopped: Passwords
2026-05-15 00:52:02.959: [INFO][Sync] Stopped: Autofill Profiles
2026-05-15 00:52:02.959: [INFO][Sync] Stopped: Autofill
2026-05-15 00:52:02.959: [INFO][Sync] Stopped: Extensions
2026-05-15 00:52:02.959: [INFO][Sync] Stopped: Sessions
2026-05-15 00:52:02.959: [INFO][Sync] Stopped: Extension settings
2026-05-15 00:52:02.959: [INFO][Sync] Stopped: History Delete Directives
2026-05-15 00:52:02.959: [INFO][Sync] Stopped: Device Info
2026-05-15 00:52:02.959: [INFO][Sync] Stopped: User Consents
2026-05-15 00:52:02.959: [INFO][Sync] Stopped: Send Tab To Self
2026-05-15 00:52:02.959: [INFO][Sync] Stopped: Web Apps
2026-05-15 00:52:02.959: [INFO][Sync] Stopped: History
2026-05-15 00:52:02.959: [INFO][Sync] Stopped: Saved Tab Group
2026-05-15 00:52:02.959: [INFO][Sync] Stopped: WebAuthn Credentials
2026-05-15 00:52:02.959: [INFO][Sync] Stopped: Collection
2026-05-15 00:52:02.959: [INFO][Sync] Stopped: Edge E Drop
2026-05-15 00:52:02.959: [INFO][Sync] Stopped: Edge Hub App Usage
2026-05-15 00:52:02.959: [INFO][Sync] Stopped: Edge Wallet
2026-05-15 00:52:02.959: [INFO][Sync] Stopped: Edge Workspace
2026-05-15 00:52:02.959: [INFO][Sync] SyncState after authenticated was: NotSignedIn
2026-05-15 00:52:03.524: [INFO][Sync] Reset engine, reason: 8
2026-05-15 00:52:03.524: [INFO][Sync] Stopped: Bookmarks
2026-05-15 00:52:03.524: [INFO][Sync] Stopped: Preferences
2026-05-15 00:52:03.524: [INFO][Sync] Stopped: Passwords
2026-05-15 00:52:03.524: [INFO][Sync] Stopped: Autofill Profiles
2026-05-15 00:52:03.524: [INFO][Sync] Stopped: Autofill
2026-05-15 00:52:03.524: [INFO][Sync] Stopped: Extensions
2026-05-15 00:52:03.524: [INFO][Sync] Stopped: Sessions
2026-05-15 00:52:03.524: [INFO][Sync] Stopped: Extension settings
2026-05-15 00:52:03.524: [INFO][Sync] Stopped: History Delete Directives
2026-05-15 00:52:03.524: [INFO][Sync] Stopped: Device Info
2026-05-15 00:52:03.524: [INFO][Sync] Stopped: User Consents
2026-05-15 00:52:03.524: [INFO][Sync] Stopped: Send Tab To Self
2026-05-15 00:52:03.524: [INFO][Sync] Stopped: Web Apps
2026-05-15 00:52:03.524: [INFO][Sync] Stopped: History
2026-05-15 00:52:03.524: [INFO][Sync] Stopped: Saved Tab Group
2026-05-15 00:52:03.524: [INFO][Sync] Stopped: WebAuthn Credentials
2026-05-15 00:52:03.524: [INFO][Sync] Stopped: Collection
2026-05-15 00:52:03.524: [INFO][Sync] Stopped: Edge E Drop
2026-05-15 00:52:03.524: [INFO][Sync] Stopped: Edge Hub App Usage
2026-05-15 00:52:03.524: [INFO][Sync] Stopped: Edge Wallet
2026-05-15 00:52:03.524: [INFO][Sync] Stopped: Edge Workspace
2026-05-15 00:52:27.944: [INFO][Sync] Reset engine, reason: 0
2026-05-15 00:52:29.072: [INFO][Sync] Reset engine, reason: 8
2026-05-15 00:52:29.072: [INFO][Sync] Stopped: Bookmarks
2026-05-15 00:52:29.072: [INFO][Sync] Stopped: Preferences
2026-05-15 00:52:29.072: [INFO][Sync] Stopped: Passwords
2026-05-15 00:52:29.072: [INFO][Sync] Stopped: Autofill Profiles
2026-05-15 00:52:29.072: [INFO][Sync] Stopped: Autofill
2026-05-15 00:52:29.072: [INFO][Sync] Stopped: Extensions
2026-05-15 00:52:29.072: [INFO][Sync] Stopped: Sessions
2026-05-15 00:52:29.072: [INFO][Sync] Stopped: Extension settings
2026-05-15 00:52:29.072: [INFO][Sync] Stopped: History Delete Directives
2026-05-15 00:52:29.072: [INFO][Sync] Stopped: Device Info
2026-05-15 00:52:29.072: [INFO][Sync] Stopped: User Consents
2026-05-15 00:52:29.072: [INFO][Sync] Stopped: Send Tab To Self
2026-05-15 00:52:29.072: [INFO][Sync] Stopped: Web Apps
2026-05-15 00:52:29.072: [INFO][Sync] Stopped: History
2026-05-15 00:52:29.072: [INFO][Sync] Stopped: Saved Tab Group
2026-05-15 00:52:29.072: [INFO][Sync] Stopped: WebAuthn Credentials
2026-05-15 00:52:29.072: [INFO][Sync] Stopped: Collection
2026-05-15 00:52:29.072: [INFO][Sync] Stopped: Edge E Drop
2026-05-15 00:52:29.072: [INFO][Sync] Stopped: Edge Hub App Usage
2026-05-15 00:52:29.072: [INFO][Sync] Stopped: Edge Wallet
2026-05-15 00:52:29.072: [INFO][Sync] Stopped: Edge Workspace
2026-05-15 00:52:29.072: [INFO][Sync] SyncState after authenticated was: NotSignedIn
2026-05-15 00:52:29.986: [INFO][Sync] Reset engine, reason: 8
2026-05-15 00:52:29.986: [INFO][Sync] Stopped: Bookmarks
2026-05-15 00:52:29.986: [INFO][Sync] Stopped: Preferences
2026-05-15 00:52:29.986: [INFO][Sync] Stopped: Passwords
2026-05-15 00:52:29.986: [INFO][Sync] Stopped: Autofill Profiles
2026-05-15 00:52:29.986: [INFO][Sync] Stopped: Autofill
2026-05-15 00:52:29.986: [INFO][Sync] Stopped: Extensions
2026-05-15 00:52:29.986: [INFO][Sync] Stopped: Sessions
2026-05-15 00:52:29.986: [INFO][Sync] Stopped: Extension settings
2026-05-15 00:52:29.986: [INFO][Sync] Stopped: History Delete Directives
2026-05-15 00:52:29.986: [INFO][Sync] Stopped: Device Info
2026-05-15 00:52:29.986: [INFO][Sync] Stopped: User Consents
2026-05-15 00:52:29.986: [INFO][Sync] Stopped: Send Tab To Self
2026-05-15 00:52:29.986: [INFO][Sync] Stopped: Web Apps
2026-05-15 00:52:29.986: [INFO][Sync] Stopped: History
2026-05-15 00:52:29.986: [INFO][Sync] Stopped: Saved Tab Group
2026-05-15 00:52:29.986: [INFO][Sync] Stopped: WebAuthn Credentials
2026-05-15 00:52:29.986: [INFO][Sync] Stopped: Collection
2026-05-15 00:52:29.986: [INFO][Sync] Stopped: Edge E Drop
2026-05-15 00:52:29.986: [INFO][Sync] Stopped: Edge Hub App Usage
2026-05-15 00:52:29.986: [INFO][Sync] Stopped: Edge Wallet
2026-05-15 00:52:29.986: [INFO][Sync] Stopped: Edge Workspace
2026-05-15 00:53:39.929: [INFO][Sync] Reset engine, reason: 0
2026-05-15 09:03:04.426: [INFO][Sync] Reset engine, reason: 8
2026-05-15 09:03:04.426: [INFO][Sync] Stopped: Bookmarks
2026-05-15 09:03:04.426: [INFO][Sync] Stopped: Preferences
2026-05-15 09:03:04.426: [INFO][Sync] Stopped: Passwords
2026-05-15 09:03:04.426: [INFO][Sync] Stopped: Autofill Profiles
2026-05-15 09:03:04.426: [INFO][Sync] Stopped: Autofill
2026-05-15 09:03:04.426: [INFO][Sync] Stopped: Extensions
2026-05-15 09:03:04.426: [INFO][Sync] Stopped: Sessions
2026-05-15 09:03:04.426: [INFO][Sync] Stopped: Extension settings
2026-05-15 09:03:04.426: [INFO][Sync] Stopped: History Delete Directives
2026-05-15 09:03:04.426: [INFO][Sync] Stopped: Device Info
2026-05-15 09:03:04.426: [INFO][Sync] Stopped: User Consents
2026-05-15 09:03:04.426: [INFO][Sync] Stopped: Send Tab To Self
2026-05-15 09:03:04.426: [INFO][Sync] Stopped: Web Apps
2026-05-15 09:03:04.426: [INFO][Sync] Stopped: History
2026-05-15 09:03:04.426: [INFO][Sync] Stopped: Saved Tab Group
2026-05-15 09:03:04.426: [INFO][Sync] Stopped: WebAuthn Credentials
2026-05-15 09:03:04.426: [INFO][Sync] Stopped: Collection
2026-05-15 09:03:04.427: [INFO][Sync] Stopped: Edge E Drop
2026-05-15 09:03:04.427: [INFO][Sync] Stopped: Edge Hub App Usage
2026-05-15 09:03:04.427: [INFO][Sync] Stopped: Edge Wallet
2026-05-15 09:03:04.427: [INFO][Sync] Stopped: Edge Workspace
2026-05-15 09:03:04.427: [INFO][Sync] SyncState after authenticated was: NotSignedIn
2026-05-15 09:03:04.923: [INFO][Sync] Reset engine, reason: 8
2026-05-15 09:03:04.923: [INFO][Sync] Stopped: Bookmarks
2026-05-15 09:03:04.923: [INFO][Sync] Stopped: Preferences
2026-05-15 09:03:04.923: [INFO][Sync] Stopped: Passwords
2026-05-15 09:03:04.923: [INFO][Sync] Stopped: Autofill Profiles
2026-05-15 09:03:04.923: [INFO][Sync] Stopped: Autofill
2026-05-15 09:03:04.923: [INFO][Sync] Stopped: Extensions
2026-05-15 09:03:04.923: [INFO][Sync] Stopped: Sessions
2026-05-15 09:03:04.923: [INFO][Sync] Stopped: Extension settings
2026-05-15 09:03:04.923: [INFO][Sync] Stopped: History Delete Directives
2026-05-15 09:03:04.923: [INFO][Sync] Stopped: Device Info
2026-05-15 09:03:04.923: [INFO][Sync] Stopped: User Consents
2026-05-15 09:03:04.923: [INFO][Sync] Stopped: Send Tab To Self
2026-05-15 09:03:04.923: [INFO][Sync] Stopped: Web Apps
2026-05-15 09:03:04.923: [INFO][Sync] Stopped: History
2026-05-15 09:03:04.923: [INFO][Sync] Stopped: Saved Tab Group
2026-05-15 09:03:04.923: [INFO][Sync] Stopped: WebAuthn Credentials
2026-05-15 09:03:04.923: [INFO][Sync] Stopped: Collection
2026-05-15 09:03:04.923: [INFO][Sync] Stopped: Edge E Drop
2026-05-15 09:03:04.923: [INFO][Sync] Stopped: Edge Hub App Usage
2026-05-15 09:03:04.923: [INFO][Sync] Stopped: Edge Wallet
2026-05-15 09:03:04.923: [INFO][Sync] Stopped: Edge Workspace
2026-05-15 09:16:33.335: [INFO][Sync] Reset engine, reason: 0
2026-05-15 09:16:34.346: [INFO][Sync] Reset engine, reason: 8
2026-05-15 09:16:34.346: [INFO][Sync] Stopped: Bookmarks
2026-05-15 09:16:34.346: [INFO][Sync] Stopped: Preferences
2026-05-15 09:16:34.346: [INFO][Sync] Stopped: Passwords
2026-05-15 09:16:34.346: [INFO][Sync] Stopped: Autofill Profiles
2026-05-15 09:16:34.346: [INFO][Sync] Stopped: Autofill
2026-05-15 09:16:34.346: [INFO][Sync] Stopped: Extensions
2026-05-15 09:16:34.346: [INFO][Sync] Stopped: Sessions
2026-05-15 09:16:34.346: [INFO][Sync] Stopped: Extension settings
2026-05-15 09:16:34.346: [INFO][Sync] Stopped: History Delete Directives
2026-05-15 09:16:34.346: [INFO][Sync] Stopped: Device Info
2026-05-15 09:16:34.346: [INFO][Sync] Stopped: User Consents
2026-05-15 09:16:34.346: [INFO][Sync] Stopped: Send Tab To Self
2026-05-15 09:16:34.346: [INFO][Sync] Stopped: Web Apps
2026-05-15 09:16:34.346: [INFO][Sync] Stopped: History
2026-05-15 09:16:34.346: [INFO][Sync] Stopped: Saved Tab Group
2026-05-15 09:16:34.346: [INFO][Sync] Stopped: WebAuthn Credentials
2026-05-15 09:16:34.346: [INFO][Sync] Stopped: Collection
2026-05-15 09:16:34.346: [INFO][Sync] Stopped: Edge E Drop
2026-05-15 09:16:34.346: [INFO][Sync] Stopped: Edge Hub App Usage
2026-05-15 09:16:34.346: [INFO][Sync] Stopped: Edge Wallet
2026-05-15 09:16:34.346: [INFO][Sync] Stopped: Edge Workspace
2026-05-15 09:16:34.347: [INFO][Sync] SyncState after authenticated was: NotSignedIn
2026-05-15 09:16:34.576: [INFO][Sync] Reset engine, reason: 8
2026-05-15 09:16:34.576: [INFO][Sync] Stopped: Bookmarks
2026-05-15 09:16:34.576: [INFO][Sync] Stopped: Preferences
2026-05-15 09:16:34.576: [INFO][Sync] Stopped: Passwords
2026-05-15 09:16:34.576: [INFO][Sync] Stopped: Autofill Profiles
2026-05-15 09:16:34.576: [INFO][Sync] Stopped: Autofill
2026-05-15 09:16:34.576: [INFO][Sync] Stopped: Extensions
2026-05-15 09:16:34.576: [INFO][Sync] Stopped: Sessions
2026-05-15 09:16:34.576: [INFO][Sync] Stopped: Extension settings
2026-05-15 09:16:34.576: [INFO][Sync] Stopped: History Delete Directives
2026-05-15 09:16:34.576: [INFO][Sync] Stopped: Device Info
2026-05-15 09:16:34.576: [INFO][Sync] Stopped: User Consents
2026-05-15 09:16:34.576: [INFO][Sync] Stopped: Send Tab To Self
2026-05-15 09:16:34.576: [INFO][Sync] Stopped: Web Apps
2026-05-15 09:16:34.576: [INFO][Sync] Stopped: History
2026-05-15 09:16:34.576: [INFO][Sync] Stopped: Saved Tab Group
2026-05-15 09:16:34.576: [INFO][Sync] Stopped: WebAuthn Credentials
2026-05-15 09:16:34.576: [INFO][Sync] Stopped: Collection
2026-05-15 09:16:34.576: [INFO][Sync] Stopped: Edge E Drop
2026-05-15 09:16:34.576: [INFO][Sync] Stopped: Edge Hub App Usage
2026-05-15 09:16:34.576: [INFO][Sync] Stopped: Edge Wallet
2026-05-15 09:16:34.576: [INFO][Sync] Stopped: Edge Workspace
2026-05-15 11:05:57.700: [INFO][Sync] Reset engine, reason: 0
2026-05-16 05:11:26.437: [INFO][Sync] Reset engine, reason: 8
2026-05-16 05:11:26.437: [INFO][Sync] Stopped: Bookmarks
2026-05-16 05:11:26.437: [INFO][Sync] Stopped: Preferences
2026-05-16 05:11:26.437: [INFO][Sync] Stopped: Passwords
2026-05-16 05:11:26.437: [INFO][Sync] Stopped: Autofill Profiles
2026-05-16 05:11:26.437: [INFO][Sync] Stopped: Autofill
2026-05-16 05:11:26.437: [INFO][Sync] Stopped: Extensions
2026-05-16 05:11:26.437: [INFO][Sync] Stopped: Sessions
2026-05-16 05:11:26.437: [INFO][Sync] Stopped: Extension settings
2026-05-16 05:11:26.437: [INFO][Sync] Stopped: History Delete Directives
2026-05-16 05:11:26.437: [INFO][Sync] Stopped: Device Info
2026-05-16 05:11:26.437: [INFO][Sync] Stopped: User Consents
2026-05-16 05:11:26.437: [INFO][Sync] Stopped: Send Tab To Self
2026-05-16 05:11:26.437: [INFO][Sync] Stopped: Web Apps
2026-05-16 05:11:26.437: [INFO][Sync] Stopped: History
2026-05-16 05:11:26.437: [INFO][Sync] Stopped: Saved Tab Group
2026-05-16 05:11:26.437: [INFO][Sync] Stopped: WebAuthn Credentials
2026-05-16 05:11:26.437: [INFO][Sync] Stopped: Collection
2026-05-16 05:11:26.437: [INFO][Sync] Stopped: Edge E Drop
2026-05-16 05:11:26.437: [INFO][Sync] Stopped: Edge Hub App Usage
2026-05-16 05:11:26.437: [INFO][Sync] Stopped: Edge Wallet
2026-05-16 05:11:26.437: [INFO][Sync] Stopped: Edge Workspace
2026-05-16 05:11:26.438: [INFO][Sync] SyncState after authenticated was: NotSignedIn
2026-05-16 05:11:27.257: [INFO][Sync] Reset engine, reason: 8
2026-05-16 05:11:27.257: [INFO][Sync] Stopped: Bookmarks
2026-05-16 05:11:27.257: [INFO][Sync] Stopped: Preferences
2026-05-16 05:11:27.257: [INFO][Sync] Stopped: Passwords
2026-05-16 05:11:27.257: [INFO][Sync] Stopped: Autofill Profiles
2026-05-16 05:11:27.258: [INFO][Sync] Stopped: Autofill
2026-05-16 05:11:27.258: [INFO][Sync] Stopped: Extensions
2026-05-16 05:11:27.258: [INFO][Sync] Stopped: Sessions
2026-05-16 05:11:27.258: [INFO][Sync] Stopped: Extension settings
2026-05-16 05:11:27.258: [INFO][Sync] Stopped: History Delete Directives
2026-05-16 05:11:27.258: [INFO][Sync] Stopped: Device Info
2026-05-16 05:11:27.258: [INFO][Sync] Stopped: User Consents
2026-05-16 05:11:27.258: [INFO][Sync] Stopped: Send Tab To Self
2026-05-16 05:11:27.258: [INFO][Sync] Stopped: Web Apps
2026-05-16 05:11:27.258: [INFO][Sync] Stopped: History
2026-05-16 05:11:27.258: [INFO][Sync] Stopped: Saved Tab Group
2026-05-16 05:11:27.258: [INFO][Sync] Stopped: WebAuthn Credentials
2026-05-16 05:11:27.258: [INFO][Sync] Stopped: Collection
2026-05-16 05:11:27.258: [INFO][Sync] Stopped: Edge E Drop
2026-05-16 05:11:27.258: [INFO][Sync] Stopped: Edge Hub App Usage
2026-05-16 05:11:27.258: [INFO][Sync] Stopped: Edge Wallet
2026-05-16 05:11:27.258: [INFO][Sync] Stopped: Edge Workspace
2026-05-16 05:11:37.766: [INFO][Sync] Reset engine, reason: 0
2026-05-16 05:11:39.029: [INFO][Sync] Reset engine, reason: 8
2026-05-16 05:11:39.029: [INFO][Sync] Stopped: Bookmarks
2026-05-16 05:11:39.029: [INFO][Sync] Stopped: Preferences
2026-05-16 05:11:39.029: [INFO][Sync] Stopped: Passwords
2026-05-16 05:11:39.029: [INFO][Sync] Stopped: Autofill Profiles
2026-05-16 05:11:39.029: [INFO][Sync] Stopped: Autofill
2026-05-16 05:11:39.029: [INFO][Sync] Stopped: Extensions
2026-05-16 05:11:39.029: [INFO][Sync] Stopped: Sessions
2026-05-16 05:11:39.029: [INFO][Sync] Stopped: Extension settings
2026-05-16 05:11:39.029: [INFO][Sync] Stopped: History Delete Directives
2026-05-16 05:11:39.029: [INFO][Sync] Stopped: Device Info
2026-05-16 05:11:39.029: [INFO][Sync] Stopped: User Consents
2026-05-16 05:11:39.029: [INFO][Sync] Stopped: Send Tab To Self
2026-05-16 05:11:39.029: [INFO][Sync] Stopped: Web Apps
2026-05-16 05:11:39.029: [INFO][Sync] Stopped: History
2026-05-16 05:11:39.030: [INFO][Sync] Stopped: Saved Tab Group
2026-05-16 05:11:39.030: [INFO][Sync] Stopped: WebAuthn Credentials
2026-05-16 05:11:39.030: [INFO][Sync] Stopped: Collection
2026-05-16 05:11:39.030: [INFO][Sync] Stopped: Edge E Drop
2026-05-16 05:11:39.030: [INFO][Sync] Stopped: Edge Hub App Usage
2026-05-16 05:11:39.030: [INFO][Sync] Stopped: Edge Wallet
2026-05-16 05:11:39.030: [INFO][Sync] Stopped: Edge Workspace
2026-05-16 05:11:39.030: [INFO][Sync] SyncState after authenticated was: NotSignedIn
2026-05-16 05:11:40.191: [INFO][Sync] Reset engine, reason: 8
2026-05-16 05:11:40.191: [INFO][Sync] Stopped: Bookmarks
2026-05-16 05:11:40.191: [INFO][Sync] Stopped: Preferences
2026-05-16 05:11:40.191: [INFO][Sync] Stopped: Passwords
2026-05-16 05:11:40.191: [INFO][Sync] Stopped: Autofill Profiles
2026-05-16 05:11:40.191: [INFO][Sync] Stopped: Autofill
2026-05-16 05:11:40.191: [INFO][Sync] Stopped: Extensions
2026-05-16 05:11:40.191: [INFO][Sync] Stopped: Sessions
2026-05-16 05:11:40.191: [INFO][Sync] Stopped: Extension settings
2026-05-16 05:11:40.191: [INFO][Sync] Stopped: History Delete Directives
2026-05-16 05:11:40.191: [INFO][Sync] Stopped: Device Info
2026-05-16 05:11:40.191: [INFO][Sync] Stopped: User Consents
2026-05-16 05:11:40.191: [INFO][Sync] Stopped: Send Tab To Self
2026-05-16 05:11:40.191: [INFO][Sync] Stopped: Web Apps
2026-05-16 05:11:40.191: [INFO][Sync] Stopped: History
2026-05-16 05:11:40.191: [INFO][Sync] Stopped: Saved Tab Group
2026-05-16 05:11:40.191: [INFO][Sync] Stopped: WebAuthn Credentials
2026-05-16 05:11:40.191: [INFO][Sync] Stopped: Collection
2026-05-16 05:11:40.191: [INFO][Sync] Stopped: Edge E Drop
2026-05-16 05:11:40.191: [INFO][Sync] Stopped: Edge Hub App Usage
2026-05-16 05:11:40.191: [INFO][Sync] Stopped: Edge Wallet
2026-05-16 05:11:40.191: [INFO][Sync] Stopped: Edge Workspace
2026-05-16 07:57:50.655: [INFO][Sync] Reset engine, reason: 0
2026-05-16 21:13:22.250: [INFO][Sync] Reset engine, reason: 8
2026-05-16 21:13:22.250: [INFO][Sync] Stopped: Bookmarks
2026-05-16 21:13:22.250: [INFO][Sync] Stopped: Preferences
2026-05-16 21:13:22.250: [INFO][Sync] Stopped: Passwords
2026-05-16 21:13:22.250: [INFO][Sync] Stopped: Autofill Profiles
2026-05-16 21:13:22.250: [INFO][Sync] Stopped: Autofill
2026-05-16 21:13:22.250: [INFO][Sync] Stopped: Extensions
2026-05-16 21:13:22.250: [INFO][Sync] Stopped: Sessions
2026-05-16 21:13:22.250: [INFO][Sync] Stopped: Extension settings
2026-05-16 21:13:22.250: [INFO][Sync] Stopped: History Delete Directives
2026-05-16 21:13:22.250: [INFO][Sync] Stopped: Device Info
2026-05-16 21:13:22.250: [INFO][Sync] Stopped: User Consents
2026-05-16 21:13:22.250: [INFO][Sync] Stopped: Send Tab To Self
2026-05-16 21:13:22.250: [INFO][Sync] Stopped: Web Apps
2026-05-16 21:13:22.250: [INFO][Sync] Stopped: History
2026-05-16 21:13:22.250: [INFO][Sync] Stopped: Saved Tab Group
2026-05-16 21:13:22.250: [INFO][Sync] Stopped: WebAuthn Credentials
2026-05-16 21:13:22.250: [INFO][Sync] Stopped: Collection
2026-05-16 21:13:22.250: [INFO][Sync] Stopped: Edge E Drop
2026-05-16 21:13:22.250: [INFO][Sync] Stopped: Edge Hub App Usage
2026-05-16 21:13:22.250: [INFO][Sync] Stopped: Edge Wallet
2026-05-16 21:13:22.250: [INFO][Sync] Stopped: Edge Workspace
2026-05-16 21:13:22.250: [INFO][Sync] SyncState after authenticated was: NotSignedIn
2026-05-16 21:13:22.639: [INFO][Sync] Reset engine, reason: 8
2026-05-16 21:13:22.639: [INFO][Sync] Stopped: Bookmarks
2026-05-16 21:13:22.639: [INFO][Sync] Stopped: Preferences
2026-05-16 21:13:22.639: [INFO][Sync] Stopped: Passwords
2026-05-16 21:13:22.639: [INFO][Sync] Stopped: Autofill Profiles
2026-05-16 21:13:22.639: [INFO][Sync] Stopped: Autofill
2026-05-16 21:13:22.639: [INFO][Sync] Stopped: Extensions
2026-05-16 21:13:22.639: [INFO][Sync] Stopped: Sessions
2026-05-16 21:13:22.639: [INFO][Sync] Stopped: Extension settings
2026-05-16 21:13:22.639: [INFO][Sync] Stopped: History Delete Directives
2026-05-16 21:13:22.639: [INFO][Sync] Stopped: Device Info
2026-05-16 21:13:22.639: [INFO][Sync] Stopped: User Consents
2026-05-16 21:13:22.639: [INFO][Sync] Stopped: Send Tab To Self
2026-05-16 21:13:22.639: [INFO][Sync] Stopped: Web Apps
2026-05-16 21:13:22.639: [INFO][Sync] Stopped: History
2026-05-16 21:13:22.639: [INFO][Sync] Stopped: Saved Tab Group
2026-05-16 21:13:22.639: [INFO][Sync] Stopped: WebAuthn Credentials
2026-05-16 21:13:22.639: [INFO][Sync] Stopped: Collection
2026-05-16 21:13:22.639: [INFO][Sync] Stopped: Edge E Drop
2026-05-16 21:13:22.639: [INFO][Sync] Stopped: Edge Hub App Usage
2026-05-16 21:13:22.639: [INFO][Sync] Stopped: Edge Wallet
2026-05-16 21:13:22.639: [INFO][Sync] Stopped: Edge Workspace
2026-05-16 22:37:25.123: [INFO][Sync] Reset engine, reason: 0
2026-05-16 22:43:59.458: [INFO][Sync] Reset engine, reason: 8
2026-05-16 22:43:59.458: [INFO][Sync] Stopped: Bookmarks
2026-05-16 22:43:59.458: [INFO][Sync] Stopped: Preferences
2026-05-16 22:43:59.458: [INFO][Sync] Stopped: Passwords
2026-05-16 22:43:59.458: [INFO][Sync] Stopped: Autofill Profiles
2026-05-16 22:43:59.458: [INFO][Sync] Stopped: Autofill
2026-05-16 22:43:59.458: [INFO][Sync] Stopped: Extensions
2026-05-16 22:43:59.458: [INFO][Sync] Stopped: Sessions
2026-05-16 22:43:59.458: [INFO][Sync] Stopped: Extension settings
2026-05-16 22:43:59.458: [INFO][Sync] Stopped: History Delete Directives
2026-05-16 22:43:59.458: [INFO][Sync] Stopped: Device Info
2026-05-16 22:43:59.458: [INFO][Sync] Stopped: User Consents
2026-05-16 22:43:59.458: [INFO][Sync] Stopped: Send Tab To Self
2026-05-16 22:43:59.458: [INFO][Sync] Stopped: Web Apps
2026-05-16 22:43:59.458: [INFO][Sync] Stopped: History
2026-05-16 22:43:59.458: [INFO][Sync] Stopped: Saved Tab Group
2026-05-16 22:43:59.458: [INFO][Sync] Stopped: WebAuthn Credentials
2026-05-16 22:43:59.458: [INFO][Sync] Stopped: Collection
2026-05-16 22:43:59.458: [INFO][Sync] Stopped: Edge E Drop
2026-05-16 22:43:59.458: [INFO][Sync] Stopped: Edge Hub App Usage
2026-05-16 22:43:59.458: [INFO][Sync] Stopped: Edge Wallet
2026-05-16 22:43:59.458: [INFO][Sync] Stopped: Edge Workspace
2026-05-16 22:43:59.458: [INFO][Sync] SyncState after authenticated was: NotSignedIn
2026-05-16 22:43:59.833: [INFO][Sync] Reset engine, reason: 8
2026-05-16 22:43:59.833: [INFO][Sync] Stopped: Bookmarks
2026-05-16 22:43:59.833: [INFO][Sync] Stopped: Preferences
2026-05-16 22:43:59.833: [INFO][Sync] Stopped: Passwords
2026-05-16 22:43:59.833: [INFO][Sync] Stopped: Autofill Profiles
2026-05-16 22:43:59.833: [INFO][Sync] Stopped: Autofill
2026-05-16 22:43:59.833: [INFO][Sync] Stopped: Extensions
2026-05-16 22:43:59.833: [INFO][Sync] Stopped: Sessions
2026-05-16 22:43:59.833: [INFO][Sync] Stopped: Extension settings
2026-05-16 22:43:59.833: [INFO][Sync] Stopped: History Delete Directives
2026-05-16 22:43:59.833: [INFO][Sync] Stopped: Device Info
2026-05-16 22:43:59.833: [INFO][Sync] Stopped: User Consents
2026-05-16 22:43:59.833: [INFO][Sync] Stopped: Send Tab To Self
2026-05-16 22:43:59.833: [INFO][Sync] Stopped: Web Apps
2026-05-16 22:43:59.833: [INFO][Sync] Stopped: History
2026-05-16 22:43:59.833: [INFO][Sync] Stopped: Saved Tab Group
2026-05-16 22:43:59.833: [INFO][Sync] Stopped: WebAuthn Credentials
2026-05-16 22:43:59.833: [INFO][Sync] Stopped: Collection
2026-05-16 22:43:59.833: [INFO][Sync] Stopped: Edge E Drop
2026-05-16 22:43:59.834: [INFO][Sync] Stopped: Edge Hub App Usage
2026-05-16 22:43:59.834: [INFO][Sync] Stopped: Edge Wallet
2026-05-16 22:43:59.834: [INFO][Sync] Stopped: Edge Workspace
2026-05-16 22:44:01.625: [INFO][Sync] Reset engine, reason: 0
2026-05-17 19:30:18.202: [INFO][Sync] Reset engine, reason: 8
2026-05-17 19:30:18.202: [INFO][Sync] Stopped: Bookmarks
2026-05-17 19:30:18.202: [INFO][Sync] Stopped: Preferences
2026-05-17 19:30:18.202: [INFO][Sync] Stopped: Passwords
2026-05-17 19:30:18.202: [INFO][Sync] Stopped: Autofill Profiles
2026-05-17 19:30:18.202: [INFO][Sync] Stopped: Autofill
2026-05-17 19:30:18.202: [INFO][Sync] Stopped: Extensions
2026-05-17 19:30:18.202: [INFO][Sync] Stopped: Sessions
2026-05-17 19:30:18.202: [INFO][Sync] Stopped: Extension settings
2026-05-17 19:30:18.202: [INFO][Sync] Stopped: History Delete Directives
2026-05-17 19:30:18.202: [INFO][Sync] Stopped: Device Info
2026-05-17 19:30:18.202: [INFO][Sync] Stopped: User Consents
2026-05-17 19:30:18.202: [INFO][Sync] Stopped: Send Tab To Self
2026-05-17 19:30:18.202: [INFO][Sync] Stopped: Web Apps
2026-05-17 19:30:18.202: [INFO][Sync] Stopped: History
2026-05-17 19:30:18.202: [INFO][Sync] Stopped: Saved Tab Group
2026-05-17 19:30:18.202: [INFO][Sync] Stopped: WebAuthn Credentials
2026-05-17 19:30:18.202: [INFO][Sync] Stopped: Collection
2026-05-17 19:30:18.202: [INFO][Sync] Stopped: Edge E Drop
2026-05-17 19:30:18.202: [INFO][Sync] Stopped: Edge Hub App Usage
2026-05-17 19:30:18.202: [INFO][Sync] Stopped: Edge Wallet
2026-05-17 19:30:18.202: [INFO][Sync] Stopped: Edge Workspace
2026-05-17 19:30:18.202: [INFO][Sync] SyncState after authenticated was: NotSignedIn
2026-05-17 19:30:18.755: [INFO][Sync] Reset engine, reason: 8
2026-05-17 19:30:18.755: [INFO][Sync] Stopped: Bookmarks
2026-05-17 19:30:18.755: [INFO][Sync] Stopped: Preferences
2026-05-17 19:30:18.755: [INFO][Sync] Stopped: Passwords
2026-05-17 19:30:18.755: [INFO][Sync] Stopped: Autofill Profiles
2026-05-17 19:30:18.755: [INFO][Sync] Stopped: Autofill
2026-05-17 19:30:18.755: [INFO][Sync] Stopped: Extensions
2026-05-17 19:30:18.755: [INFO][Sync] Stopped: Sessions
2026-05-17 19:30:18.755: [INFO][Sync] Stopped: Extension settings
2026-05-17 19:30:18.755: [INFO][Sync] Stopped: History Delete Directives
2026-05-17 19:30:18.755: [INFO][Sync] Stopped: Device Info
2026-05-17 19:30:18.755: [INFO][Sync] Stopped: User Consents
2026-05-17 19:30:18.755: [INFO][Sync] Stopped: Send Tab To Self
2026-05-17 19:30:18.755: [INFO][Sync] Stopped: Web Apps
2026-05-17 19:30:18.755: [INFO][Sync] Stopped: History
2026-05-17 19:30:18.755: [INFO][Sync] Stopped: Saved Tab Group
2026-05-17 19:30:18.755: [INFO][Sync] Stopped: WebAuthn Credentials
2026-05-17 19:30:18.755: [INFO][Sync] Stopped: Collection
2026-05-17 19:30:18.755: [INFO][Sync] Stopped: Edge E Drop
2026-05-17 19:30:18.755: [INFO][Sync] Stopped: Edge Hub App Usage
2026-05-17 19:30:18.755: [INFO][Sync] Stopped: Edge Wallet
2026-05-17 19:30:18.755: [INFO][Sync] Stopped: Edge Workspace
2026-05-17 20:50:08.961: [INFO][Sync] Reset engine, reason: 0
2026-05-18 20:33:17.404: [INFO][Sync] Reset engine, reason: 8
2026-05-18 20:33:17.404: [INFO][Sync] Stopped: Bookmarks
2026-05-18 20:33:17.404: [INFO][Sync] Stopped: Preferences
2026-05-18 20:33:17.404: [INFO][Sync] Stopped: Passwords
2026-05-18 20:33:17.404: [INFO][Sync] Stopped: Autofill Profiles
2026-05-18 20:33:17.404: [INFO][Sync] Stopped: Autofill
2026-05-18 20:33:17.404: [INFO][Sync] Stopped: Extensions
2026-05-18 20:33:17.404: [INFO][Sync] Stopped: Sessions
2026-05-18 20:33:17.404: [INFO][Sync] Stopped: Extension settings
2026-05-18 20:33:17.404: [INFO][Sync] Stopped: History Delete Directives
2026-05-18 20:33:17.404: [INFO][Sync] Stopped: Device Info
2026-05-18 20:33:17.404: [INFO][Sync] Stopped: User Consents
2026-05-18 20:33:17.404: [INFO][Sync] Stopped: Send Tab To Self
2026-05-18 20:33:17.404: [INFO][Sync] Stopped: Web Apps
2026-05-18 20:33:17.405: [INFO][Sync] Stopped: History
2026-05-18 20:33:17.405: [INFO][Sync] Stopped: Saved Tab Group
2026-05-18 20:33:17.405: [INFO][Sync] Stopped: WebAuthn Credentials
2026-05-18 20:33:17.405: [INFO][Sync] Stopped: Collection
2026-05-18 20:33:17.405: [INFO][Sync] Stopped: Edge E Drop
2026-05-18 20:33:17.405: [INFO][Sync] Stopped: Edge Hub App Usage
2026-05-18 20:33:17.405: [INFO][Sync] Stopped: Edge Wallet
2026-05-18 20:33:17.405: [INFO][Sync] Stopped: Edge Workspace
2026-05-18 20:33:17.405: [INFO][Sync] SyncState after authenticated was: NotSignedIn
2026-05-18 20:33:18.476: [INFO][Sync] Reset engine, reason: 8
2026-05-18 20:33:18.476: [INFO][Sync] Stopped: Bookmarks
2026-05-18 20:33:18.476: [INFO][Sync] Stopped: Preferences
2026-05-18 20:33:18.476: [INFO][Sync] Stopped: Passwords
2026-05-18 20:33:18.477: [INFO][Sync] Stopped: Autofill Profiles
2026-05-18 20:33:18.477: [INFO][Sync] Stopped: Autofill
2026-05-18 20:33:18.477: [INFO][Sync] Stopped: Extensions
2026-05-18 20:33:18.477: [INFO][Sync] Stopped: Sessions
2026-05-18 20:33:18.477: [INFO][Sync] Stopped: Extension settings
2026-05-18 20:33:18.477: [INFO][Sync] Stopped: History Delete Directives
2026-05-18 20:33:18.477: [INFO][Sync] Stopped: Device Info
2026-05-18 20:33:18.477: [INFO][Sync] Stopped: User Consents
2026-05-18 20:33:18.477: [INFO][Sync] Stopped: Send Tab To Self
2026-05-18 20:33:18.477: [INFO][Sync] Stopped: Web Apps
2026-05-18 20:33:18.477: [INFO][Sync] Stopped: History
2026-05-18 20:33:18.477: [INFO][Sync] Stopped: Saved Tab Group
2026-05-18 20:33:18.477: [INFO][Sync] Stopped: WebAuthn Credentials
2026-05-18 20:33:18.477: [INFO][Sync] Stopped: Collection
2026-05-18 20:33:18.477: [INFO][Sync] Stopped: Edge E Drop
2026-05-18 20:33:18.477: [INFO][Sync] Stopped: Edge Hub App Usage
2026-05-18 20:33:18.477: [INFO][Sync] Stopped: Edge Wallet
2026-05-18 20:33:18.477: [INFO][Sync] Stopped: Edge Workspace
2026-05-19 01:04:18.455: [INFO][Sync] Reset engine, reason: 0
2026-05-19 01:04:20.229: [INFO][Sync] Reset engine, reason: 8
2026-05-19 01:04:20.229: [INFO][Sync] Stopped: Bookmarks
2026-05-19 01:04:20.229: [INFO][Sync] Stopped: Preferences
2026-05-19 01:04:20.229: [INFO][Sync] Stopped: Passwords
2026-05-19 01:04:20.229: [INFO][Sync] Stopped: Autofill Profiles
2026-05-19 01:04:20.229: [INFO][Sync] Stopped: Autofill
2026-05-19 01:04:20.229: [INFO][Sync] Stopped: Extensions
2026-05-19 01:04:20.229: [INFO][Sync] Stopped: Sessions
2026-05-19 01:04:20.229: [INFO][Sync] Stopped: Extension settings
2026-05-19 01:04:20.229: [INFO][Sync] Stopped: History Delete Directives
2026-05-19 01:04:20.229: [INFO][Sync] Stopped: Device Info
2026-05-19 01:04:20.229: [INFO][Sync] Stopped: User Consents
2026-05-19 01:04:20.229: [INFO][Sync] Stopped: Send Tab To Self
2026-05-19 01:04:20.229: [INFO][Sync] Stopped: Web Apps
2026-05-19 01:04:20.229: [INFO][Sync] Stopped: History
2026-05-19 01:04:20.229: [INFO][Sync] Stopped: Saved Tab Group
2026-05-19 01:04:20.229: [INFO][Sync] Stopped: WebAuthn Credentials
2026-05-19 01:04:20.229: [INFO][Sync] Stopped: Collection
2026-05-19 01:04:20.229: [INFO][Sync] Stopped: Edge E Drop
2026-05-19 01:04:20.229: [INFO][Sync] Stopped: Edge Hub App Usage
2026-05-19 01:04:20.229: [INFO][Sync] Stopped: Edge Wallet
2026-05-19 01:04:20.229: [INFO][Sync] Stopped: Edge Workspace
2026-05-19 01:04:20.229: [INFO][Sync] SyncState after authenticated was: NotSignedIn
2026-05-19 01:04:20.667: [INFO][Sync] Reset engine, reason: 8
2026-05-19 01:04:20.667: [INFO][Sync] Stopped: Bookmarks
2026-05-19 01:04:20.667: [INFO][Sync] Stopped: Preferences
2026-05-19 01:04:20.667: [INFO][Sync] Stopped: Passwords
2026-05-19 01:04:20.667: [INFO][Sync] Stopped: Autofill Profiles
2026-05-19 01:04:20.667: [INFO][Sync] Stopped: Autofill
2026-05-19 01:04:20.667: [INFO][Sync] Stopped: Extensions
2026-05-19 01:04:20.667: [INFO][Sync] Stopped: Sessions
2026-05-19 01:04:20.667: [INFO][Sync] Stopped: Extension settings
2026-05-19 01:04:20.667: [INFO][Sync] Stopped: History Delete Directives
2026-05-19 01:04:20.667: [INFO][Sync] Stopped: Device Info
2026-05-19 01:04:20.667: [INFO][Sync] Stopped: User Consents
2026-05-19 01:04:20.667: [INFO][Sync] Stopped: Send Tab To Self
2026-05-19 01:04:20.667: [INFO][Sync] Stopped: Web Apps
2026-05-19 01:04:20.667: [INFO][Sync] Stopped: History
2026-05-19 01:04:20.667: [INFO][Sync] Stopped: Saved Tab Group
2026-05-19 01:04:20.667: [INFO][Sync] Stopped: WebAuthn Credentials
2026-05-19 01:04:20.667: [INFO][Sync] Stopped: Collection
2026-05-19 01:04:20.668: [INFO][Sync] Stopped: Edge E Drop
2026-05-19 01:04:20.668: [INFO][Sync] Stopped: Edge Hub App Usage
2026-05-19 01:04:20.668: [INFO][Sync] Stopped: Edge Wallet
2026-05-19 01:04:20.668: [INFO][Sync] Stopped: Edge Workspace
2026-05-19 05:32:05.855: [INFO][Sync] Reset engine, reason: 0
2026-05-20 04:16:58.296: [INFO][Sync] Reset engine, reason: 8
2026-05-20 04:16:58.296: [INFO][Sync] Stopped: Bookmarks
2026-05-20 04:16:58.297: [INFO][Sync] Stopped: Preferences
2026-05-20 04:16:58.297: [INFO][Sync] Stopped: Passwords
2026-05-20 04:16:58.297: [INFO][Sync] Stopped: Autofill Profiles
2026-05-20 04:16:58.297: [INFO][Sync] Stopped: Autofill
2026-05-21 08:16:17.048: [INFO][Sync] Reset engine, reason: 8
2026-05-21 08:16:17.048: [INFO][Sync] Stopped: Bookmarks
2026-05-21 08:16:17.048: [INFO][Sync] Stopped: Preferences
2026-05-21 08:16:17.048: [INFO][Sync] Stopped: Passwords
2026-05-21 08:16:17.048: [INFO][Sync] Stopped: Autofill Profiles
2026-05-21 08:16:17.048: [INFO][Sync] Stopped: Autofill
2026-05-21 08:16:17.048: [INFO][Sync] Stopped: Extensions
2026-05-21 08:16:17.048: [INFO][Sync] Stopped: Sessions
2026-05-21 08:16:17.048: [INFO][Sync] Stopped: Extension settings
2026-05-21 08:16:17.048: [INFO][Sync] Stopped: History Delete Directives
2026-05-21 08:16:17.048: [INFO][Sync] Stopped: Device Info
2026-05-21 08:16:17.048: [INFO][Sync] Stopped: User Consents
2026-05-21 08:16:17.048: [INFO][Sync] Stopped: Send Tab To Self
2026-05-21 08:16:17.048: [INFO][Sync] Stopped: Web Apps
2026-05-21 08:16:17.048: [INFO][Sync] Stopped: History
2026-05-21 08:16:17.048: [INFO][Sync] Stopped: Saved Tab Group
2026-05-21 08:16:17.048: [INFO][Sync] Stopped: WebAuthn Credentials
2026-05-21 08:16:17.048: [INFO][Sync] Stopped: Collection
2026-05-21 08:16:17.048: [INFO][Sync] Stopped: Edge E Drop
2026-05-21 08:16:17.048: [INFO][Sync] Stopped: Edge Hub App Usage
2026-05-21 08:16:17.048: [INFO][Sync] Stopped: Edge Wallet
2026-05-21 08:16:17.048: [INFO][Sync] Stopped: Edge Workspace
2026-05-21 08:16:17.048: [INFO][Sync] SyncState after authenticated was: NotSignedIn
2026-05-21 08:16:18.243: [INFO][Sync] Reset engine, reason: 8
2026-05-21 08:16:18.243: [INFO][Sync] Stopped: Bookmarks
2026-05-21 08:16:18.243: [INFO][Sync] Stopped: Preferences
2026-05-21 08:16:18.243: [INFO][Sync] Stopped: Passwords
2026-05-21 08:16:18.243: [INFO][Sync] Stopped: Autofill Profiles
2026-05-21 08:16:18.243: [INFO][Sync] Stopped: Autofill
2026-05-21 08:16:18.243: [INFO][Sync] Stopped: Extensions
2026-05-21 08:16:18.243: [INFO][Sync] Stopped: Sessions
2026-05-21 08:16:18.243: [INFO][Sync] Stopped: Extension settings
2026-05-21 08:16:18.243: [INFO][Sync] Stopped: History Delete Directives
2026-05-21 08:16:18.243: [INFO][Sync] Stopped: Device Info
2026-05-21 08:16:18.243: [INFO][Sync] Stopped: User Consents
2026-05-21 08:16:18.243: [INFO][Sync] Stopped: Send Tab To Self
2026-05-21 08:16:18.243: [INFO][Sync] Stopped: Web Apps
2026-05-21 08:16:18.243: [INFO][Sync] Stopped: History
2026-05-21 08:16:18.243: [INFO][Sync] Stopped: Saved Tab Group
2026-05-21 08:16:18.243: [INFO][Sync] Stopped: WebAuthn Credentials
2026-05-21 08:16:18.243: [INFO][Sync] Stopped: Collection
2026-05-21 08:16:18.243: [INFO][Sync] Stopped: Edge E Drop
2026-05-21 08:16:18.243: [INFO][Sync] Stopped: Edge Hub App Usage
2026-05-21 08:16:18.243: [INFO][Sync] Stopped: Edge Wallet
2026-05-21 08:16:18.243: [INFO][Sync] Stopped: Edge Workspace
2026-05-21 08:16:22.669: [INFO][Sync] Reset engine, reason: 0
2026-05-21 08:16:24.358: [INFO][Sync] Reset engine, reason: 8
2026-05-21 08:16:24.358: [INFO][Sync] Stopped: Bookmarks
2026-05-21 08:16:24.358: [INFO][Sync] Stopped: Preferences
2026-05-21 08:16:24.358: [INFO][Sync] Stopped: Passwords
2026-05-21 08:16:24.358: [INFO][Sync] Stopped: Autofill Profiles
2026-05-21 08:16:24.358: [INFO][Sync] Stopped: Autofill
2026-05-21 08:16:24.358: [INFO][Sync] Stopped: Extensions
2026-05-21 08:16:24.358: [INFO][Sync] Stopped: Sessions
2026-05-21 08:16:24.358: [INFO][Sync] Stopped: Extension settings
2026-05-21 08:16:24.358: [INFO][Sync] Stopped: History Delete Directives
2026-05-21 08:16:24.358: [INFO][Sync] Stopped: Device Info
2026-05-21 08:16:24.358: [INFO][Sync] Stopped: User Consents
2026-05-21 08:16:24.358: [INFO][Sync] Stopped: Send Tab To Self
2026-05-21 08:16:24.358: [INFO][Sync] Stopped: Web Apps
2026-05-21 08:16:24.358: [INFO][Sync] Stopped: History
2026-05-21 08:16:24.358: [INFO][Sync] Stopped: Saved Tab Group
2026-05-21 08:16:24.358: [INFO][Sync] Stopped: WebAuthn Credentials
2026-05-21 08:16:24.358: [INFO][Sync] Stopped: Collection
2026-05-21 08:16:24.359: [INFO][Sync] Stopped: Edge E Drop
2026-05-21 08:16:24.359: [INFO][Sync] Stopped: Edge Hub App Usage
2026-05-21 08:16:24.359: [INFO][Sync] Stopped: Edge Wallet
2026-05-21 08:16:24.359: [INFO][Sync] Stopped: Edge Workspace
2026-05-21 08:16:24.359: [INFO][Sync] SyncState after authenticated was: NotSignedIn
2026-05-21 08:16:25.679: [INFO][Sync] Reset engine, reason: 8
2026-05-21 08:16:25.679: [INFO][Sync] Stopped: Bookmarks
2026-05-21 08:16:25.679: [INFO][Sync] Stopped: Preferences
2026-05-21 08:16:25.679: [INFO][Sync] Stopped: Passwords
2026-05-21 08:16:25.679: [INFO][Sync] Stopped: Autofill Profiles
2026-05-21 08:16:25.679: [INFO][Sync] Stopped: Autofill
2026-05-21 08:16:25.679: [INFO][Sync] Stopped: Extensions
2026-05-21 08:16:25.679: [INFO][Sync] Stopped: Sessions
2026-05-21 08:16:25.679: [INFO][Sync] Stopped: Extension settings
2026-05-21 08:16:25.679: [INFO][Sync] Stopped: History Delete Directives
2026-05-21 08:16:25.679: [INFO][Sync] Stopped: Device Info
2026-05-21 08:16:25.679: [INFO][Sync] Stopped: User Consents
2026-05-21 08:16:25.679: [INFO][Sync] Stopped: Send Tab To Self
2026-05-21 08:16:25.679: [INFO][Sync] Stopped: Web Apps
2026-05-21 08:16:25.679: [INFO][Sync] Stopped: History
2026-05-21 08:16:25.679: [INFO][Sync] Stopped: Saved Tab Group
2026-05-21 08:16:25.679: [INFO][Sync] Stopped: WebAuthn Credentials
2026-05-21 08:16:25.679: [INFO][Sync] Stopped: Collection
2026-05-21 08:16:25.679: [INFO][Sync] Stopped: Edge E Drop
2026-05-21 08:16:25.679: [INFO][Sync] Stopped: Edge Hub App Usage
2026-05-21 08:16:25.679: [INFO][Sync] Stopped: Edge Wallet
2026-05-21 08:16:25.679: [INFO][Sync] Stopped: Edge Workspace
2026-05-21 08:19:06.613: [INFO][Sync] Reset engine, reason: 0
2026-05-22 06:25:43.845: [INFO][Sync] Reset engine, reason: 8
2026-05-22 06:25:43.845: [INFO][Sync] Stopped: Bookmarks
2026-05-22 06:25:43.845: [INFO][Sync] Stopped: Preferences
2026-05-22 06:25:43.845: [INFO][Sync] Stopped: Passwords
2026-05-22 06:25:43.845: [INFO][Sync] Stopped: Autofill Profiles
2026-05-22 06:25:43.845: [INFO][Sync] Stopped: Autofill
2026-05-22 06:25:43.845: [INFO][Sync] Stopped: Extensions
2026-05-22 06:25:43.845: [INFO][Sync] Stopped: Sessions
2026-05-22 06:25:43.845: [INFO][Sync] Stopped: Extension settings
2026-05-22 06:25:43.845: [INFO][Sync] Stopped: History Delete Directives
2026-05-22 06:25:43.845: [INFO][Sync] Stopped: Device Info
2026-05-22 06:25:43.845: [INFO][Sync] Stopped: User Consents
2026-05-22 06:25:43.845: [INFO][Sync] Stopped: Send Tab To Self
2026-05-22 06:25:43.846: [INFO][Sync] Stopped: Web Apps
2026-05-22 06:25:43.846: [INFO][Sync] Stopped: History
2026-05-22 06:25:43.846: [INFO][Sync] Stopped: Saved Tab Group
2026-05-22 06:25:43.846: [INFO][Sync] Stopped: WebAuthn Credentials
2026-05-22 06:25:43.846: [INFO][Sync] Stopped: Collection
2026-05-22 06:25:43.846: [INFO][Sync] Stopped: Edge E Drop
2026-05-22 06:25:43.846: [INFO][Sync] Stopped: Edge Hub App Usage
2026-05-22 06:25:43.846: [INFO][Sync] Stopped: Edge Wallet
2026-05-22 06:25:43.846: [INFO][Sync] Stopped: Edge Workspace
2026-05-22 06:25:43.846: [INFO][Sync] SyncState after authenticated was: NotSignedIn
2026-05-22 06:25:44.381: [INFO][Sync] Reset engine, reason: 8
2026-05-22 06:25:44.381: [INFO][Sync] Stopped: Bookmarks
2026-05-22 06:25:44.381: [INFO][Sync] Stopped: Preferences
2026-05-22 06:25:44.381: [INFO][Sync] Stopped: Passwords
2026-05-22 06:25:44.381: [INFO][Sync] Stopped: Autofill Profiles
2026-05-22 06:25:44.381: [INFO][Sync] Stopped: Autofill
2026-05-22 06:25:44.381: [INFO][Sync] Stopped: Extensions
2026-05-22 06:25:44.381: [INFO][Sync] Stopped: Sessions
2026-05-22 06:25:44.381: [INFO][Sync] Stopped: Extension settings
2026-05-22 06:25:44.381: [INFO][Sync] Stopped: History Delete Directives
2026-05-22 06:25:44.381: [INFO][Sync] Stopped: Device Info
2026-05-22 06:25:44.381: [INFO][Sync] Stopped: User Consents
2026-05-22 06:25:44.381: [INFO][Sync] Stopped: Send Tab To Self
2026-05-22 06:25:44.381: [INFO][Sync] Stopped: Web Apps
2026-05-22 06:25:44.381: [INFO][Sync] Stopped: History
2026-05-22 06:25:44.381: [INFO][Sync] Stopped: Saved Tab Group
2026-05-22 06:25:44.381: [INFO][Sync] Stopped: WebAuthn Credentials
2026-05-22 06:25:44.381: [INFO][Sync] Stopped: Collection
2026-05-22 06:25:44.381: [INFO][Sync] Stopped: Edge E Drop
2026-05-22 06:25:44.381: [INFO][Sync] Stopped: Edge Hub App Usage
2026-05-22 06:25:44.381: [INFO][Sync] Stopped: Edge Wallet
2026-05-22 06:25:44.381: [INFO][Sync] Stopped: Edge Workspace
2026-05-22 07:00:11.407: [INFO][Sync] Reset engine, reason: 0
2026-05-22 07:00:12.399: [INFO][Sync] Reset engine, reason: 8
2026-05-22 07:00:12.400: [INFO][Sync] Stopped: Bookmarks
2026-05-22 07:00:12.400: [INFO][Sync] Stopped: Preferences
2026-05-22 07:00:12.400: [INFO][Sync] Stopped: Passwords
2026-05-22 07:00:12.400: [INFO][Sync] Stopped: Autofill Profiles
2026-05-22 07:00:12.400: [INFO][Sync] Stopped: Autofill
2026-05-22 07:00:12.400: [INFO][Sync] Stopped: Extensions
2026-05-22 07:00:12.400: [INFO][Sync] Stopped: Sessions
2026-05-22 07:00:12.400: [INFO][Sync] Stopped: Extension settings
2026-05-22 07:00:12.400: [INFO][Sync] Stopped: History Delete Directives
2026-05-22 07:00:12.400: [INFO][Sync] Stopped: Device Info
2026-05-22 07:00:12.400: [INFO][Sync] Stopped: User Consents
2026-05-22 07:00:12.400: [INFO][Sync] Stopped: Send Tab To Self
2026-05-22 07:00:12.400: [INFO][Sync] Stopped: Web Apps
2026-05-22 07:00:12.400: [INFO][Sync] Stopped: History
2026-05-22 07:00:12.400: [INFO][Sync] Stopped: Saved Tab Group
2026-05-22 07:00:12.400: [INFO][Sync] Stopped: WebAuthn Credentials
2026-05-22 07:00:12.400: [INFO][Sync] Stopped: Collection
2026-05-22 07:00:12.400: [INFO][Sync] Stopped: Edge E Drop
2026-05-22 07:00:12.400: [INFO][Sync] Stopped: Edge Hub App Usage
2026-05-22 07:00:12.400: [INFO][Sync] Stopped: Edge Wallet
2026-05-22 07:00:12.400: [INFO][Sync] Stopped: Edge Workspace
2026-05-22 07:00:12.400: [INFO][Sync] SyncState after authenticated was: NotSignedIn
2026-05-22 07:00:12.838: [INFO][Sync] Reset engine, reason: 8
2026-05-22 07:00:12.838: [INFO][Sync] Stopped: Bookmarks
2026-05-22 07:00:12.838: [INFO][Sync] Stopped: Preferences
2026-05-22 07:00:12.838: [INFO][Sync] Stopped: Passwords
2026-05-22 07:00:12.838: [INFO][Sync] Stopped: Autofill Profiles
2026-05-22 07:00:12.838: [INFO][Sync] Stopped: Autofill
2026-05-22 07:00:12.838: [INFO][Sync] Stopped: Extensions
2026-05-22 07:00:12.838: [INFO][Sync] Stopped: Sessions
2026-05-22 07:00:12.838: [INFO][Sync] Stopped: Extension settings
2026-05-22 07:00:12.838: [INFO][Sync] Stopped: History Delete Directives
2026-05-22 07:00:12.838: [INFO][Sync] Stopped: Device Info
2026-05-22 07:00:12.838: [INFO][Sync] Stopped: User Consents
2026-05-22 07:00:12.838: [INFO][Sync] Stopped: Send Tab To Self
2026-05-22 07:00:12.838: [INFO][Sync] Stopped: Web Apps
2026-05-22 07:00:12.838: [INFO][Sync] Stopped: History
2026-05-22 07:00:12.838: [INFO][Sync] Stopped: Saved Tab Group
2026-05-22 07:00:12.838: [INFO][Sync] Stopped: WebAuthn Credentials
2026-05-22 07:00:12.838: [INFO][Sync] Stopped: Collection
2026-05-22 07:00:12.838: [INFO][Sync] Stopped: Edge E Drop
2026-05-22 07:00:12.838: [INFO][Sync] Stopped: Edge Hub App Usage
2026-05-22 07:00:12.838: [INFO][Sync] Stopped: Edge Wallet
2026-05-22 07:00:12.838: [INFO][Sync] Stopped: Edge Workspace
2026-05-22 07:01:39.419: [INFO][Sync] Reset engine, reason: 0
2026-05-22 07:02:23.270: [INFO][Sync] Reset engine, reason: 8
2026-05-22 07:02:23.270: [INFO][Sync] Stopped: Bookmarks
2026-05-22 07:02:23.270: [INFO][Sync] Stopped: Preferences
2026-05-22 07:02:23.270: [INFO][Sync] Stopped: Passwords
2026-05-22 07:02:23.270: [INFO][Sync] Stopped: Autofill Profiles
2026-05-22 07:02:23.270: [INFO][Sync] Stopped: Autofill
2026-05-22 07:02:23.270: [INFO][Sync] Stopped: Extensions
2026-05-22 07:02:23.270: [INFO][Sync] Stopped: Sessions
2026-05-22 07:02:23.270: [INFO][Sync] Stopped: Extension settings
2026-05-22 07:02:23.270: [INFO][Sync] Stopped: History Delete Directives
2026-05-22 07:02:23.270: [INFO][Sync] Stopped: Device Info
2026-05-22 07:02:23.270: [INFO][Sync] Stopped: User Consents
2026-05-22 07:02:23.270: [INFO][Sync] Stopped: Send Tab To Self
2026-05-22 07:02:23.270: [INFO][Sync] Stopped: Web Apps
2026-05-22 07:02:23.270: [INFO][Sync] Stopped: History
2026-05-22 07:02:23.270: [INFO][Sync] Stopped: Saved Tab Group
2026-05-22 07:02:23.270: [INFO][Sync] Stopped: WebAuthn Credentials
2026-05-22 07:02:23.270: [INFO][Sync] Stopped: Collection
2026-05-22 07:02:23.270: [INFO][Sync] Stopped: Edge E Drop
2026-05-22 07:02:23.270: [INFO][Sync] Stopped: Edge Hub App Usage
2026-05-22 07:02:23.270: [INFO][Sync] Stopped: Edge Wallet
2026-05-22 07:02:23.270: [INFO][Sync] Stopped: Edge Workspace
2026-05-22 07:02:23.270: [INFO][Sync] SyncState after authenticated was: NotSignedIn
2026-05-22 07:02:23.775: [INFO][Sync] Reset engine, reason: 8
2026-05-22 07:02:23.775: [INFO][Sync] Stopped: Bookmarks
2026-05-22 07:02:23.775: [INFO][Sync] Stopped: Preferences
2026-05-22 07:02:23.776: [INFO][Sync] Stopped: Passwords
2026-05-22 07:02:23.776: [INFO][Sync] Stopped: Autofill Profiles
2026-05-22 07:02:23.776: [INFO][Sync] Stopped: Autofill
2026-05-22 07:02:23.776: [INFO][Sync] Stopped: Extensions
2026-05-22 07:02:23.776: [INFO][Sync] Stopped: Sessions
2026-05-22 07:02:23.776: [INFO][Sync] Stopped: Extension settings
2026-05-22 07:02:23.776: [INFO][Sync] Stopped: History Delete Directives
2026-05-22 07:02:23.776: [INFO][Sync] Stopped: Device Info
2026-05-22 07:02:23.776: [INFO][Sync] Stopped: User Consents
2026-05-22 07:02:23.776: [INFO][Sync] Stopped: Send Tab To Self
2026-05-22 07:02:23.776: [INFO][Sync] Stopped: Web Apps
2026-05-22 07:02:23.776: [INFO][Sync] Stopped: History
2026-05-22 07:02:23.776: [INFO][Sync] Stopped: Saved Tab Group
2026-05-22 07:02:23.776: [INFO][Sync] Stopped: WebAuthn Credentials
2026-05-22 07:02:23.776: [INFO][Sync] Stopped: Collection
2026-05-22 07:02:23.776: [INFO][Sync] Stopped: Edge E Drop
2026-05-22 07:02:23.776: [INFO][Sync] Stopped: Edge Hub App Usage
2026-05-22 07:02:23.776: [INFO][Sync] Stopped: Edge Wallet
2026-05-22 07:02:23.776: [INFO][Sync] Stopped: Edge Workspace
2026-05-22 09:01:51.352: [INFO][Sync] Reset engine, reason: 0
2026-05-22 09:01:52.454: [INFO][Sync] Reset engine, reason: 8
2026-05-22 09:01:52.454: [INFO][Sync] Stopped: Bookmarks
2026-05-22 09:01:52.454: [INFO][Sync] Stopped: Preferences
2026-05-22 09:01:52.454: [INFO][Sync] Stopped: Passwords
2026-05-22 09:01:52.454: [INFO][Sync] Stopped: Autofill Profiles
2026-05-22 09:01:52.454: [INFO][Sync] Stopped: Autofill
2026-05-22 09:01:52.454: [INFO][Sync] Stopped: Extensions
2026-05-22 09:01:52.454: [INFO][Sync] Stopped: Sessions
2026-05-22 09:01:52.454: [INFO][Sync] Stopped: Extension settings
2026-05-22 09:01:52.454: [INFO][Sync] Stopped: History Delete Directives
2026-05-22 09:01:52.454: [INFO][Sync] Stopped: Device Info
2026-05-22 09:01:52.454: [INFO][Sync] Stopped: User Consents
2026-05-22 09:01:52.454: [INFO][Sync] Stopped: Send Tab To Self
2026-05-22 09:01:52.454: [INFO][Sync] Stopped: Web Apps
2026-05-22 09:01:52.454: [INFO][Sync] Stopped: History
2026-05-22 09:01:52.454: [INFO][Sync] Stopped: Saved Tab Group
2026-05-22 09:01:52.454: [INFO][Sync] Stopped: WebAuthn Credentials
2026-05-22 09:01:52.454: [INFO][Sync] Stopped: Collection
2026-05-22 09:01:52.454: [INFO][Sync] Stopped: Edge E Drop
2026-05-22 09:01:52.454: [INFO][Sync] Stopped: Edge Hub App Usage
2026-05-22 09:01:52.454: [INFO][Sync] Stopped: Edge Wallet
2026-05-22 09:01:52.454: [INFO][Sync] Stopped: Edge Workspace
2026-05-22 09:01:52.455: [INFO][Sync] SyncState after authenticated was: NotSignedIn
2026-05-22 09:01:52.816: [INFO][Sync] Reset engine, reason: 8
2026-05-22 09:01:52.816: [INFO][Sync] Stopped: Bookmarks
2026-05-22 09:01:52.816: [INFO][Sync] Stopped: Preferences
2026-05-22 09:01:52.817: [INFO][Sync] Stopped: Passwords
2026-05-22 09:01:52.817: [INFO][Sync] Stopped: Autofill Profiles
2026-05-22 09:01:52.817: [INFO][Sync] Stopped: Autofill
2026-05-22 09:01:52.817: [INFO][Sync] Stopped: Extensions
2026-05-22 09:01:52.817: [INFO][Sync] Stopped: Sessions
2026-05-22 09:01:52.817: [INFO][Sync] Stopped: Extension settings
2026-05-22 09:01:52.817: [INFO][Sync] Stopped: History Delete Directives
2026-05-22 09:01:52.817: [INFO][Sync] Stopped: Device Info
2026-05-22 09:01:52.817: [INFO][Sync] Stopped: User Consents
2026-05-22 09:01:52.817: [INFO][Sync] Stopped: Send Tab To Self
2026-05-22 09:01:52.817: [INFO][Sync] Stopped: Web Apps
2026-05-22 09:01:52.817: [INFO][Sync] Stopped: History
2026-05-22 09:01:52.817: [INFO][Sync] Stopped: Saved Tab Group
2026-05-22 09:01:52.817: [INFO][Sync] Stopped: WebAuthn Credentials
2026-05-22 09:01:52.817: [INFO][Sync] Stopped: Collection
2026-05-22 09:01:52.817: [INFO][Sync] Stopped: Edge E Drop
2026-05-22 09:01:52.817: [INFO][Sync] Stopped: Edge Hub App Usage
2026-05-22 09:01:52.817: [INFO][Sync] Stopped: Edge Wallet
2026-05-22 09:01:52.817: [INFO][Sync] Stopped: Edge Workspace
2026-05-22 19:11:19.401: [INFO][Sync] Reset engine, reason: 8
2026-05-22 19:11:19.401: [INFO][Sync] Stopped: Bookmarks
2026-05-22 19:11:19.401: [INFO][Sync] Stopped: Preferences
2026-05-22 19:11:19.401: [INFO][Sync] Stopped: Passwords
2026-05-22 19:11:19.401: [INFO][Sync] Stopped: Autofill Profiles
2026-05-22 19:11:19.401: [INFO][Sync] Stopped: Autofill
2026-05-22 19:11:19.401: [INFO][Sync] Stopped: Extensions
2026-05-22 19:11:19.401: [INFO][Sync] Stopped: Sessions
2026-05-22 19:11:19.401: [INFO][Sync] Stopped: Extension settings
2026-05-22 19:11:19.401: [INFO][Sync] Stopped: History Delete Directives
2026-05-22 19:11:19.401: [INFO][Sync] Stopped: Device Info
2026-05-22 19:11:19.401: [INFO][Sync] Stopped: User Consents
2026-05-22 19:11:19.401: [INFO][Sync] Stopped: Send Tab To Self
2026-05-22 19:11:19.401: [INFO][Sync] Stopped: Web Apps
2026-05-22 19:11:19.401: [INFO][Sync] Stopped: History
2026-05-22 19:11:19.401: [INFO][Sync] Stopped: Saved Tab Group
2026-05-22 19:11:19.401: [INFO][Sync] Stopped: WebAuthn Credentials
2026-05-22 19:11:19.401: [INFO][Sync] Stopped: Collection
2026-05-22 19:11:19.401: [INFO][Sync] Stopped: Edge E Drop
2026-05-22 19:11:19.401: [INFO][Sync] Stopped: Edge Hub App Usage
2026-05-22 19:11:19.401: [INFO][Sync] Stopped: Edge Wallet
2026-05-22 19:11:19.401: [INFO][Sync] Stopped: Edge Workspace
2026-05-22 19:11:19.402: [INFO][Sync] SyncState after authenticated was: NotSignedIn
2026-05-22 19:11:20.228: [INFO][Sync] Reset engine, reason: 8
2026-05-22 19:11:20.228: [INFO][Sync] Stopped: Bookmarks
2026-05-22 19:11:20.228: [INFO][Sync] Stopped: Preferences
2026-05-22 19:11:20.228: [INFO][Sync] Stopped: Passwords
2026-05-22 19:11:20.228: [INFO][Sync] Stopped: Autofill Profiles
2026-05-22 19:11:20.228: [INFO][Sync] Stopped: Autofill
2026-05-22 19:11:20.228: [INFO][Sync] Stopped: Extensions
2026-05-22 19:11:20.228: [INFO][Sync] Stopped: Sessions
2026-05-22 19:11:20.228: [INFO][Sync] Stopped: Extension settings
2026-05-22 19:11:20.228: [INFO][Sync] Stopped: History Delete Directives
2026-05-22 19:11:20.228: [INFO][Sync] Stopped: Device Info
2026-05-22 19:11:20.228: [INFO][Sync] Stopped: User Consents
2026-05-22 19:11:20.228: [INFO][Sync] Stopped: Send Tab To Self
2026-05-22 19:11:20.228: [INFO][Sync] Stopped: Web Apps
2026-05-22 19:11:20.228: [INFO][Sync] Stopped: History
2026-05-22 19:11:20.228: [INFO][Sync] Stopped: Saved Tab Group
2026-05-22 19:11:20.228: [INFO][Sync] Stopped: WebAuthn Credentials
2026-05-22 19:11:20.228: [INFO][Sync] Stopped: Collection
2026-05-22 19:11:20.228: [INFO][Sync] Stopped: Edge E Drop
2026-05-22 19:11:20.228: [INFO][Sync] Stopped: Edge Hub App Usage
2026-05-22 19:11:20.228: [INFO][Sync] Stopped: Edge Wallet
2026-05-22 19:11:20.228: [INFO][Sync] Stopped: Edge Workspace
2026-05-23 00:35:09.778: [INFO][Sync] Reset engine, reason: 0
2026-05-23 00:41:50.930: [INFO][Sync] Reset engine, reason: 8
2026-05-23 00:41:50.930: [INFO][Sync] Stopped: Bookmarks
2026-05-23 00:41:50.930: [INFO][Sync] Stopped: Preferences
2026-05-23 00:41:50.930: [INFO][Sync] Stopped: Passwords
2026-05-23 00:41:50.930: [INFO][Sync] Stopped: Autofill Profiles
2026-05-23 00:41:50.930: [INFO][Sync] Stopped: Autofill
2026-05-23 00:41:50.930: [INFO][Sync] Stopped: Extensions
2026-05-23 00:41:50.930: [INFO][Sync] Stopped: Sessions
2026-05-23 00:41:50.930: [INFO][Sync] Stopped: Extension settings
2026-05-23 00:41:50.930: [INFO][Sync] Stopped: History Delete Directives
2026-05-23 00:41:50.930: [INFO][Sync] Stopped: Device Info
2026-05-23 00:41:50.930: [INFO][Sync] Stopped: User Consents
2026-05-23 00:41:50.930: [INFO][Sync] Stopped: Send Tab To Self
2026-05-23 00:41:50.930: [INFO][Sync] Stopped: Web Apps
2026-05-23 00:41:50.930: [INFO][Sync] Stopped: History
2026-05-23 00:41:50.930: [INFO][Sync] Stopped: Saved Tab Group
2026-05-23 00:41:50.930: [INFO][Sync] Stopped: WebAuthn Credentials
2026-05-23 00:41:50.930: [INFO][Sync] Stopped: Collection
2026-05-23 00:41:50.930: [INFO][Sync] Stopped: Edge E Drop
2026-05-23 00:41:50.930: [INFO][Sync] Stopped: Edge Hub App Usage
2026-05-23 00:41:50.930: [INFO][Sync] Stopped: Edge Wallet
2026-05-23 00:41:50.931: [INFO][Sync] Stopped: Edge Workspace
2026-05-23 00:41:50.931: [INFO][Sync] SyncState after authenticated was: NotSignedIn
2026-05-23 00:41:51.375: [INFO][Sync] Reset engine, reason: 8
2026-05-23 00:41:51.375: [INFO][Sync] Stopped: Bookmarks
2026-05-23 00:41:51.375: [INFO][Sync] Stopped: Preferences
2026-05-23 00:41:51.375: [INFO][Sync] Stopped: Passwords
2026-05-23 00:41:51.375: [INFO][Sync] Stopped: Autofill Profiles
2026-05-23 00:41:51.375: [INFO][Sync] Stopped: Autofill
2026-05-23 00:41:51.375: [INFO][Sync] Stopped: Extensions
2026-05-23 00:41:51.375: [INFO][Sync] Stopped: Sessions
2026-05-23 00:41:51.375: [INFO][Sync] Stopped: Extension settings
2026-05-23 00:41:51.375: [INFO][Sync] Stopped: History Delete Directives
2026-05-23 00:41:51.375: [INFO][Sync] Stopped: Device Info
2026-05-23 00:41:51.375: [INFO][Sync] Stopped: User Consents
2026-05-23 00:41:51.375: [INFO][Sync] Stopped: Send Tab To Self
2026-05-23 00:41:51.375: [INFO][Sync] Stopped: Web Apps
2026-05-23 00:41:51.375: [INFO][Sync] Stopped: History
2026-05-23 00:41:51.375: [INFO][Sync] Stopped: Saved Tab Group
2026-05-23 00:41:51.375: [INFO][Sync] Stopped: WebAuthn Credentials
2026-05-23 00:41:51.375: [INFO][Sync] Stopped: Collection
2026-05-23 00:41:51.375: [INFO][Sync] Stopped: Edge E Drop
2026-05-23 00:41:51.375: [INFO][Sync] Stopped: Edge Hub App Usage
2026-05-23 00:41:51.375: [INFO][Sync] Stopped: Edge Wallet
2026-05-23 00:41:51.375: [INFO][Sync] Stopped: Edge Workspace
2026-05-23 00:43:37.666: [INFO][Sync] Reset engine, reason: 0
2026-05-23 01:09:33.293: [INFO][Sync] Reset engine, reason: 8
2026-05-23 01:09:33.293: [INFO][Sync] Stopped: Bookmarks
2026-05-23 01:09:33.293: [INFO][Sync] Stopped: Preferences
2026-05-23 01:09:33.293: [INFO][Sync] Stopped: Passwords
2026-05-23 01:09:33.293: [INFO][Sync] Stopped: Autofill Profiles
2026-05-23 01:09:33.293: [INFO][Sync] Stopped: Autofill
2026-05-23 01:09:33.293: [INFO][Sync] Stopped: Extensions
2026-05-23 01:09:33.293: [INFO][Sync] Stopped: Sessions
2026-05-23 01:09:33.293: [INFO][Sync] Stopped: Extension settings
2026-05-23 01:09:33.293: [INFO][Sync] Stopped: History Delete Directives
2026-05-23 01:09:33.293: [INFO][Sync] Stopped: Device Info
2026-05-23 01:09:33.293: [INFO][Sync] Stopped: User Consents
2026-05-23 01:09:33.293: [INFO][Sync] Stopped: Send Tab To Self
2026-05-23 01:09:33.293: [INFO][Sync] Stopped: Web Apps
2026-05-23 01:09:33.293: [INFO][Sync] Stopped: History
2026-05-23 01:09:33.293: [INFO][Sync] Stopped: Saved Tab Group
2026-05-23 01:09:33.293: [INFO][Sync] Stopped: WebAuthn Credentials
2026-05-23 01:09:33.293: [INFO][Sync] Stopped: Collection
2026-05-23 01:09:33.293: [INFO][Sync] Stopped: Edge E Drop
2026-05-23 01:09:33.293: [INFO][Sync] Stopped: Edge Hub App Usage
2026-05-23 01:09:33.293: [INFO][Sync] Stopped: Edge Wallet
2026-05-23 01:09:33.293: [INFO][Sync] Stopped: Edge Workspace
2026-05-23 01:09:33.294: [INFO][Sync] SyncState after authenticated was: NotSignedIn
2026-05-23 01:09:34.053: [INFO][Sync] Reset engine, reason: 8
2026-05-23 01:09:34.053: [INFO][Sync] Stopped: Bookmarks
2026-05-23 01:09:34.053: [INFO][Sync] Stopped: Preferences
2026-05-23 01:09:34.053: [INFO][Sync] Stopped: Passwords
2026-05-23 01:09:34.053: [INFO][Sync] Stopped: Autofill Profiles
2026-05-23 01:09:34.053: [INFO][Sync] Stopped: Autofill
2026-05-23 01:09:34.053: [INFO][Sync] Stopped: Extensions
2026-05-23 01:09:34.053: [INFO][Sync] Stopped: Sessions
2026-05-23 01:09:34.053: [INFO][Sync] Stopped: Extension settings
2026-05-23 01:09:34.054: [INFO][Sync] Stopped: History Delete Directives
2026-05-23 01:09:34.054: [INFO][Sync] Stopped: Device Info
2026-05-23 01:09:34.054: [INFO][Sync] Stopped: User Consents
2026-05-23 01:09:34.054: [INFO][Sync] Stopped: Send Tab To Self
2026-05-23 01:09:34.054: [INFO][Sync] Stopped: Web Apps
2026-05-23 01:09:34.054: [INFO][Sync] Stopped: History
2026-05-23 01:09:34.054: [INFO][Sync] Stopped: Saved Tab Group
2026-05-23 01:09:34.054: [INFO][Sync] Stopped: WebAuthn Credentials
2026-05-23 01:09:34.054: [INFO][Sync] Stopped: Collection
2026-05-23 01:09:34.054: [INFO][Sync] Stopped: Edge E Drop
2026-05-23 01:09:34.054: [INFO][Sync] Stopped: Edge Hub App Usage
2026-05-23 01:09:34.054: [INFO][Sync] Stopped: Edge Wallet
2026-05-23 01:09:34.054: [INFO][Sync] Stopped: Edge Workspace
2026-05-23 01:09:44.280: [INFO][Sync] Reset engine, reason: 0
2026-05-24 02:13:00.135: [INFO][Sync] Reset engine, reason: 8
2026-05-24 02:13:00.135: [INFO][Sync] Stopped: Bookmarks
2026-05-24 02:13:00.135: [INFO][Sync] Stopped: Preferences
2026-05-24 02:13:00.135: [INFO][Sync] Stopped: Passwords
2026-05-24 02:13:00.135: [INFO][Sync] Stopped: Autofill Profiles
2026-05-24 02:13:00.135: [INFO][Sync] Stopped: Autofill
2026-05-24 02:13:00.135: [INFO][Sync] Stopped: Extensions
2026-05-24 02:13:00.135: [INFO][Sync] Stopped: Sessions
2026-05-24 02:13:00.135: [INFO][Sync] Stopped: Extension settings
2026-05-24 02:13:00.135: [INFO][Sync] Stopped: History Delete Directives
2026-05-24 02:13:00.135: [INFO][Sync] Stopped: Device Info
2026-05-24 02:13:00.135: [INFO][Sync] Stopped: User Consents
2026-05-24 02:13:00.135: [INFO][Sync] Stopped: Send Tab To Self
2026-05-24 02:13:00.135: [INFO][Sync] Stopped: Web Apps
2026-05-24 02:13:00.135: [INFO][Sync] Stopped: History
2026-05-24 02:13:00.135: [INFO][Sync] Stopped: Saved Tab Group
2026-05-24 02:13:00.135: [INFO][Sync] Stopped: WebAuthn Credentials
2026-05-24 02:13:00.135: [INFO][Sync] Stopped: Collection
2026-05-24 02:13:00.135: [INFO][Sync] Stopped: Edge E Drop
2026-05-24 02:13:00.135: [INFO][Sync] Stopped: Edge Hub App Usage
2026-05-24 02:13:00.135: [INFO][Sync] Stopped: Edge Wallet
2026-05-24 02:13:00.135: [INFO][Sync] Stopped: Edge Workspace
2026-05-24 02:13:00.135: [INFO][Sync] SyncState after authenticated was: NotSignedIn
2026-05-24 02:13:00.999: [INFO][Sync] Reset engine, reason: 8
2026-05-24 02:13:00.999: [INFO][Sync] Stopped: Bookmarks
2026-05-24 02:13:00.999: [INFO][Sync] Stopped: Preferences
2026-05-24 02:13:01.000: [INFO][Sync] Stopped: Passwords
2026-05-24 02:13:01.000: [INFO][Sync] Stopped: Autofill Profiles
2026-05-24 02:13:01.000: [INFO][Sync] Stopped: Autofill
2026-05-24 02:13:01.000: [INFO][Sync] Stopped: Extensions
2026-05-24 02:13:01.000: [INFO][Sync] Stopped: Sessions
2026-05-24 02:13:01.000: [INFO][Sync] Stopped: Extension settings
2026-05-24 02:13:01.000: [INFO][Sync] Stopped: History Delete Directives
2026-05-24 02:13:01.000: [INFO][Sync] Stopped: Device Info
2026-05-24 02:13:01.000: [INFO][Sync] Stopped: User Consents
2026-05-24 02:13:01.000: [INFO][Sync] Stopped: Send Tab To Self
2026-05-24 02:13:01.000: [INFO][Sync] Stopped: Web Apps
2026-05-24 02:13:01.000: [INFO][Sync] Stopped: History
2026-05-24 02:13:01.000: [INFO][Sync] Stopped: Saved Tab Group
2026-05-24 02:13:01.000: [INFO][Sync] Stopped: WebAuthn Credentials
2026-05-24 02:13:01.000: [INFO][Sync] Stopped: Collection
2026-05-24 02:13:01.000: [INFO][Sync] Stopped: Edge E Drop
2026-05-24 02:13:01.000: [INFO][Sync] Stopped: Edge Hub App Usage
2026-05-24 02:13:01.000: [INFO][Sync] Stopped: Edge Wallet
2026-05-24 02:13:01.000: [INFO][Sync] Stopped: Edge Workspace
2026-05-24 02:13:11.332: [INFO][Sync] Reset engine, reason: 0
2026-05-24 02:13:12.998: [INFO][Sync] Reset engine, reason: 8
2026-05-24 02:13:12.998: [INFO][Sync] Stopped: Bookmarks
2026-05-24 02:13:12.998: [INFO][Sync] Stopped: Preferences
2026-05-24 02:13:12.998: [INFO][Sync] Stopped: Passwords
2026-05-24 02:13:12.998: [INFO][Sync] Stopped: Autofill Profiles
2026-05-24 02:13:12.998: [INFO][Sync] Stopped: Autofill
2026-05-24 02:13:12.998: [INFO][Sync] Stopped: Extensions
2026-05-24 02:13:12.998: [INFO][Sync] Stopped: Sessions
2026-05-24 02:13:12.998: [INFO][Sync] Stopped: Extension settings
2026-05-24 02:13:12.998: [INFO][Sync] Stopped: History Delete Directives
2026-05-24 02:13:12.998: [INFO][Sync] Stopped: Device Info
2026-05-24 02:13:12.998: [INFO][Sync] Stopped: User Consents
2026-05-24 02:13:12.998: [INFO][Sync] Stopped: Send Tab To Self
2026-05-24 02:13:12.998: [INFO][Sync] Stopped: Web Apps
2026-05-24 02:13:12.998: [INFO][Sync] Stopped: History
2026-05-24 02:13:12.998: [INFO][Sync] Stopped: Saved Tab Group
2026-05-24 02:13:12.998: [INFO][Sync] Stopped: WebAuthn Credentials
2026-05-24 02:13:12.998: [INFO][Sync] Stopped: Collection
2026-05-24 02:13:12.998: [INFO][Sync] Stopped: Edge E Drop
2026-05-24 02:13:12.998: [INFO][Sync] Stopped: Edge Hub App Usage
2026-05-24 02:13:12.998: [INFO][Sync] Stopped: Edge Wallet
2026-05-24 02:13:12.998: [INFO][Sync] Stopped: Edge Workspace
2026-05-24 02:13:12.999: [INFO][Sync] SyncState after authenticated was: NotSignedIn
2026-05-24 02:13:13.638: [INFO][Sync] Reset engine, reason: 8
2026-05-24 02:13:13.638: [INFO][Sync] Stopped: Bookmarks
2026-05-24 02:13:13.638: [INFO][Sync] Stopped: Preferences
2026-05-24 02:13:13.638: [INFO][Sync] Stopped: Passwords
2026-05-24 02:13:13.638: [INFO][Sync] Stopped: Autofill Profiles
2026-05-24 02:13:13.638: [INFO][Sync] Stopped: Autofill
2026-05-24 02:13:13.638: [INFO][Sync] Stopped: Extensions
2026-05-24 02:13:13.638: [INFO][Sync] Stopped: Sessions
2026-05-24 02:13:13.638: [INFO][Sync] Stopped: Extension settings
2026-05-24 02:13:13.638: [INFO][Sync] Stopped: History Delete Directives
2026-05-24 02:13:13.638: [INFO][Sync] Stopped: Device Info
2026-05-24 02:13:13.638: [INFO][Sync] Stopped: User Consents
2026-05-24 02:13:13.638: [INFO][Sync] Stopped: Send Tab To Self
2026-05-24 02:13:13.638: [INFO][Sync] Stopped: Web Apps
2026-05-24 02:13:13.638: [INFO][Sync] Stopped: History
2026-05-24 02:13:13.638: [INFO][Sync] Stopped: Saved Tab Group
2026-05-24 02:13:13.638: [INFO][Sync] Stopped: WebAuthn Credentials
2026-05-24 02:13:13.638: [INFO][Sync] Stopped: Collection
2026-05-24 02:13:13.638: [INFO][Sync] Stopped: Edge E Drop
2026-05-24 02:13:13.638: [INFO][Sync] Stopped: Edge Hub App Usage
2026-05-24 02:13:13.638: [INFO][Sync] Stopped: Edge Wallet
2026-05-24 02:13:13.638: [INFO][Sync] Stopped: Edge Workspace
2026-05-24 04:34:00.580: [INFO][Sync] Reset engine, reason: 0
2026-05-24 04:34:01.629: [INFO][Sync] Reset engine, reason: 8
2026-05-24 04:34:01.629: [INFO][Sync] Stopped: Bookmarks
2026-05-24 04:34:01.629: [INFO][Sync] Stopped: Preferences
2026-05-24 04:34:01.629: [INFO][Sync] Stopped: Passwords
2026-05-24 04:34:01.629: [INFO][Sync] Stopped: Autofill Profiles
2026-05-24 04:34:01.629: [INFO][Sync] Stopped: Autofill
2026-05-24 04:34:01.629: [INFO][Sync] Stopped: Extensions
2026-05-24 04:34:01.629: [INFO][Sync] Stopped: Sessions
2026-05-24 04:34:01.629: [INFO][Sync] Stopped: Extension settings
2026-05-24 04:34:01.629: [INFO][Sync] Stopped: History Delete Directives
2026-05-24 04:34:01.629: [INFO][Sync] Stopped: Device Info
2026-05-24 04:34:01.629: [INFO][Sync] Stopped: User Consents
2026-05-24 04:34:01.629: [INFO][Sync] Stopped: Send Tab To Self
2026-05-24 04:34:01.629: [INFO][Sync] Stopped: Web Apps
2026-05-24 04:34:01.629: [INFO][Sync] Stopped: History
2026-05-24 04:34:01.629: [INFO][Sync] Stopped: Saved Tab Group
2026-05-24 04:34:01.629: [INFO][Sync] Stopped: WebAuthn Credentials
2026-05-24 04:34:01.629: [INFO][Sync] Stopped: Collection
2026-05-24 04:34:01.629: [INFO][Sync] Stopped: Edge E Drop
2026-05-24 04:34:01.629: [INFO][Sync] Stopped: Edge Hub App Usage
2026-05-24 04:34:01.629: [INFO][Sync] Stopped: Edge Wallet
2026-05-24 04:34:01.629: [INFO][Sync] Stopped: Edge Workspace
2026-05-24 04:34:01.629: [INFO][Sync] SyncState after authenticated was: NotSignedIn
2026-05-24 04:34:02.178: [INFO][Sync] Reset engine, reason: 8
2026-05-24 04:34:02.178: [INFO][Sync] Stopped: Bookmarks
2026-05-24 04:34:02.178: [INFO][Sync] Stopped: Preferences
2026-05-24 04:34:02.178: [INFO][Sync] Stopped: Passwords
2026-05-24 04:34:02.178: [INFO][Sync] Stopped: Autofill Profiles
2026-05-24 04:34:02.178: [INFO][Sync] Stopped: Autofill
2026-05-24 04:34:02.178: [INFO][Sync] Stopped: Extensions
2026-05-24 04:34:02.178: [INFO][Sync] Stopped: Sessions
2026-05-24 04:34:02.178: [INFO][Sync] Stopped: Extension settings
2026-05-24 04:34:02.178: [INFO][Sync] Stopped: History Delete Directives
2026-05-24 04:34:02.178: [INFO][Sync] Stopped: Device Info
2026-05-24 04:34:02.178: [INFO][Sync] Stopped: User Consents
2026-05-24 04:34:02.178: [INFO][Sync] Stopped: Send Tab To Self
2026-05-24 04:34:02.178: [INFO][Sync] Stopped: Web Apps
2026-05-24 04:34:02.178: [INFO][Sync] Stopped: History
2026-05-24 04:34:02.178: [INFO][Sync] Stopped: Saved Tab Group
2026-05-24 04:34:02.178: [INFO][Sync] Stopped: WebAuthn Credentials
2026-05-24 04:34:02.178: [INFO][Sync] Stopped: Collection
2026-05-24 04:34:02.178: [INFO][Sync] Stopped: Edge E Drop
2026-05-24 04:34:02.178: [INFO][Sync] Stopped: Edge Hub App Usage
2026-05-24 04:34:02.178: [INFO][Sync] Stopped: Edge Wallet
2026-05-24 04:34:02.178: [INFO][Sync] Stopped: Edge Workspace
2026-05-24 05:12:18.275: [INFO][Sync] Reset engine, reason: 0
2026-05-24 23:42:50.347: [INFO][Sync] Reset engine, reason: 8
2026-05-24 23:42:50.347: [INFO][Sync] Stopped: Bookmarks
2026-05-24 23:42:50.347: [INFO][Sync] Stopped: Preferences
2026-05-24 23:42:50.347: [INFO][Sync] Stopped: Passwords
2026-05-24 23:42:50.347: [INFO][Sync] Stopped: Autofill Profiles
2026-05-24 23:42:50.347: [INFO][Sync] Stopped: Autofill
2026-05-24 23:42:50.347: [INFO][Sync] Stopped: Extensions
2026-05-24 23:42:50.347: [INFO][Sync] Stopped: Sessions
2026-05-24 23:42:50.347: [INFO][Sync] Stopped: Extension settings
2026-05-24 23:42:50.347: [INFO][Sync] Stopped: History Delete Directives
2026-05-24 23:42:50.348: [INFO][Sync] Stopped: Device Info
2026-05-24 23:42:50.348: [INFO][Sync] Stopped: User Consents
2026-05-24 23:42:50.348: [INFO][Sync] Stopped: Send Tab To Self
2026-05-24 23:42:50.348: [INFO][Sync] Stopped: Web Apps
2026-05-24 23:42:50.348: [INFO][Sync] Stopped: History
2026-05-24 23:42:50.348: [INFO][Sync] Stopped: Saved Tab Group
2026-05-24 23:42:50.348: [INFO][Sync] Stopped: WebAuthn Credentials
2026-05-24 23:42:50.348: [INFO][Sync] Stopped: Collection
2026-05-24 23:42:50.348: [INFO][Sync] Stopped: Edge E Drop
2026-05-24 23:42:50.348: [INFO][Sync] Stopped: Edge Hub App Usage
2026-05-24 23:42:50.348: [INFO][Sync] Stopped: Edge Wallet
2026-05-24 23:42:50.348: [INFO][Sync] Stopped: Edge Workspace
2026-05-24 23:42:50.348: [INFO][Sync] SyncState after authenticated was: NotSignedIn
2026-05-24 23:42:50.886: [INFO][Sync] Reset engine, reason: 8
2026-05-24 23:42:50.886: [INFO][Sync] Stopped: Bookmarks
2026-05-24 23:42:50.886: [INFO][Sync] Stopped: Preferences
2026-05-24 23:42:50.886: [INFO][Sync] Stopped: Passwords
2026-05-24 23:42:50.886: [INFO][Sync] Stopped: Autofill Profiles
2026-05-24 23:42:50.886: [INFO][Sync] Stopped: Autofill
2026-05-24 23:42:50.886: [INFO][Sync] Stopped: Extensions
2026-05-24 23:42:50.886: [INFO][Sync] Stopped: Sessions
2026-05-24 23:42:50.886: [INFO][Sync] Stopped: Extension settings
2026-05-24 23:42:50.886: [INFO][Sync] Stopped: History Delete Directives
2026-05-24 23:42:50.886: [INFO][Sync] Stopped: Device Info
2026-05-24 23:42:50.886: [INFO][Sync] Stopped: User Consents
2026-05-24 23:42:50.886: [INFO][Sync] Stopped: Send Tab To Self
2026-05-24 23:42:50.886: [INFO][Sync] Stopped: Web Apps
2026-05-24 23:42:50.886: [INFO][Sync] Stopped: History
2026-05-24 23:42:50.886: [INFO][Sync] Stopped: Saved Tab Group
2026-05-24 23:42:50.887: [INFO][Sync] Stopped: WebAuthn Credentials
2026-05-24 23:42:50.887: [INFO][Sync] Stopped: Collection
2026-05-24 23:42:50.887: [INFO][Sync] Stopped: Edge E Drop
2026-05-24 23:42:50.887: [INFO][Sync] Stopped: Edge Hub App Usage
2026-05-24 23:42:50.887: [INFO][Sync] Stopped: Edge Wallet
2026-05-24 23:42:50.887: [INFO][Sync] Stopped: Edge Workspace
2026-05-25 03:19:31.304: [INFO][Sync] Reset engine, reason: 0
2026-05-25 19:50:45.191: [INFO][Sync] Reset engine, reason: 8
2026-05-25 19:50:45.191: [INFO][Sync] Stopped: Bookmarks
2026-05-25 19:50:45.191: [INFO][Sync] Stopped: Preferences
2026-05-25 19:50:45.191: [INFO][Sync] Stopped: Passwords
2026-05-25 19:50:45.191: [INFO][Sync] Stopped: Autofill Profiles
2026-05-25 19:50:45.191: [INFO][Sync] Stopped: Autofill
2026-05-25 19:50:45.191: [INFO][Sync] Stopped: Extensions
2026-05-25 19:50:45.191: [INFO][Sync] Stopped: Sessions
2026-05-25 19:50:45.191: [INFO][Sync] Stopped: Extension settings
2026-05-25 19:50:45.191: [INFO][Sync] Stopped: History Delete Directives
2026-05-25 19:50:45.191: [INFO][Sync] Stopped: Device Info
2026-05-25 19:50:45.191: [INFO][Sync] Stopped: User Consents
2026-05-25 19:50:45.191: [INFO][Sync] Stopped: Send Tab To Self
2026-05-25 19:50:45.191: [INFO][Sync] Stopped: Web Apps
2026-05-25 19:50:45.191: [INFO][Sync] Stopped: History
2026-05-25 19:50:45.191: [INFO][Sync] Stopped: Saved Tab Group
2026-05-25 19:50:45.191: [INFO][Sync] Stopped: WebAuthn Credentials
2026-05-25 19:50:45.191: [INFO][Sync] Stopped: Collection
2026-05-25 19:50:45.191: [INFO][Sync] Stopped: Edge E Drop
2026-05-25 19:50:45.191: [INFO][Sync] Stopped: Edge Hub App Usage
2026-05-25 19:50:45.191: [INFO][Sync] Stopped: Edge Wallet
2026-05-25 19:50:45.191: [INFO][Sync] Stopped: Edge Workspace
2026-05-25 19:50:45.191: [INFO][Sync] SyncState after authenticated was: NotSignedIn
2026-05-25 19:50:45.678: [INFO][Sync] Reset engine, reason: 8
2026-05-25 19:50:45.678: [INFO][Sync] Stopped: Bookmarks
2026-05-25 19:50:45.678: [INFO][Sync] Stopped: Preferences
2026-05-25 19:50:45.678: [INFO][Sync] Stopped: Passwords
2026-05-25 19:50:45.678: [INFO][Sync] Stopped: Autofill Profiles
2026-05-25 19:50:45.678: [INFO][Sync] Stopped: Autofill
2026-05-25 19:50:45.678: [INFO][Sync] Stopped: Extensions
2026-05-25 19:50:45.678: [INFO][Sync] Stopped: Sessions
2026-05-25 19:50:45.678: [INFO][Sync] Stopped: Extension settings
2026-05-25 19:50:45.678: [INFO][Sync] Stopped: History Delete Directives
2026-05-25 19:50:45.678: [INFO][Sync] Stopped: Device Info
2026-05-25 19:50:45.678: [INFO][Sync] Stopped: User Consents
2026-05-25 19:50:45.678: [INFO][Sync] Stopped: Send Tab To Self
2026-05-25 19:50:45.678: [INFO][Sync] Stopped: Web Apps
2026-05-25 19:50:45.678: [INFO][Sync] Stopped: History
2026-05-25 19:50:45.678: [INFO][Sync] Stopped: Saved Tab Group
2026-05-25 19:50:45.678: [INFO][Sync] Stopped: WebAuthn Credentials
2026-05-25 19:50:45.678: [INFO][Sync] Stopped: Collection
2026-05-25 19:50:45.678: [INFO][Sync] Stopped: Edge E Drop
2026-05-25 19:50:45.678: [INFO][Sync] Stopped: Edge Hub App Usage
2026-05-25 19:50:45.678: [INFO][Sync] Stopped: Edge Wallet
2026-05-25 19:50:45.678: [INFO][Sync] Stopped: Edge Workspace
2026-05-25 19:50:56.337: [INFO][Sync] Reset engine, reason: 8
2026-05-25 19:50:56.337: [INFO][Sync] Stopped: Bookmarks
2026-05-25 19:50:56.337: [INFO][Sync] Stopped: Preferences
2026-05-25 19:50:56.337: [INFO][Sync] Stopped: Passwords
2026-05-25 19:50:56.337: [INFO][Sync] Stopped: Autofill Profiles
2026-05-25 19:50:56.337: [INFO][Sync] Stopped: Autofill
2026-05-25 19:50:56.337: [INFO][Sync] Stopped: Extensions
2026-05-25 19:50:56.337: [INFO][Sync] Stopped: Sessions
2026-05-25 19:50:56.337: [INFO][Sync] Stopped: Extension settings
2026-05-25 19:50:56.337: [INFO][Sync] Stopped: History Delete Directives
2026-05-25 19:50:56.337: [INFO][Sync] Stopped: Device Info
2026-05-25 19:50:56.337: [INFO][Sync] Stopped: User Consents
2026-05-25 19:50:56.337: [INFO][Sync] Stopped: Send Tab To Self
2026-05-25 19:50:56.337: [INFO][Sync] Stopped: Web Apps
2026-05-25 19:50:56.337: [INFO][Sync] Stopped: History
2026-05-25 19:50:56.337: [INFO][Sync] Stopped: Saved Tab Group
2026-05-25 19:50:56.337: [INFO][Sync] Stopped: WebAuthn Credentials
2026-05-25 19:50:56.337: [INFO][Sync] Stopped: Collection
2026-05-25 19:50:56.337: [INFO][Sync] Stopped: Edge E Drop
2026-05-25 19:50:56.337: [INFO][Sync] Stopped: Edge Hub App Usage
2026-05-25 19:50:56.337: [INFO][Sync] Stopped: Edge Wallet
2026-05-25 19:50:56.337: [INFO][Sync] Stopped: Edge Workspace
2026-05-25 19:50:56.337: [INFO][Sync] SyncState after authenticated was: NotSignedIn
2026-05-25 19:50:57.185: [INFO][Sync] Reset engine, reason: 8
2026-05-25 19:50:57.185: [INFO][Sync] Stopped: Bookmarks
2026-05-25 19:50:57.185: [INFO][Sync] Stopped: Preferences
2026-05-25 19:50:57.185: [INFO][Sync] Stopped: Passwords
2026-05-25 19:50:57.185: [INFO][Sync] Stopped: Autofill Profiles
2026-05-25 19:50:57.185: [INFO][Sync] Stopped: Autofill
2026-05-25 19:50:57.185: [INFO][Sync] Stopped: Extensions
2026-05-25 19:50:57.185: [INFO][Sync] Stopped: Sessions
2026-05-25 19:50:57.185: [INFO][Sync] Stopped: Extension settings
2026-05-25 19:50:57.185: [INFO][Sync] Stopped: History Delete Directives
2026-05-25 19:50:57.185: [INFO][Sync] Stopped: Device Info
2026-05-25 19:50:57.185: [INFO][Sync] Stopped: User Consents
2026-05-25 19:50:57.185: [INFO][Sync] Stopped: Send Tab To Self
2026-05-25 19:50:57.185: [INFO][Sync] Stopped: Web Apps
2026-05-25 19:50:57.185: [INFO][Sync] Stopped: History
2026-05-25 19:50:57.185: [INFO][Sync] Stopped: Saved Tab Group
2026-05-25 19:50:57.185: [INFO][Sync] Stopped: WebAuthn Credentials
2026-05-25 19:50:57.185: [INFO][Sync] Stopped: Collection
2026-05-25 19:50:57.185: [INFO][Sync] Stopped: Edge E Drop
2026-05-25 19:50:57.185: [INFO][Sync] Stopped: Edge Hub App Usage
2026-05-25 19:50:57.185: [INFO][Sync] Stopped: Edge Wallet
2026-05-25 19:50:57.185: [INFO][Sync] Stopped: Edge Workspace
2026-05-25 20:44:12.435: [INFO][Sync] Reset engine, reason: 0
2026-05-25 20:44:13.481: [INFO][Sync] Reset engine, reason: 8
2026-05-25 20:44:13.481: [INFO][Sync] Stopped: Bookmarks
2026-05-25 20:44:13.481: [INFO][Sync] Stopped: Preferences
2026-05-25 20:44:13.481: [INFO][Sync] Stopped: Passwords
2026-05-25 20:44:13.481: [INFO][Sync] Stopped: Autofill Profiles
2026-05-25 20:44:13.481: [INFO][Sync] Stopped: Autofill
2026-05-25 20:44:13.481: [INFO][Sync] Stopped: Extensions
2026-05-25 20:44:13.481: [INFO][Sync] Stopped: Sessions
2026-05-25 20:44:13.481: [INFO][Sync] Stopped: Extension settings
2026-05-25 20:44:13.481: [INFO][Sync] Stopped: History Delete Directives
2026-05-25 20:44:13.481: [INFO][Sync] Stopped: Device Info
2026-05-25 20:44:13.481: [INFO][Sync] Stopped: User Consents
2026-05-25 20:44:13.481: [INFO][Sync] Stopped: Send Tab To Self
2026-05-25 20:44:13.481: [INFO][Sync] Stopped: Web Apps
2026-05-25 20:44:13.481: [INFO][Sync] Stopped: History
2026-05-25 20:44:13.481: [INFO][Sync] Stopped: Saved Tab Group
2026-05-25 20:44:13.481: [INFO][Sync] Stopped: WebAuthn Credentials
2026-05-25 20:44:13.481: [INFO][Sync] Stopped: Collection
2026-05-25 20:44:13.481: [INFO][Sync] Stopped: Edge E Drop
2026-05-25 20:44:13.481: [INFO][Sync] Stopped: Edge Hub App Usage
2026-05-25 20:44:13.481: [INFO][Sync] Stopped: Edge Wallet
2026-05-25 20:44:13.481: [INFO][Sync] Stopped: Edge Workspace
2026-05-25 20:44:13.481: [INFO][Sync] SyncState after authenticated was: NotSignedIn
2026-05-25 20:44:13.791: [INFO][Sync] Reset engine, reason: 8
2026-05-25 20:44:13.791: [INFO][Sync] Stopped: Bookmarks
2026-05-25 20:44:13.791: [INFO][Sync] Stopped: Preferences
2026-05-25 20:44:13.791: [INFO][Sync] Stopped: Passwords
2026-05-25 20:44:13.791: [INFO][Sync] Stopped: Autofill Profiles
2026-05-25 20:44:13.791: [INFO][Sync] Stopped: Autofill
2026-05-25 20:44:13.791: [INFO][Sync] Stopped: Extensions
2026-05-25 20:44:13.791: [INFO][Sync] Stopped: Sessions
2026-05-25 20:44:13.791: [INFO][Sync] Stopped: Extension settings
2026-05-25 20:44:13.791: [INFO][Sync] Stopped: History Delete Directives
2026-05-25 20:44:13.791: [INFO][Sync] Stopped: Device Info
2026-05-25 20:44:13.791: [INFO][Sync] Stopped: User Consents
2026-05-25 20:44:13.791: [INFO][Sync] Stopped: Send Tab To Self
2026-05-25 20:44:13.791: [INFO][Sync] Stopped: Web Apps
2026-05-25 20:44:13.791: [INFO][Sync] Stopped: History
2026-05-25 20:44:13.791: [INFO][Sync] Stopped: Saved Tab Group
2026-05-25 20:44:13.791: [INFO][Sync] Stopped: WebAuthn Credentials
2026-05-25 20:44:13.791: [INFO][Sync] Stopped: Collection
2026-05-25 20:44:13.791: [INFO][Sync] Stopped: Edge E Drop
2026-05-25 20:44:13.791: [INFO][Sync] Stopped: Edge Hub App Usage
2026-05-25 20:44:13.791: [INFO][Sync] Stopped: Edge Wallet
2026-05-25 20:44:13.791: [INFO][Sync] Stopped: Edge Workspace
2026-05-25 22:01:11.450: [INFO][Sync] Reset engine, reason: 0
2026-05-26 02:15:31.903: [INFO][Sync] Reset engine, reason: 8
2026-05-26 02:15:31.903: [INFO][Sync] Stopped: Bookmarks
2026-05-26 02:15:31.903: [INFO][Sync] Stopped: Preferences
2026-05-26 02:15:31.903: [INFO][Sync] Stopped: Passwords
2026-05-26 02:15:31.903: [INFO][Sync] Stopped: Autofill Profiles
2026-05-26 02:15:31.903: [INFO][Sync] Stopped: Autofill
2026-05-26 02:15:31.903: [INFO][Sync] Stopped: Extensions
2026-05-26 02:15:31.903: [INFO][Sync] Stopped: Sessions
2026-05-26 02:15:31.903: [INFO][Sync] Stopped: Extension settings
2026-05-26 02:15:31.903: [INFO][Sync] Stopped: History Delete Directives
2026-05-26 02:15:31.903: [INFO][Sync] Stopped: Device Info
2026-05-26 02:15:31.903: [INFO][Sync] Stopped: User Consents
2026-05-26 02:15:31.903: [INFO][Sync] Stopped: Send Tab To Self
2026-05-26 02:15:31.903: [INFO][Sync] Stopped: Web Apps
2026-05-26 02:15:31.903: [INFO][Sync] Stopped: History
2026-05-26 02:15:31.903: [INFO][Sync] Stopped: Saved Tab Group
2026-05-26 02:15:31.903: [INFO][Sync] Stopped: WebAuthn Credentials
2026-05-26 02:15:31.903: [INFO][Sync] Stopped: Collection
2026-05-26 02:15:31.903: [INFO][Sync] Stopped: Edge E Drop
2026-05-26 02:15:31.903: [INFO][Sync] Stopped: Edge Hub App Usage
2026-05-26 02:15:31.903: [INFO][Sync] Stopped: Edge Wallet
2026-05-26 02:15:31.903: [INFO][Sync] Stopped: Edge Workspace
2026-05-26 02:15:31.903: [INFO][Sync] SyncState after authenticated was: NotSignedIn
2026-05-26 02:15:32.257: [INFO][Sync] Reset engine, reason: 8
2026-05-26 02:15:32.257: [INFO][Sync] Stopped: Bookmarks
2026-05-26 02:15:32.257: [INFO][Sync] Stopped: Preferences
2026-05-26 02:15:32.257: [INFO][Sync] Stopped: Passwords
2026-05-26 02:15:32.257: [INFO][Sync] Stopped: Autofill Profiles
2026-05-26 02:15:32.257: [INFO][Sync] Stopped: Autofill
2026-05-26 02:15:32.257: [INFO][Sync] Stopped: Extensions
2026-05-26 02:15:32.257: [INFO][Sync] Stopped: Sessions
2026-05-26 02:15:32.257: [INFO][Sync] Stopped: Extension settings
2026-05-26 02:15:32.257: [INFO][Sync] Stopped: History Delete Directives
2026-05-26 02:15:32.257: [INFO][Sync] Stopped: Device Info
2026-05-26 02:15:32.257: [INFO][Sync] Stopped: User Consents
2026-05-26 02:15:32.257: [INFO][Sync] Stopped: Send Tab To Self
2026-05-26 02:15:32.257: [INFO][Sync] Stopped: Web Apps
2026-05-26 02:15:32.257: [INFO][Sync] Stopped: History
2026-05-26 02:15:32.257: [INFO][Sync] Stopped: Saved Tab Group
2026-05-26 02:15:32.257: [INFO][Sync] Stopped: WebAuthn Credentials
2026-05-26 02:15:32.257: [INFO][Sync] Stopped: Collection
2026-05-26 02:15:32.257: [INFO][Sync] Stopped: Edge E Drop
2026-05-26 02:15:32.257: [INFO][Sync] Stopped: Edge Hub App Usage
2026-05-26 02:15:32.257: [INFO][Sync] Stopped: Edge Wallet
2026-05-26 02:15:32.257: [INFO][Sync] Stopped: Edge Workspace
2026-05-26 02:15:34.383: [INFO][Sync] Reset engine, reason: 0
2026-05-26 22:48:05.322: [INFO][Sync] Reset engine, reason: 8
2026-05-26 22:48:05.322: [INFO][Sync] Stopped: Bookmarks
2026-05-26 22:48:05.322: [INFO][Sync] Stopped: Preferences
2026-05-26 22:48:05.322: [INFO][Sync] Stopped: Passwords
2026-05-26 22:48:05.322: [INFO][Sync] Stopped: Autofill Profiles
2026-05-26 22:48:05.322: [INFO][Sync] Stopped: Autofill
2026-05-26 22:48:05.322: [INFO][Sync] Stopped: Extensions
2026-05-26 22:48:05.323: [INFO][Sync] Stopped: Sessions
2026-05-26 22:48:05.323: [INFO][Sync] Stopped: Extension settings
2026-05-26 22:48:05.323: [INFO][Sync] Stopped: History Delete Directives
2026-05-26 22:48:05.323: [INFO][Sync] Stopped: Device Info
2026-05-26 22:48:05.323: [INFO][Sync] Stopped: User Consents
2026-05-26 22:48:05.323: [INFO][Sync] Stopped: Send Tab To Self
2026-05-26 22:48:05.323: [INFO][Sync] Stopped: Web Apps
2026-05-26 22:48:05.323: [INFO][Sync] Stopped: History
2026-05-26 22:48:05.323: [INFO][Sync] Stopped: Saved Tab Group
2026-05-26 22:48:05.323: [INFO][Sync] Stopped: WebAuthn Credentials
2026-05-26 22:48:05.323: [INFO][Sync] Stopped: Collection
2026-05-26 22:48:05.323: [INFO][Sync] Stopped: Edge E Drop
2026-05-26 22:48:05.323: [INFO][Sync] Stopped: Edge Hub App Usage
2026-05-26 22:48:05.323: [INFO][Sync] Stopped: Edge Wallet
2026-05-26 22:48:05.323: [INFO][Sync] Stopped: Edge Workspace
2026-05-26 22:48:05.323: [INFO][Sync] SyncState after authenticated was: NotSignedIn
2026-05-26 22:48:06.196: [INFO][Sync] Reset engine, reason: 8
2026-05-26 22:48:06.196: [INFO][Sync] Stopped: Bookmarks
2026-05-26 22:48:06.196: [INFO][Sync] Stopped: Preferences
2026-05-26 22:48:06.196: [INFO][Sync] Stopped: Passwords
2026-05-26 22:48:06.196: [INFO][Sync] Stopped: Autofill Profiles
2026-05-26 22:48:06.196: [INFO][Sync] Stopped: Autofill
2026-05-26 22:48:06.196: [INFO][Sync] Stopped: Extensions
2026-05-26 22:48:06.196: [INFO][Sync] Stopped: Sessions
2026-05-26 22:48:06.196: [INFO][Sync] Stopped: Extension settings
2026-05-26 22:48:06.196: [INFO][Sync] Stopped: History Delete Directives
2026-05-26 22:48:06.196: [INFO][Sync] Stopped: Device Info
2026-05-26 22:48:06.196: [INFO][Sync] Stopped: User Consents
2026-05-26 22:48:06.196: [INFO][Sync] Stopped: Send Tab To Self
2026-05-26 22:48:06.196: [INFO][Sync] Stopped: Web Apps
2026-05-26 22:48:06.196: [INFO][Sync] Stopped: History
2026-05-26 22:48:06.196: [INFO][Sync] Stopped: Saved Tab Group
2026-05-26 22:48:06.196: [INFO][Sync] Stopped: WebAuthn Credentials
2026-05-26 22:48:06.196: [INFO][Sync] Stopped: Collection
2026-05-26 22:48:06.196: [INFO][Sync] Stopped: Edge E Drop
2026-05-26 22:48:06.196: [INFO][Sync] Stopped: Edge Hub App Usage
2026-05-26 22:48:06.196: [INFO][Sync] Stopped: Edge Wallet
2026-05-26 22:48:06.196: [INFO][Sync] Stopped: Edge Workspace
2026-05-26 22:50:23.227: [INFO][Sync] Reset engine, reason: 0
2026-05-27 01:25:16.062: [INFO][Sync] Reset engine, reason: 8
2026-05-27 01:25:16.062: [INFO][Sync] Stopped: Bookmarks
2026-05-27 01:25:16.062: [INFO][Sync] Stopped: Preferences
2026-05-27 01:25:16.062: [INFO][Sync] Stopped: Passwords
2026-05-27 01:25:16.062: [INFO][Sync] Stopped: Autofill Profiles
2026-05-27 01:25:16.062: [INFO][Sync] Stopped: Autofill
2026-05-27 01:25:16.062: [INFO][Sync] Stopped: Extensions
2026-05-27 01:25:16.062: [INFO][Sync] Stopped: Sessions
2026-05-27 01:25:16.062: [INFO][Sync] Stopped: Extension settings
2026-05-27 01:25:16.062: [INFO][Sync] Stopped: History Delete Directives
2026-05-27 01:25:16.062: [INFO][Sync] Stopped: Device Info
2026-05-27 01:25:16.062: [INFO][Sync] Stopped: User Consents
2026-05-27 01:25:16.062: [INFO][Sync] Stopped: Send Tab To Self
2026-05-27 01:25:16.062: [INFO][Sync] Stopped: Web Apps
2026-05-27 01:25:16.062: [INFO][Sync] Stopped: History
2026-05-27 01:25:16.062: [INFO][Sync] Stopped: Saved Tab Group
2026-05-27 01:25:16.062: [INFO][Sync] Stopped: WebAuthn Credentials
2026-05-27 01:25:16.062: [INFO][Sync] Stopped: Collection
2026-05-27 01:25:16.062: [INFO][Sync] Stopped: Edge E Drop
2026-05-27 01:25:16.062: [INFO][Sync] Stopped: Edge Hub App Usage
2026-05-27 01:25:16.062: [INFO][Sync] Stopped: Edge Wallet
2026-05-27 01:25:16.062: [INFO][Sync] Stopped: Edge Workspace
2026-05-27 01:25:16.062: [INFO][Sync] SyncState after authenticated was: NotSignedIn
2026-05-27 01:25:16.544: [INFO][Sync] Reset engine, reason: 8
2026-05-27 01:25:16.544: [INFO][Sync] Stopped: Bookmarks
2026-05-27 01:25:16.544: [INFO][Sync] Stopped: Preferences
2026-05-27 01:25:16.544: [INFO][Sync] Stopped: Passwords
2026-05-27 01:25:16.544: [INFO][Sync] Stopped: Autofill Profiles
2026-05-27 01:25:16.544: [INFO][Sync] Stopped: Autofill
2026-05-27 01:25:16.544: [INFO][Sync] Stopped: Extensions
2026-05-27 01:25:16.544: [INFO][Sync] Stopped: Sessions
2026-05-27 01:25:16.544: [INFO][Sync] Stopped: Extension settings
2026-05-27 01:25:16.544: [INFO][Sync] Stopped: History Delete Directives
2026-05-27 01:25:16.544: [INFO][Sync] Stopped: Device Info
2026-05-27 01:25:16.544: [INFO][Sync] Stopped: User Consents
2026-05-27 01:25:16.544: [INFO][Sync] Stopped: Send Tab To Self
2026-05-27 01:25:16.544: [INFO][Sync] Stopped: Web Apps
2026-05-27 01:25:16.544: [INFO][Sync] Stopped: History
2026-05-27 01:25:16.544: [INFO][Sync] Stopped: Saved Tab Group
2026-05-27 01:25:16.544: [INFO][Sync] Stopped: WebAuthn Credentials
2026-05-27 01:25:16.544: [INFO][Sync] Stopped: Collection
2026-05-27 01:25:16.544: [INFO][Sync] Stopped: Edge E Drop
2026-05-27 01:25:16.544: [INFO][Sync] Stopped: Edge Hub App Usage
2026-05-27 01:25:16.544: [INFO][Sync] Stopped: Edge Wallet
2026-05-27 01:25:16.544: [INFO][Sync] Stopped: Edge Workspace
2026-05-27 02:47:48.757: [INFO][Sync] Reset engine, reason: 0
2026-05-27 04:33:07.056: [INFO][Sync] Reset engine, reason: 8
2026-05-27 04:33:07.056: [INFO][Sync] Stopped: Bookmarks
2026-05-27 04:33:07.056: [INFO][Sync] Stopped: Preferences
2026-05-27 04:33:07.057: [INFO][Sync] Stopped: Passwords
2026-05-27 04:33:07.057: [INFO][Sync] Stopped: Autofill Profiles
2026-05-27 04:33:07.057: [INFO][Sync] Stopped: Autofill
2026-05-27 04:33:07.057: [INFO][Sync] Stopped: Extensions
2026-05-27 04:33:07.057: [INFO][Sync] Stopped: Sessions
2026-05-27 04:33:07.057: [INFO][Sync] Stopped: Extension settings
2026-05-27 04:33:07.057: [INFO][Sync] Stopped: History Delete Directives
2026-05-27 04:33:07.057: [INFO][Sync] Stopped: Device Info
2026-05-27 04:33:07.057: [INFO][Sync] Stopped: User Consents
2026-05-27 04:33:07.057: [INFO][Sync] Stopped: Send Tab To Self
2026-05-27 04:33:07.057: [INFO][Sync] Stopped: Web Apps
2026-05-27 04:33:07.057: [INFO][Sync] Stopped: History
2026-05-27 04:33:07.057: [INFO][Sync] Stopped: Saved Tab Group
2026-05-27 04:33:07.057: [INFO][Sync] Stopped: WebAuthn Credentials
2026-05-27 04:33:07.057: [INFO][Sync] Stopped: Collection
2026-05-27 04:33:07.057: [INFO][Sync] Stopped: Edge E Drop
2026-05-27 04:33:07.057: [INFO][Sync] Stopped: Edge Hub App Usage
2026-05-27 04:33:07.057: [INFO][Sync] Stopped: Edge Wallet
2026-05-27 04:33:07.057: [INFO][Sync] Stopped: Edge Workspace
2026-05-27 04:33:07.057: [INFO][Sync] SyncState after authenticated was: NotSignedIn
2026-05-27 04:33:07.485: [INFO][Sync] Reset engine, reason: 8
2026-05-27 04:33:07.485: [INFO][Sync] Stopped: Bookmarks
2026-05-27 04:33:07.485: [INFO][Sync] Stopped: Preferences
2026-05-27 04:33:07.485: [INFO][Sync] Stopped: Passwords
2026-05-27 04:33:07.485: [INFO][Sync] Stopped: Autofill Profiles
2026-05-27 04:33:07.485: [INFO][Sync] Stopped: Autofill
2026-05-27 04:33:07.485: [INFO][Sync] Stopped: Extensions
2026-05-27 04:33:07.485: [INFO][Sync] Stopped: Sessions
2026-05-27 04:33:07.485: [INFO][Sync] Stopped: Extension settings
2026-05-27 04:33:07.485: [INFO][Sync] Stopped: History Delete Directives
2026-05-27 04:33:07.485: [INFO][Sync] Stopped: Device Info
2026-05-27 04:33:07.485: [INFO][Sync] Stopped: User Consents
2026-05-27 04:33:07.485: [INFO][Sync] Stopped: Send Tab To Self
2026-05-27 04:33:07.485: [INFO][Sync] Stopped: Web Apps
2026-05-27 04:33:07.485: [INFO][Sync] Stopped: History
2026-05-27 04:33:07.485: [INFO][Sync] Stopped: Saved Tab Group
2026-05-27 04:33:07.485: [INFO][Sync] Stopped: WebAuthn Credentials
2026-05-27 04:33:07.485: [INFO][Sync] Stopped: Collection
2026-05-27 04:33:07.485: [INFO][Sync] Stopped: Edge E Drop
2026-05-27 04:33:07.485: [INFO][Sync] Stopped: Edge Hub App Usage
2026-05-27 04:33:07.485: [INFO][Sync] Stopped: Edge Wallet
2026-05-27 04:33:07.485: [INFO][Sync] Stopped: Edge Workspace
2026-05-27 04:59:44.049: [INFO][Sync] Reset engine, reason: 0
2026-05-27 05:01:42.744: [INFO][Sync] Reset engine, reason: 8
2026-05-27 05:01:42.745: [INFO][Sync] Stopped: Bookmarks
2026-05-27 05:01:42.745: [INFO][Sync] Stopped: Preferences
2026-05-27 05:01:42.745: [INFO][Sync] Stopped: Passwords
2026-05-27 05:01:42.745: [INFO][Sync] Stopped: Autofill Profiles
2026-05-27 05:01:42.745: [INFO][Sync] Stopped: Autofill
2026-05-27 05:01:42.745: [INFO][Sync] Stopped: Extensions
2026-05-27 05:01:42.745: [INFO][Sync] Stopped: Sessions
2026-05-27 05:01:42.745: [INFO][Sync] Stopped: Extension settings
2026-05-27 05:01:42.745: [INFO][Sync] Stopped: History Delete Directives
2026-05-27 05:01:42.745: [INFO][Sync] Stopped: Device Info
2026-05-27 05:01:42.745: [INFO][Sync] Stopped: User Consents
2026-05-27 05:01:42.745: [INFO][Sync] Stopped: Send Tab To Self
2026-05-27 05:01:42.745: [INFO][Sync] Stopped: Web Apps
2026-05-27 05:01:42.745: [INFO][Sync] Stopped: History
2026-05-27 05:01:42.745: [INFO][Sync] Stopped: Saved Tab Group
2026-05-27 05:01:42.745: [INFO][Sync] Stopped: WebAuthn Credentials
2026-05-27 05:01:42.745: [INFO][Sync] Stopped: Collection
2026-05-27 05:01:42.745: [INFO][Sync] Stopped: Edge E Drop
2026-05-27 05:01:42.745: [INFO][Sync] Stopped: Edge Hub App Usage
2026-05-27 05:01:42.745: [INFO][Sync] Stopped: Edge Wallet
2026-05-27 05:01:42.745: [INFO][Sync] Stopped: Edge Workspace
2026-05-27 05:01:42.746: [INFO][Sync] SyncState after authenticated was: NotSignedIn
2026-05-27 05:01:43.285: [INFO][Sync] Reset engine, reason: 8
2026-05-27 05:01:43.285: [INFO][Sync] Stopped: Bookmarks
2026-05-27 05:01:43.285: [INFO][Sync] Stopped: Preferences
2026-05-27 05:01:43.285: [INFO][Sync] Stopped: Passwords
2026-05-27 05:01:43.285: [INFO][Sync] Stopped: Autofill Profiles
2026-05-27 05:01:43.285: [INFO][Sync] Stopped: Autofill
2026-05-27 05:01:43.285: [INFO][Sync] Stopped: Extensions
2026-05-27 05:01:43.285: [INFO][Sync] Stopped: Sessions
2026-05-27 05:01:43.285: [INFO][Sync] Stopped: Extension settings
2026-05-27 05:01:43.285: [INFO][Sync] Stopped: History Delete Directives
2026-05-27 05:01:43.285: [INFO][Sync] Stopped: Device Info
2026-05-27 05:01:43.285: [INFO][Sync] Stopped: User Consents
2026-05-27 05:01:43.285: [INFO][Sync] Stopped: Send Tab To Self
2026-05-27 05:01:43.285: [INFO][Sync] Stopped: Web Apps
2026-05-27 05:01:43.285: [INFO][Sync] Stopped: History
2026-05-27 05:01:43.285: [INFO][Sync] Stopped: Saved Tab Group
2026-05-27 05:01:43.285: [INFO][Sync] Stopped: WebAuthn Credentials
2026-05-27 05:01:43.285: [INFO][Sync] Stopped: Collection
2026-05-27 05:01:43.285: [INFO][Sync] Stopped: Edge E Drop
2026-05-27 05:01:43.285: [INFO][Sync] Stopped: Edge Hub App Usage
2026-05-27 05:01:43.285: [INFO][Sync] Stopped: Edge Wallet
2026-05-27 05:01:43.285: [INFO][Sync] Stopped: Edge Workspace
2026-05-27 05:02:00.821: [INFO][Sync] Reset engine, reason: 0
2026-05-27 05:02:01.989: [INFO][Sync] Reset engine, reason: 8
2026-05-27 05:02:01.989: [INFO][Sync] Stopped: Bookmarks
2026-05-27 05:02:01.989: [INFO][Sync] Stopped: Preferences
2026-05-27 05:02:01.989: [INFO][Sync] Stopped: Passwords
2026-05-27 05:02:01.989: [INFO][Sync] Stopped: Autofill Profiles
2026-05-27 05:02:01.989: [INFO][Sync] Stopped: Autofill
2026-05-27 05:02:01.989: [INFO][Sync] Stopped: Extensions
2026-05-27 05:02:01.989: [INFO][Sync] Stopped: Sessions
2026-05-27 05:02:01.989: [INFO][Sync] Stopped: Extension settings
2026-05-27 05:02:01.989: [INFO][Sync] Stopped: History Delete Directives
2026-05-27 05:02:01.989: [INFO][Sync] Stopped: Device Info
2026-05-27 05:02:01.989: [INFO][Sync] Stopped: User Consents
2026-05-27 05:02:01.989: [INFO][Sync] Stopped: Send Tab To Self
2026-05-27 05:02:01.989: [INFO][Sync] Stopped: Web Apps
2026-05-27 05:02:01.989: [INFO][Sync] Stopped: History
2026-05-27 05:02:01.989: [INFO][Sync] Stopped: Saved Tab Group
2026-05-27 05:02:01.989: [INFO][Sync] Stopped: WebAuthn Credentials
2026-05-27 05:02:01.989: [INFO][Sync] Stopped: Collection
2026-05-27 05:02:01.989: [INFO][Sync] Stopped: Edge E Drop
2026-05-27 05:02:01.989: [INFO][Sync] Stopped: Edge Hub App Usage
2026-05-27 05:02:01.989: [INFO][Sync] Stopped: Edge Wallet
2026-05-27 05:02:01.989: [INFO][Sync] Stopped: Edge Workspace
2026-05-27 05:02:01.989: [INFO][Sync] SyncState after authenticated was: NotSignedIn
2026-05-27 05:02:02.334: [INFO][Sync] Reset engine, reason: 8
2026-05-27 05:02:02.334: [INFO][Sync] Stopped: Bookmarks
2026-05-27 05:02:02.334: [INFO][Sync] Stopped: Preferences
2026-05-27 05:02:02.334: [INFO][Sync] Stopped: Passwords
2026-05-27 05:02:02.334: [INFO][Sync] Stopped: Autofill Profiles
2026-05-27 05:02:02.334: [INFO][Sync] Stopped: Autofill
2026-05-27 05:02:02.334: [INFO][Sync] Stopped: Extensions
2026-05-27 05:02:02.334: [INFO][Sync] Stopped: Sessions
2026-05-27 05:02:02.334: [INFO][Sync] Stopped: Extension settings
2026-05-27 05:02:02.334: [INFO][Sync] Stopped: History Delete Directives
2026-05-27 05:02:02.334: [INFO][Sync] Stopped: Device Info
2026-05-27 05:02:02.334: [INFO][Sync] Stopped: User Consents
2026-05-27 05:02:02.334: [INFO][Sync] Stopped: Send Tab To Self
2026-05-27 05:02:02.334: [INFO][Sync] Stopped: Web Apps
2026-05-27 05:02:02.334: [INFO][Sync] Stopped: History
2026-05-27 05:02:02.334: [INFO][Sync] Stopped: Saved Tab Group
2026-05-27 05:02:02.334: [INFO][Sync] Stopped: WebAuthn Credentials
2026-05-27 05:02:02.334: [INFO][Sync] Stopped: Collection
2026-05-27 05:02:02.334: [INFO][Sync] Stopped: Edge E Drop
2026-05-27 05:02:02.334: [INFO][Sync] Stopped: Edge Hub App Usage
2026-05-27 05:02:02.334: [INFO][Sync] Stopped: Edge Wallet
2026-05-27 05:02:02.334: [INFO][Sync] Stopped: Edge Workspace
2026-05-27 05:02:03.919: [INFO][Sync] Reset engine, reason: 0
2026-05-27 06:47:08.291: [INFO][Sync] Reset engine, reason: 8
2026-05-27 06:47:08.291: [INFO][Sync] Stopped: Bookmarks
2026-05-27 06:47:08.291: [INFO][Sync] Stopped: Preferences
2026-05-27 06:47:08.291: [INFO][Sync] Stopped: Passwords
2026-05-27 06:47:08.291: [INFO][Sync] Stopped: Autofill Profiles
2026-05-27 06:47:08.291: [INFO][Sync] Stopped: Autofill
2026-05-27 06:47:08.291: [INFO][Sync] Stopped: Extensions
2026-05-27 06:47:08.291: [INFO][Sync] Stopped: Sessions
2026-05-27 06:47:08.291: [INFO][Sync] Stopped: Extension settings
2026-05-27 06:47:08.291: [INFO][Sync] Stopped: History Delete Directives
2026-05-27 06:47:08.291: [INFO][Sync] Stopped: Device Info
2026-05-27 06:47:08.291: [INFO][Sync] Stopped: User Consents
2026-05-27 06:47:08.291: [INFO][Sync] Stopped: Send Tab To Self
2026-05-27 06:47:08.291: [INFO][Sync] Stopped: Web Apps
2026-05-27 06:47:08.291: [INFO][Sync] Stopped: History
2026-05-27 06:47:08.291: [INFO][Sync] Stopped: Saved Tab Group
2026-05-27 06:47:08.291: [INFO][Sync] Stopped: WebAuthn Credentials
2026-05-27 06:47:08.291: [INFO][Sync] Stopped: Collection
2026-05-27 06:47:08.291: [INFO][Sync] Stopped: Edge E Drop
2026-05-27 06:47:08.291: [INFO][Sync] Stopped: Edge Hub App Usage
2026-05-27 06:47:08.291: [INFO][Sync] Stopped: Edge Wallet
2026-05-27 06:47:08.291: [INFO][Sync] Stopped: Edge Workspace
2026-05-27 06:47:08.292: [INFO][Sync] SyncState after authenticated was: NotSignedIn
2026-05-27 06:47:09.066: [INFO][Sync] Reset engine, reason: 8
2026-05-27 06:47:09.066: [INFO][Sync] Stopped: Bookmarks
2026-05-27 06:47:09.066: [INFO][Sync] Stopped: Preferences
2026-05-27 06:47:09.066: [INFO][Sync] Stopped: Passwords
2026-05-27 06:47:09.067: [INFO][Sync] Stopped: Autofill Profiles
2026-05-27 06:47:09.067: [INFO][Sync] Stopped: Autofill
2026-05-27 06:47:09.067: [INFO][Sync] Stopped: Extensions
2026-05-27 06:47:09.067: [INFO][Sync] Stopped: Sessions
2026-05-27 06:47:09.067: [INFO][Sync] Stopped: Extension settings
2026-05-27 06:47:09.067: [INFO][Sync] Stopped: History Delete Directives
2026-05-27 06:47:09.067: [INFO][Sync] Stopped: Device Info
2026-05-27 06:47:09.067: [INFO][Sync] Stopped: User Consents
2026-05-27 06:47:09.067: [INFO][Sync] Stopped: Send Tab To Self
2026-05-27 06:47:09.067: [INFO][Sync] Stopped: Web Apps
2026-05-27 06:47:09.067: [INFO][Sync] Stopped: History
2026-05-27 06:47:09.067: [INFO][Sync] Stopped: Saved Tab Group
2026-05-27 06:47:09.067: [INFO][Sync] Stopped: WebAuthn Credentials
2026-05-27 06:47:09.067: [INFO][Sync] Stopped: Collection
2026-05-27 06:47:09.067: [INFO][Sync] Stopped: Edge E Drop
2026-05-27 06:47:09.067: [INFO][Sync] Stopped: Edge Hub App Usage
2026-05-27 06:47:09.067: [INFO][Sync] Stopped: Edge Wallet
2026-05-27 06:47:09.067: [INFO][Sync] Stopped: Edge Workspace
2026-05-27 08:12:52.683: [INFO][Sync] Reset engine, reason: 0
2026-05-27 08:14:26.810: [INFO][Sync] Reset engine, reason: 8
2026-05-27 08:14:26.810: [INFO][Sync] Stopped: Bookmarks
2026-05-27 08:14:26.810: [INFO][Sync] Stopped: Preferences
2026-05-27 08:14:26.810: [INFO][Sync] Stopped: Passwords
2026-05-27 08:14:26.810: [INFO][Sync] Stopped: Autofill Profiles
2026-05-27 08:14:26.810: [INFO][Sync] Stopped: Autofill
2026-05-27 08:14:26.810: [INFO][Sync] Stopped: Extensions
2026-05-27 08:14:26.810: [INFO][Sync] Stopped: Sessions
2026-05-27 08:14:26.810: [INFO][Sync] Stopped: Extension settings
2026-05-27 08:14:26.810: [INFO][Sync] Stopped: History Delete Directives
2026-05-27 08:14:26.810: [INFO][Sync] Stopped: Device Info
2026-05-27 08:14:26.810: [INFO][Sync] Stopped: User Consents
2026-05-27 08:14:26.810: [INFO][Sync] Stopped: Send Tab To Self
2026-05-27 08:14:26.810: [INFO][Sync] Stopped: Web Apps
2026-05-27 08:14:26.810: [INFO][Sync] Stopped: History
2026-05-27 08:14:26.810: [INFO][Sync] Stopped: Saved Tab Group
2026-05-27 08:14:26.810: [INFO][Sync] Stopped: WebAuthn Credentials
2026-05-27 08:14:26.810: [INFO][Sync] Stopped: Collection
2026-05-27 08:14:26.810: [INFO][Sync] Stopped: Edge E Drop
2026-05-27 08:14:26.810: [INFO][Sync] Stopped: Edge Hub App Usage
2026-05-27 08:14:26.810: [INFO][Sync] Stopped: Edge Wallet
2026-05-27 08:14:26.810: [INFO][Sync] Stopped: Edge Workspace
2026-05-27 08:14:26.811: [INFO][Sync] SyncState after authenticated was: NotSignedIn
2026-05-27 08:14:27.762: [INFO][Sync] Reset engine, reason: 8
2026-05-27 08:14:27.762: [INFO][Sync] Stopped: Bookmarks
2026-05-27 08:14:27.762: [INFO][Sync] Stopped: Preferences
2026-05-27 08:14:27.762: [INFO][Sync] Stopped: Passwords
2026-05-27 08:14:27.762: [INFO][Sync] Stopped: Autofill Profiles
2026-05-27 08:14:27.762: [INFO][Sync] Stopped: Autofill
2026-05-27 08:14:27.762: [INFO][Sync] Stopped: Extensions
2026-05-27 08:14:27.762: [INFO][Sync] Stopped: Sessions
2026-05-27 08:14:27.762: [INFO][Sync] Stopped: Extension settings
2026-05-27 08:14:27.762: [INFO][Sync] Stopped: History Delete Directives
2026-05-27 08:14:27.762: [INFO][Sync] Stopped: Device Info
2026-05-27 08:14:27.762: [INFO][Sync] Stopped: User Consents
2026-05-27 08:14:27.762: [INFO][Sync] Stopped: Send Tab To Self
2026-05-27 08:14:27.762: [INFO][Sync] Stopped: Web Apps
2026-05-27 08:14:27.762: [INFO][Sync] Stopped: History
2026-05-27 08:14:27.762: [INFO][Sync] Stopped: Saved Tab Group
2026-05-27 08:14:27.762: [INFO][Sync] Stopped: WebAuthn Credentials
2026-05-27 08:14:27.762: [INFO][Sync] Stopped: Collection
2026-05-27 08:14:27.762: [INFO][Sync] Stopped: Edge E Drop
2026-05-27 08:14:27.762: [INFO][Sync] Stopped: Edge Hub App Usage
2026-05-27 08:14:27.762: [INFO][Sync] Stopped: Edge Wallet
2026-05-27 08:14:27.762: [INFO][Sync] Stopped: Edge Workspace
2026-05-27 08:14:29.998: [INFO][Sync] Reset engine, reason: 0
2026-05-27 08:59:43.234: [INFO][Sync] Reset engine, reason: 8
2026-05-27 08:59:43.234: [INFO][Sync] Stopped: Bookmarks
2026-05-27 08:59:43.235: [INFO][Sync] Stopped: Preferences
2026-05-27 08:59:43.235: [INFO][Sync] Stopped: Passwords
2026-05-27 08:59:43.235: [INFO][Sync] Stopped: Autofill Profiles
2026-05-27 08:59:43.235: [INFO][Sync] Stopped: Autofill
2026-05-27 08:59:43.235: [INFO][Sync] Stopped: Extensions
2026-05-27 08:59:43.235: [INFO][Sync] Stopped: Sessions
2026-05-27 08:59:43.235: [INFO][Sync] Stopped: Extension settings
2026-05-27 08:59:43.235: [INFO][Sync] Stopped: History Delete Directives
2026-05-27 08:59:43.235: [INFO][Sync] Stopped: Device Info
2026-05-27 08:59:43.235: [INFO][Sync] Stopped: User Consents
2026-05-27 08:59:43.235: [INFO][Sync] Stopped: Send Tab To Self
2026-05-27 08:59:43.235: [INFO][Sync] Stopped: Web Apps
2026-05-27 08:59:43.235: [INFO][Sync] Stopped: History
2026-05-27 08:59:43.235: [INFO][Sync] Stopped: Saved Tab Group
2026-05-27 08:59:43.235: [INFO][Sync] Stopped: WebAuthn Credentials
2026-05-27 08:59:43.235: [INFO][Sync] Stopped: Collection
2026-05-27 08:59:43.235: [INFO][Sync] Stopped: Edge E Drop
2026-05-27 08:59:43.235: [INFO][Sync] Stopped: Edge Hub App Usage
2026-05-27 08:59:43.235: [INFO][Sync] Stopped: Edge Wallet
2026-05-27 08:59:43.235: [INFO][Sync] Stopped: Edge Workspace
2026-05-27 08:59:43.236: [INFO][Sync] SyncState after authenticated was: NotSignedIn
2026-05-27 08:59:43.640: [INFO][Sync] Reset engine, reason: 8
2026-05-27 08:59:43.640: [INFO][Sync] Stopped: Bookmarks
2026-05-27 08:59:43.640: [INFO][Sync] Stopped: Preferences
2026-05-27 08:59:43.640: [INFO][Sync] Stopped: Passwords
2026-05-27 08:59:43.640: [INFO][Sync] Stopped: Autofill Profiles
2026-05-27 08:59:43.640: [INFO][Sync] Stopped: Autofill
2026-05-27 08:59:43.640: [INFO][Sync] Stopped: Extensions
2026-05-27 08:59:43.640: [INFO][Sync] Stopped: Sessions
2026-05-27 08:59:43.640: [INFO][Sync] Stopped: Extension settings
2026-05-27 08:59:43.640: [INFO][Sync] Stopped: History Delete Directives
2026-05-27 08:59:43.640: [INFO][Sync] Stopped: Device Info
2026-05-27 08:59:43.640: [INFO][Sync] Stopped: User Consents
2026-05-27 08:59:43.640: [INFO][Sync] Stopped: Send Tab To Self
2026-05-27 08:59:43.640: [INFO][Sync] Stopped: Web Apps
2026-05-27 08:59:43.640: [INFO][Sync] Stopped: History
2026-05-27 08:59:43.640: [INFO][Sync] Stopped: Saved Tab Group
2026-05-27 08:59:43.640: [INFO][Sync] Stopped: WebAuthn Credentials
2026-05-27 08:59:43.640: [INFO][Sync] Stopped: Collection
2026-05-27 08:59:43.640: [INFO][Sync] Stopped: Edge E Drop
2026-05-27 08:59:43.640: [INFO][Sync] Stopped: Edge Hub App Usage
2026-05-27 08:59:43.640: [INFO][Sync] Stopped: Edge Wallet
2026-05-27 08:59:43.640: [INFO][Sync] Stopped: Edge Workspace
2026-05-27 08:59:45.965: [INFO][Sync] Reset engine, reason: 0
2026-05-27 08:59:47.376: [INFO][Sync] Reset engine, reason: 8
2026-05-27 08:59:47.376: [INFO][Sync] Stopped: Bookmarks
2026-05-27 08:59:47.376: [INFO][Sync] Stopped: Preferences
2026-05-27 08:59:47.376: [INFO][Sync] Stopped: Passwords
2026-05-27 08:59:47.376: [INFO][Sync] Stopped: Autofill Profiles
2026-05-27 08:59:47.376: [INFO][Sync] Stopped: Autofill
2026-05-27 08:59:47.376: [INFO][Sync] Stopped: Extensions
2026-05-27 08:59:47.376: [INFO][Sync] Stopped: Sessions
2026-05-27 08:59:47.376: [INFO][Sync] Stopped: Extension settings
2026-05-27 08:59:47.376: [INFO][Sync] Stopped: History Delete Directives
2026-05-27 08:59:47.376: [INFO][Sync] Stopped: Device Info
2026-05-27 08:59:47.376: [INFO][Sync] Stopped: User Consents
2026-05-27 08:59:47.376: [INFO][Sync] Stopped: Send Tab To Self
2026-05-27 08:59:47.376: [INFO][Sync] Stopped: Web Apps
2026-05-27 08:59:47.376: [INFO][Sync] Stopped: History
2026-05-27 08:59:47.376: [INFO][Sync] Stopped: Saved Tab Group
2026-05-27 08:59:47.376: [INFO][Sync] Stopped: WebAuthn Credentials
2026-05-27 08:59:47.376: [INFO][Sync] Stopped: Collection
2026-05-27 08:59:47.376: [INFO][Sync] Stopped: Edge E Drop
2026-05-27 08:59:47.376: [INFO][Sync] Stopped: Edge Hub App Usage
2026-05-27 08:59:47.376: [INFO][Sync] Stopped: Edge Wallet
2026-05-27 08:59:47.376: [INFO][Sync] Stopped: Edge Workspace
2026-05-27 08:59:47.376: [INFO][Sync] SyncState after authenticated was: NotSignedIn
2026-05-27 08:59:47.763: [INFO][Sync] Reset engine, reason: 8
2026-05-27 08:59:47.763: [INFO][Sync] Stopped: Bookmarks
2026-05-27 08:59:47.763: [INFO][Sync] Stopped: Preferences
2026-05-27 08:59:47.763: [INFO][Sync] Stopped: Passwords
2026-05-27 08:59:47.763: [INFO][Sync] Stopped: Autofill Profiles
2026-05-27 08:59:47.763: [INFO][Sync] Stopped: Autofill
2026-05-27 08:59:47.763: [INFO][Sync] Stopped: Extensions
2026-05-27 08:59:47.763: [INFO][Sync] Stopped: Sessions
2026-05-27 08:59:47.763: [INFO][Sync] Stopped: Extension settings
2026-05-27 08:59:47.763: [INFO][Sync] Stopped: History Delete Directives
2026-05-27 08:59:47.763: [INFO][Sync] Stopped: Device Info
2026-05-27 08:59:47.763: [INFO][Sync] Stopped: User Consents
2026-05-27 08:59:47.763: [INFO][Sync] Stopped: Send Tab To Self
2026-05-27 08:59:47.763: [INFO][Sync] Stopped: Web Apps
2026-05-27 08:59:47.763: [INFO][Sync] Stopped: History
2026-05-27 08:59:47.763: [INFO][Sync] Stopped: Saved Tab Group
2026-05-27 08:59:47.763: [INFO][Sync] Stopped: WebAuthn Credentials
2026-05-27 08:59:47.763: [INFO][Sync] Stopped: Collection
2026-05-27 08:59:47.763: [INFO][Sync] Stopped: Edge E Drop
2026-05-27 08:59:47.763: [INFO][Sync] Stopped: Edge Hub App Usage
2026-05-27 08:59:47.763: [INFO][Sync] Stopped: Edge Wallet
2026-05-27 08:59:47.763: [INFO][Sync] Stopped: Edge Workspace
2026-05-27 09:46:28.611: [INFO][Sync] Reset engine, reason: 0
2026-05-27 09:47:22.923: [INFO][Sync] Reset engine, reason: 8
2026-05-27 09:47:22.923: [INFO][Sync] Stopped: Bookmarks
2026-05-27 09:47:22.923: [INFO][Sync] Stopped: Preferences
2026-05-27 09:47:22.923: [INFO][Sync] Stopped: Passwords
2026-05-27 09:47:22.923: [INFO][Sync] Stopped: Autofill Profiles
2026-05-27 09:47:22.923: [INFO][Sync] Stopped: Autofill
2026-05-27 09:47:22.923: [INFO][Sync] Stopped: Extensions
2026-05-27 09:47:22.923: [INFO][Sync] Stopped: Sessions
2026-05-27 09:47:22.923: [INFO][Sync] Stopped: Extension settings
2026-05-27 09:47:22.923: [INFO][Sync] Stopped: History Delete Directives
2026-05-27 09:47:22.923: [INFO][Sync] Stopped: Device Info
2026-05-27 09:47:22.923: [INFO][Sync] Stopped: User Consents
2026-05-27 09:47:22.923: [INFO][Sync] Stopped: Send Tab To Self
2026-05-27 09:47:22.923: [INFO][Sync] Stopped: Web Apps
2026-05-27 09:47:22.923: [INFO][Sync] Stopped: History
2026-05-27 09:47:22.923: [INFO][Sync] Stopped: Saved Tab Group
2026-05-27 09:47:22.923: [INFO][Sync] Stopped: WebAuthn Credentials
2026-05-27 09:47:22.923: [INFO][Sync] Stopped: Collection
2026-05-27 09:47:22.923: [INFO][Sync] Stopped: Edge E Drop
2026-05-27 09:47:22.923: [INFO][Sync] Stopped: Edge Hub App Usage
2026-05-27 09:47:22.923: [INFO][Sync] Stopped: Edge Wallet
2026-05-27 09:47:22.923: [INFO][Sync] Stopped: Edge Workspace
2026-05-27 09:47:22.924: [INFO][Sync] SyncState after authenticated was: NotSignedIn
2026-05-27 09:47:26.799: [INFO][Sync] Reset engine, reason: 8
2026-05-27 09:47:26.799: [INFO][Sync] Stopped: Bookmarks
2026-05-27 09:47:26.799: [INFO][Sync] Stopped: Preferences
2026-05-27 09:47:26.799: [INFO][Sync] Stopped: Passwords
2026-05-27 09:47:26.799: [INFO][Sync] Stopped: Autofill Profiles
2026-05-27 09:47:26.799: [INFO][Sync] Stopped: Autofill
2026-05-27 09:47:26.799: [INFO][Sync] Stopped: Extensions
2026-05-27 09:47:26.799: [INFO][Sync] Stopped: Sessions
2026-05-27 09:47:26.799: [INFO][Sync] Stopped: Extension settings
2026-05-27 09:47:26.799: [INFO][Sync] Stopped: History Delete Directives
2026-05-27 09:47:26.799: [INFO][Sync] Stopped: Device Info
2026-05-27 09:47:26.799: [INFO][Sync] Stopped: User Consents
2026-05-27 09:47:26.799: [INFO][Sync] Stopped: Send Tab To Self
2026-05-27 09:47:26.799: [INFO][Sync] Stopped: Web Apps
2026-05-27 09:47:26.799: [INFO][Sync] Stopped: History
2026-05-27 09:47:26.799: [INFO][Sync] Stopped: Saved Tab Group
2026-05-27 09:47:26.799: [INFO][Sync] Stopped: WebAuthn Credentials
2026-05-27 09:47:26.799: [INFO][Sync] Stopped: Collection
2026-05-27 09:47:26.799: [INFO][Sync] Stopped: Edge E Drop
2026-05-27 09:47:26.799: [INFO][Sync] Stopped: Edge Hub App Usage
2026-05-27 09:47:26.799: [INFO][Sync] Stopped: Edge Wallet
2026-05-27 09:47:26.799: [INFO][Sync] Stopped: Edge Workspace
2026-05-27 11:22:13.861: [INFO][Sync] Reset engine, reason: 0
2026-05-27 11:24:27.605: [INFO][Sync] Reset engine, reason: 8
2026-05-27 11:24:27.605: [INFO][Sync] Stopped: Bookmarks
2026-05-27 11:24:27.605: [INFO][Sync] Stopped: Preferences
2026-05-27 11:24:27.606: [INFO][Sync] Stopped: Passwords
2026-05-27 11:24:27.606: [INFO][Sync] Stopped: Autofill Profiles
2026-05-27 11:24:27.606: [INFO][Sync] Stopped: Autofill
2026-05-27 11:24:27.606: [INFO][Sync] Stopped: Extensions
2026-05-27 11:24:27.606: [INFO][Sync] Stopped: Sessions
2026-05-27 11:24:27.606: [INFO][Sync] Stopped: Extension settings
2026-05-27 11:24:27.606: [INFO][Sync] Stopped: History Delete Directives
2026-05-27 11:24:27.606: [INFO][Sync] Stopped: Device Info
2026-05-27 11:24:27.606: [INFO][Sync] Stopped: User Consents
2026-05-27 11:24:27.606: [INFO][Sync] Stopped: Send Tab To Self
2026-05-27 11:24:27.606: [INFO][Sync] Stopped: Web Apps
2026-05-27 11:24:27.606: [INFO][Sync] Stopped: History
2026-05-27 11:24:27.606: [INFO][Sync] Stopped: Saved Tab Group
2026-05-27 11:24:27.606: [INFO][Sync] Stopped: WebAuthn Credentials
2026-05-27 11:24:27.606: [INFO][Sync] Stopped: Collection
2026-05-27 11:24:27.606: [INFO][Sync] Stopped: Edge E Drop
2026-05-27 11:24:27.606: [INFO][Sync] Stopped: Edge Hub App Usage
2026-05-27 11:24:27.606: [INFO][Sync] Stopped: Edge Wallet
2026-05-27 11:24:27.606: [INFO][Sync] Stopped: Edge Workspace
2026-05-27 11:24:27.606: [INFO][Sync] SyncState after authenticated was: NotSignedIn
2026-05-27 11:24:30.570: [INFO][Sync] Reset engine, reason: 8
2026-05-27 11:24:30.570: [INFO][Sync] Stopped: Bookmarks
2026-05-27 11:24:30.570: [INFO][Sync] Stopped: Preferences
2026-05-27 11:24:30.570: [INFO][Sync] Stopped: Passwords
2026-05-27 11:24:30.570: [INFO][Sync] Stopped: Autofill Profiles
2026-05-27 11:24:30.570: [INFO][Sync] Stopped: Autofill
2026-05-27 11:24:30.570: [INFO][Sync] Stopped: Extensions
2026-05-27 11:24:30.570: [INFO][Sync] Stopped: Sessions
2026-05-27 11:24:30.570: [INFO][Sync] Stopped: Extension settings
2026-05-27 11:24:30.570: [INFO][Sync] Stopped: History Delete Directives
2026-05-27 11:24:30.570: [INFO][Sync] Stopped: Device Info
2026-05-27 11:24:30.570: [INFO][Sync] Stopped: User Consents
2026-05-27 11:24:30.570: [INFO][Sync] Stopped: Send Tab To Self
2026-05-27 11:24:30.570: [INFO][Sync] Stopped: Web Apps
2026-05-27 11:24:30.570: [INFO][Sync] Stopped: History
2026-05-27 11:24:30.570: [INFO][Sync] Stopped: Saved Tab Group
2026-05-27 11:24:30.570: [INFO][Sync] Stopped: WebAuthn Credentials
2026-05-27 11:24:30.570: [INFO][Sync] Stopped: Collection
2026-05-27 11:24:30.570: [INFO][Sync] Stopped: Edge E Drop
2026-05-27 11:24:30.570: [INFO][Sync] Stopped: Edge Hub App Usage
2026-05-27 11:24:30.570: [INFO][Sync] Stopped: Edge Wallet
2026-05-27 11:24:30.570: [INFO][Sync] Stopped: Edge Workspace
2026-05-27 18:31:10.018: [INFO][Sync] Reset engine, reason: 8
2026-05-27 18:31:10.019: [INFO][Sync] Stopped: Bookmarks
2026-05-27 18:31:10.019: [INFO][Sync] Stopped: Preferences
2026-05-27 18:31:10.019: [INFO][Sync] Stopped: Passwords
2026-05-27 18:31:10.019: [INFO][Sync] Stopped: Autofill Profiles
2026-05-27 18:31:10.019: [INFO][Sync] Stopped: Autofill
2026-05-27 18:31:10.019: [INFO][Sync] Stopped: Extensions
2026-05-27 18:31:10.019: [INFO][Sync] Stopped: Sessions
2026-05-27 18:31:10.019: [INFO][Sync] Stopped: Extension settings
2026-05-27 18:31:10.019: [INFO][Sync] Stopped: History Delete Directives
2026-05-27 18:31:10.019: [INFO][Sync] Stopped: Device Info
2026-05-27 18:31:10.019: [INFO][Sync] Stopped: User Consents
2026-05-27 18:31:10.019: [INFO][Sync] Stopped: Send Tab To Self
2026-05-27 18:31:10.019: [INFO][Sync] Stopped: Web Apps
2026-05-27 18:31:10.019: [INFO][Sync] Stopped: History
2026-05-27 18:31:10.019: [INFO][Sync] Stopped: Saved Tab Group
2026-05-27 18:31:10.019: [INFO][Sync] Stopped: WebAuthn Credentials
2026-05-27 18:31:10.019: [INFO][Sync] Stopped: Collection
2026-05-27 18:31:10.019: [INFO][Sync] Stopped: Edge E Drop
2026-05-27 18:31:10.019: [INFO][Sync] Stopped: Edge Hub App Usage
2026-05-27 18:31:10.019: [INFO][Sync] Stopped: Edge Wallet
2026-05-27 18:31:10.019: [INFO][Sync] Stopped: Edge Workspace
2026-05-27 18:31:10.019: [INFO][Sync] SyncState after authenticated was: NotSignedIn
2026-05-27 18:31:10.838: [INFO][Sync] Reset engine, reason: 8
2026-05-27 18:31:10.838: [INFO][Sync] Stopped: Bookmarks
2026-05-27 18:31:10.838: [INFO][Sync] Stopped: Preferences
2026-05-27 18:31:10.838: [INFO][Sync] Stopped: Passwords
2026-05-27 18:31:10.838: [INFO][Sync] Stopped: Autofill Profiles
2026-05-27 18:31:10.838: [INFO][Sync] Stopped: Autofill
2026-05-27 18:31:10.838: [INFO][Sync] Stopped: Extensions
2026-05-27 18:31:10.838: [INFO][Sync] Stopped: Sessions
2026-05-27 18:31:10.838: [INFO][Sync] Stopped: Extension settings
2026-05-27 18:31:10.838: [INFO][Sync] Stopped: History Delete Directives
2026-05-27 18:31:10.838: [INFO][Sync] Stopped: Device Info
2026-05-27 18:31:10.838: [INFO][Sync] Stopped: User Consents
2026-05-27 18:31:10.838: [INFO][Sync] Stopped: Send Tab To Self
2026-05-27 18:31:10.838: [INFO][Sync] Stopped: Web Apps
2026-05-27 18:31:10.838: [INFO][Sync] Stopped: History
2026-05-27 18:31:10.838: [INFO][Sync] Stopped: Saved Tab Group
2026-05-27 18:31:10.838: [INFO][Sync] Stopped: WebAuthn Credentials
2026-05-27 18:31:10.838: [INFO][Sync] Stopped: Collection
2026-05-27 18:31:10.839: [INFO][Sync] Stopped: Edge E Drop
2026-05-27 18:31:10.839: [INFO][Sync] Stopped: Edge Hub App Usage
2026-05-27 18:31:10.839: [INFO][Sync] Stopped: Edge Wallet
2026-05-27 18:31:10.839: [INFO][Sync] Stopped: Edge Workspace
2026-05-27 18:38:55.409: [INFO][Sync] Reset engine, reason: 0
2026-05-27 18:38:57.688: [INFO][Sync] Reset engine, reason: 8
2026-05-27 18:38:57.688: [INFO][Sync] Stopped: Bookmarks
2026-05-27 18:38:57.688: [INFO][Sync] Stopped: Preferences
2026-05-27 18:38:57.688: [INFO][Sync] Stopped: Passwords
2026-05-27 18:38:57.688: [INFO][Sync] Stopped: Autofill Profiles
2026-05-27 18:38:57.688: [INFO][Sync] Stopped: Autofill
2026-05-27 18:38:57.688: [INFO][Sync] Stopped: Extensions
2026-05-27 18:38:57.688: [INFO][Sync] Stopped: Sessions
2026-05-27 18:38:57.688: [INFO][Sync] Stopped: Extension settings
2026-05-27 18:38:57.688: [INFO][Sync] Stopped: History Delete Directives
2026-05-27 18:38:57.688: [INFO][Sync] Stopped: Device Info
2026-05-27 18:38:57.688: [INFO][Sync] Stopped: User Consents
2026-05-27 18:38:57.688: [INFO][Sync] Stopped: Send Tab To Self
2026-05-27 18:38:57.688: [INFO][Sync] Stopped: Web Apps
2026-05-27 18:38:57.688: [INFO][Sync] Stopped: History
2026-05-27 18:38:57.688: [INFO][Sync] Stopped: Saved Tab Group
2026-05-27 18:38:57.688: [INFO][Sync] Stopped: WebAuthn Credentials
2026-05-27 18:38:57.688: [INFO][Sync] Stopped: Collection
2026-05-27 18:38:57.689: [INFO][Sync] Stopped: Edge E Drop
2026-05-27 18:38:57.689: [INFO][Sync] Stopped: Edge Hub App Usage
2026-05-27 18:38:57.689: [INFO][Sync] Stopped: Edge Wallet
2026-05-27 18:38:57.689: [INFO][Sync] Stopped: Edge Workspace
2026-05-27 18:38:57.689: [INFO][Sync] SyncState after authenticated was: NotSignedIn
2026-05-27 18:39:03.674: [INFO][Sync] Reset engine, reason: 8
2026-05-27 18:39:03.674: [INFO][Sync] Stopped: Bookmarks
2026-05-27 18:39:03.674: [INFO][Sync] Stopped: Preferences
2026-05-27 18:39:03.674: [INFO][Sync] Stopped: Passwords
2026-05-27 18:39:03.674: [INFO][Sync] Stopped: Autofill Profiles
2026-05-27 18:39:03.674: [INFO][Sync] Stopped: Autofill
2026-05-27 18:39:03.674: [INFO][Sync] Stopped: Extensions
2026-05-27 18:39:03.674: [INFO][Sync] Stopped: Sessions
2026-05-27 18:39:03.674: [INFO][Sync] Stopped: Extension settings
2026-05-27 18:39:03.674: [INFO][Sync] Stopped: History Delete Directives
2026-05-27 18:39:03.674: [INFO][Sync] Stopped: Device Info
2026-05-27 18:39:03.674: [INFO][Sync] Stopped: User Consents
2026-05-27 18:39:03.674: [INFO][Sync] Stopped: Send Tab To Self
2026-05-27 18:39:03.674: [INFO][Sync] Stopped: Web Apps
2026-05-27 18:39:03.674: [INFO][Sync] Stopped: History
2026-05-27 18:39:03.674: [INFO][Sync] Stopped: Saved Tab Group
2026-05-27 18:39:03.674: [INFO][Sync] Stopped: WebAuthn Credentials
2026-05-27 18:39:03.674: [INFO][Sync] Stopped: Collection
2026-05-27 18:39:03.674: [INFO][Sync] Stopped: Edge E Drop
2026-05-27 18:39:03.674: [INFO][Sync] Stopped: Edge Hub App Usage
2026-05-27 18:39:03.674: [INFO][Sync] Stopped: Edge Wallet
2026-05-27 18:39:03.674: [INFO][Sync] Stopped: Edge Workspace
2026-05-27 21:50:46.777: [INFO][Sync] Reset engine, reason: 0
2026-05-28 05:02:08.136: [INFO][Sync] Reset engine, reason: 8
2026-05-28 05:02:08.136: [INFO][Sync] Stopped: Bookmarks
2026-05-28 05:02:08.136: [INFO][Sync] Stopped: Preferences
2026-05-28 05:02:08.136: [INFO][Sync] Stopped: Passwords
2026-05-28 05:02:08.136: [INFO][Sync] Stopped: Autofill Profiles
2026-05-28 05:02:08.136: [INFO][Sync] Stopped: Autofill
2026-05-28 05:02:08.136: [INFO][Sync] Stopped: Extensions
2026-05-28 05:02:08.136: [INFO][Sync] Stopped: Sessions
2026-05-28 05:02:08.136: [INFO][Sync] Stopped: Extension settings
2026-05-28 05:02:08.136: [INFO][Sync] Stopped: History Delete Directives
2026-05-28 05:02:08.136: [INFO][Sync] Stopped: Device Info
2026-05-28 05:02:08.136: [INFO][Sync] Stopped: User Consents
2026-05-28 05:02:08.136: [INFO][Sync] Stopped: Send Tab To Self
2026-05-28 05:02:08.136: [INFO][Sync] Stopped: Web Apps
2026-05-28 05:02:08.136: [INFO][Sync] Stopped: History
2026-05-28 05:02:08.136: [INFO][Sync] Stopped: Saved Tab Group
2026-05-28 05:02:08.136: [INFO][Sync] Stopped: WebAuthn Credentials
2026-05-28 05:02:08.136: [INFO][Sync] Stopped: Collection
2026-05-28 05:02:08.136: [INFO][Sync] Stopped: Edge E Drop
2026-05-28 05:02:08.136: [INFO][Sync] Stopped: Edge Hub App Usage
2026-05-28 05:02:08.136: [INFO][Sync] Stopped: Edge Wallet
2026-05-28 05:02:08.136: [INFO][Sync] Stopped: Edge Workspace
2026-05-28 05:02:08.136: [INFO][Sync] SyncState after authenticated was: NotSignedIn
2026-05-28 05:02:08.791: [INFO][Sync] Reset engine, reason: 8
2026-05-28 05:02:08.791: [INFO][Sync] Stopped: Bookmarks
2026-05-28 05:02:08.791: [INFO][Sync] Stopped: Preferences
2026-05-28 05:02:08.791: [INFO][Sync] Stopped: Passwords
2026-05-28 05:02:08.791: [INFO][Sync] Stopped: Autofill Profiles
2026-05-28 05:02:08.791: [INFO][Sync] Stopped: Autofill
2026-05-28 05:02:08.791: [INFO][Sync] Stopped: Extensions
2026-05-28 05:02:08.791: [INFO][Sync] Stopped: Sessions
2026-05-28 05:02:08.791: [INFO][Sync] Stopped: Extension settings
2026-05-28 05:02:08.791: [INFO][Sync] Stopped: History Delete Directives
2026-05-28 05:02:08.791: [INFO][Sync] Stopped: Device Info
2026-05-28 05:02:08.791: [INFO][Sync] Stopped: User Consents
2026-05-28 05:02:08.791: [INFO][Sync] Stopped: Send Tab To Self
2026-05-28 05:02:08.791: [INFO][Sync] Stopped: Web Apps
2026-05-28 05:02:08.791: [INFO][Sync] Stopped: History
2026-05-28 05:02:08.791: [INFO][Sync] Stopped: Saved Tab Group
2026-05-28 05:02:08.791: [INFO][Sync] Stopped: WebAuthn Credentials
2026-05-28 05:02:08.791: [INFO][Sync] Stopped: Collection
2026-05-28 05:02:08.791: [INFO][Sync] Stopped: Edge E Drop
2026-05-28 05:02:08.791: [INFO][Sync] Stopped: Edge Hub App Usage
2026-05-28 05:02:08.791: [INFO][Sync] Stopped: Edge Wallet
2026-05-28 05:02:08.791: [INFO][Sync] Stopped: Edge Workspace
2026-05-28 05:02:11.722: [INFO][Sync] Reset engine, reason: 0
2026-05-28 21:32:55.086: [INFO][Sync] Reset engine, reason: 8
2026-05-28 21:32:55.086: [INFO][Sync] Stopped: Bookmarks
2026-05-28 21:32:55.086: [INFO][Sync] Stopped: Preferences
2026-05-28 21:32:55.086: [INFO][Sync] Stopped: Passwords
2026-05-28 21:32:55.086: [INFO][Sync] Stopped: Autofill Profiles
2026-05-28 21:32:55.086: [INFO][Sync] Stopped: Autofill
2026-05-28 21:32:55.086: [INFO][Sync] Stopped: Extensions
2026-05-28 21:32:55.086: [INFO][Sync] Stopped: Sessions
2026-05-28 21:32:55.086: [INFO][Sync] Stopped: Extension settings
2026-05-28 21:32:55.086: [INFO][Sync] Stopped: History Delete Directives
2026-05-28 21:32:55.086: [INFO][Sync] Stopped: Device Info
2026-05-28 21:32:55.086: [INFO][Sync] Stopped: User Consents
2026-05-28 21:32:55.086: [INFO][Sync] Stopped: Send Tab To Self
2026-05-28 21:32:55.086: [INFO][Sync] Stopped: Web Apps
2026-05-28 21:32:55.086: [INFO][Sync] Stopped: History
2026-05-28 21:32:55.086: [INFO][Sync] Stopped: Saved Tab Group
2026-05-28 21:32:55.086: [INFO][Sync] Stopped: WebAuthn Credentials
2026-05-28 21:32:55.086: [INFO][Sync] Stopped: Collection
2026-05-28 21:32:55.086: [INFO][Sync] Stopped: Edge E Drop
2026-05-28 21:32:55.086: [INFO][Sync] Stopped: Edge Hub App Usage
2026-05-28 21:32:55.086: [INFO][Sync] Stopped: Edge Wallet
2026-05-28 21:32:55.086: [INFO][Sync] Stopped: Edge Workspace
2026-05-28 21:32:55.087: [INFO][Sync] SyncState after authenticated was: NotSignedIn
2026-05-28 21:32:55.788: [INFO][Sync] Reset engine, reason: 8
2026-05-28 21:32:55.788: [INFO][Sync] Stopped: Bookmarks
2026-05-28 21:32:55.788: [INFO][Sync] Stopped: Preferences
2026-05-28 21:32:55.788: [INFO][Sync] Stopped: Passwords
2026-05-28 21:32:55.788: [INFO][Sync] Stopped: Autofill Profiles
2026-05-28 21:32:55.788: [INFO][Sync] Stopped: Autofill
2026-05-28 21:32:55.788: [INFO][Sync] Stopped: Extensions
2026-05-28 21:32:55.788: [INFO][Sync] Stopped: Sessions
2026-05-28 21:32:55.788: [INFO][Sync] Stopped: Extension settings
2026-05-28 21:32:55.788: [INFO][Sync] Stopped: History Delete Directives
2026-05-28 21:32:55.788: [INFO][Sync] Stopped: Device Info
2026-05-28 21:32:55.788: [INFO][Sync] Stopped: User Consents
2026-05-28 21:32:55.788: [INFO][Sync] Stopped: Send Tab To Self
2026-05-28 21:32:55.788: [INFO][Sync] Stopped: Web Apps
2026-05-28 21:32:55.788: [INFO][Sync] Stopped: History
2026-05-28 21:32:55.788: [INFO][Sync] Stopped: Saved Tab Group
2026-05-28 21:32:55.788: [INFO][Sync] Stopped: WebAuthn Credentials
2026-05-28 21:32:55.788: [INFO][Sync] Stopped: Collection
2026-05-28 21:32:55.788: [INFO][Sync] Stopped: Edge E Drop
2026-05-28 21:32:55.788: [INFO][Sync] Stopped: Edge Hub App Usage
2026-05-28 21:32:55.788: [INFO][Sync] Stopped: Edge Wallet
2026-05-28 21:32:55.788: [INFO][Sync] Stopped: Edge Workspace
2026-05-28 21:43:17.724: [INFO][Sync] Reset engine, reason: 0
2026-05-28 21:51:45.313: [INFO][Sync] Reset engine, reason: 8
2026-05-28 21:51:45.313: [INFO][Sync] Stopped: Bookmarks
2026-05-28 21:51:45.313: [INFO][Sync] Stopped: Preferences
2026-05-28 21:51:45.313: [INFO][Sync] Stopped: Passwords
2026-05-28 21:51:45.313: [INFO][Sync] Stopped: Autofill Profiles
2026-05-28 21:51:45.313: [INFO][Sync] Stopped: Autofill
2026-05-28 21:51:45.313: [INFO][Sync] Stopped: Extensions
2026-05-28 21:51:45.313: [INFO][Sync] Stopped: Sessions
2026-05-28 21:51:45.313: [INFO][Sync] Stopped: Extension settings
2026-05-28 21:51:45.313: [INFO][Sync] Stopped: History Delete Directives
2026-05-28 21:51:45.313: [INFO][Sync] Stopped: Device Info
2026-05-28 21:51:45.313: [INFO][Sync] Stopped: User Consents
2026-05-28 21:51:45.313: [INFO][Sync] Stopped: Send Tab To Self
2026-05-28 21:51:45.313: [INFO][Sync] Stopped: Web Apps
2026-05-28 21:51:45.313: [INFO][Sync] Stopped: History
2026-05-28 21:51:45.313: [INFO][Sync] Stopped: Saved Tab Group
2026-05-28 21:51:45.313: [INFO][Sync] Stopped: WebAuthn Credentials
2026-05-28 21:51:45.313: [INFO][Sync] Stopped: Collection
2026-05-28 21:51:45.313: [INFO][Sync] Stopped: Edge E Drop
2026-05-28 21:51:45.313: [INFO][Sync] Stopped: Edge Hub App Usage
2026-05-28 21:51:45.313: [INFO][Sync] Stopped: Edge Wallet
2026-05-28 21:51:45.313: [INFO][Sync] Stopped: Edge Workspace
2026-05-28 21:51:45.313: [INFO][Sync] SyncState after authenticated was: NotSignedIn
2026-05-28 21:51:45.896: [INFO][Sync] Reset engine, reason: 8
2026-05-28 21:51:45.896: [INFO][Sync] Stopped: Bookmarks
2026-05-28 21:51:45.896: [INFO][Sync] Stopped: Preferences
2026-05-28 21:51:45.896: [INFO][Sync] Stopped: Passwords
2026-05-28 21:51:45.896: [INFO][Sync] Stopped: Autofill Profiles
2026-05-28 21:51:45.896: [INFO][Sync] Stopped: Autofill
2026-05-28 21:51:45.896: [INFO][Sync] Stopped: Extensions
2026-05-28 21:51:45.896: [INFO][Sync] Stopped: Sessions
2026-05-28 21:51:45.896: [INFO][Sync] Stopped: Extension settings
2026-05-28 21:51:45.896: [INFO][Sync] Stopped: History Delete Directives
2026-05-28 21:51:45.896: [INFO][Sync] Stopped: Device Info
2026-05-28 21:51:45.896: [INFO][Sync] Stopped: User Consents
2026-05-28 21:51:45.896: [INFO][Sync] Stopped: Send Tab To Self
2026-05-28 21:51:45.896: [INFO][Sync] Stopped: Web Apps
2026-05-28 21:51:45.896: [INFO][Sync] Stopped: History
2026-05-28 21:51:45.896: [INFO][Sync] Stopped: Saved Tab Group
2026-05-28 21:51:45.896: [INFO][Sync] Stopped: WebAuthn Credentials
2026-05-28 21:51:45.896: [INFO][Sync] Stopped: Collection
2026-05-28 21:51:45.896: [INFO][Sync] Stopped: Edge E Drop
2026-05-28 21:51:45.896: [INFO][Sync] Stopped: Edge Hub App Usage
2026-05-28 21:51:45.896: [INFO][Sync] Stopped: Edge Wallet
2026-05-28 21:51:45.896: [INFO][Sync] Stopped: Edge Workspace
2026-05-28 22:54:03.818: [INFO][Sync] Reset engine, reason: 0
2026-05-28 23:01:07.283: [INFO][Sync] Reset engine, reason: 8
2026-05-28 23:01:07.283: [INFO][Sync] Stopped: Bookmarks
2026-05-28 23:01:07.283: [INFO][Sync] Stopped: Preferences
2026-05-28 23:01:07.284: [INFO][Sync] Stopped: Passwords
2026-05-28 23:01:07.284: [INFO][Sync] Stopped: Autofill Profiles
2026-05-28 23:01:07.284: [INFO][Sync] Stopped: Autofill
2026-05-28 23:01:07.284: [INFO][Sync] Stopped: Extensions
2026-05-28 23:01:07.284: [INFO][Sync] Stopped: Sessions
2026-05-28 23:01:07.284: [INFO][Sync] Stopped: Extension settings
2026-05-28 23:01:07.284: [INFO][Sync] Stopped: History Delete Directives
2026-05-28 23:01:07.284: [INFO][Sync] Stopped: Device Info
2026-05-28 23:01:07.284: [INFO][Sync] Stopped: User Consents
2026-05-28 23:01:07.284: [INFO][Sync] Stopped: Send Tab To Self
2026-05-28 23:01:07.284: [INFO][Sync] Stopped: Web Apps
2026-05-28 23:01:07.284: [INFO][Sync] Stopped: History
2026-05-28 23:01:07.284: [INFO][Sync] Stopped: Saved Tab Group
2026-05-28 23:01:07.284: [INFO][Sync] Stopped: WebAuthn Credentials
2026-05-28 23:01:07.284: [INFO][Sync] Stopped: Collection
2026-05-28 23:01:07.284: [INFO][Sync] Stopped: Edge E Drop
2026-05-28 23:01:07.284: [INFO][Sync] Stopped: Edge Hub App Usage
2026-05-28 23:01:07.284: [INFO][Sync] Stopped: Edge Wallet
2026-05-28 23:01:07.284: [INFO][Sync] Stopped: Edge Workspace
2026-05-28 23:01:07.284: [INFO][Sync] SyncState after authenticated was: NotSignedIn
2026-05-28 23:01:08.751: [INFO][Sync] Reset engine, reason: 8
2026-05-28 23:01:08.751: [INFO][Sync] Stopped: Bookmarks
2026-05-28 23:01:08.751: [INFO][Sync] Stopped: Preferences
2026-05-28 23:01:08.751: [INFO][Sync] Stopped: Passwords
2026-05-28 23:01:08.751: [INFO][Sync] Stopped: Autofill Profiles
2026-05-28 23:01:08.751: [INFO][Sync] Stopped: Autofill
2026-05-28 23:01:08.751: [INFO][Sync] Stopped: Extensions
2026-05-28 23:01:08.751: [INFO][Sync] Stopped: Sessions
2026-05-28 23:01:08.751: [INFO][Sync] Stopped: Extension settings
2026-05-28 23:01:08.751: [INFO][Sync] Stopped: History Delete Directives
2026-05-28 23:01:08.751: [INFO][Sync] Stopped: Device Info
2026-05-28 23:01:08.751: [INFO][Sync] Stopped: User Consents
2026-05-28 23:01:08.751: [INFO][Sync] Stopped: Send Tab To Self
2026-05-28 23:01:08.751: [INFO][Sync] Stopped: Web Apps
2026-05-28 23:01:08.751: [INFO][Sync] Stopped: History
2026-05-28 23:01:08.751: [INFO][Sync] Stopped: Saved Tab Group
2026-05-28 23:01:08.751: [INFO][Sync] Stopped: WebAuthn Credentials
2026-05-28 23:01:08.751: [INFO][Sync] Stopped: Collection
2026-05-28 23:01:08.751: [INFO][Sync] Stopped: Edge E Drop
2026-05-28 23:01:08.751: [INFO][Sync] Stopped: Edge Hub App Usage
2026-05-28 23:01:08.751: [INFO][Sync] Stopped: Edge Wallet
2026-05-28 23:01:08.751: [INFO][Sync] Stopped: Edge Workspace
2026-05-28 23:06:53.457: [INFO][Sync] Reset engine, reason: 0
2026-05-28 23:07:00.099: [INFO][Sync] Reset engine, reason: 8
2026-05-28 23:07:00.099: [INFO][Sync] Stopped: Bookmarks
2026-05-28 23:07:00.099: [INFO][Sync] Stopped: Preferences
2026-05-28 23:07:00.100: [INFO][Sync] Stopped: Passwords
2026-05-28 23:07:00.100: [INFO][Sync] Stopped: Autofill Profiles
2026-05-28 23:07:00.100: [INFO][Sync] Stopped: Autofill
2026-05-28 23:07:00.100: [INFO][Sync] Stopped: Extensions
2026-05-28 23:07:00.100: [INFO][Sync] Stopped: Sessions
2026-05-28 23:07:00.100: [INFO][Sync] Stopped: Extension settings
2026-05-28 23:07:00.100: [INFO][Sync] Stopped: History Delete Directives
2026-05-28 23:07:00.100: [INFO][Sync] Stopped: Device Info
2026-05-28 23:07:00.100: [INFO][Sync] Stopped: User Consents
2026-05-28 23:07:00.100: [INFO][Sync] Stopped: Send Tab To Self
2026-05-28 23:07:00.100: [INFO][Sync] Stopped: Web Apps
2026-05-28 23:07:00.100: [INFO][Sync] Stopped: History
2026-05-28 23:07:00.100: [INFO][Sync] Stopped: Saved Tab Group
2026-05-28 23:07:00.100: [INFO][Sync] Stopped: WebAuthn Credentials
2026-05-28 23:07:00.100: [INFO][Sync] Stopped: Collection
2026-05-28 23:07:00.100: [INFO][Sync] Stopped: Edge E Drop
2026-05-28 23:07:00.100: [INFO][Sync] Stopped: Edge Hub App Usage
2026-05-28 23:07:00.100: [INFO][Sync] Stopped: Edge Wallet
2026-05-28 23:07:00.100: [INFO][Sync] Stopped: Edge Workspace
2026-05-28 23:07:00.100: [INFO][Sync] SyncState after authenticated was: NotSignedIn
2026-05-28 23:07:02.755: [INFO][Sync] Reset engine, reason: 8
2026-05-28 23:07:02.755: [INFO][Sync] Stopped: Bookmarks
2026-05-28 23:07:02.755: [INFO][Sync] Stopped: Preferences
2026-05-28 23:07:02.755: [INFO][Sync] Stopped: Passwords
2026-05-28 23:07:02.755: [INFO][Sync] Stopped: Autofill Profiles
2026-05-28 23:07:02.755: [INFO][Sync] Stopped: Autofill
2026-05-28 23:07:02.755: [INFO][Sync] Stopped: Extensions
2026-05-28 23:07:02.755: [INFO][Sync] Stopped: Sessions
2026-05-28 23:07:02.755: [INFO][Sync] Stopped: Extension settings
2026-05-28 23:07:02.755: [INFO][Sync] Stopped: History Delete Directives
2026-05-28 23:07:02.755: [INFO][Sync] Stopped: Device Info
2026-05-28 23:07:02.755: [INFO][Sync] Stopped: User Consents
2026-05-28 23:07:02.755: [INFO][Sync] Stopped: Send Tab To Self
2026-05-28 23:07:02.756: [INFO][Sync] Stopped: Web Apps
2026-05-28 23:07:02.756: [INFO][Sync] Stopped: History
2026-05-28 23:07:02.756: [INFO][Sync] Stopped: Saved Tab Group
2026-05-28 23:07:02.756: [INFO][Sync] Stopped: WebAuthn Credentials
2026-05-28 23:07:02.756: [INFO][Sync] Stopped: Collection
2026-05-28 23:07:02.756: [INFO][Sync] Stopped: Edge E Drop
2026-05-28 23:07:02.756: [INFO][Sync] Stopped: Edge Hub App Usage
2026-05-28 23:07:02.756: [INFO][Sync] Stopped: Edge Wallet
2026-05-28 23:07:02.756: [INFO][Sync] Stopped: Edge Workspace
2026-05-28 23:27:20.157: [INFO][Sync] Reset engine, reason: 0
2026-05-28 23:27:25.462: [INFO][Sync] Reset engine, reason: 8
2026-05-28 23:27:25.462: [INFO][Sync] Stopped: Bookmarks
2026-05-28 23:27:25.462: [INFO][Sync] Stopped: Preferences
2026-05-28 23:27:25.462: [INFO][Sync] Stopped: Passwords
2026-05-28 23:27:25.462: [INFO][Sync] Stopped: Autofill Profiles
2026-05-28 23:27:25.462: [INFO][Sync] Stopped: Autofill
2026-05-28 23:27:25.462: [INFO][Sync] Stopped: Extensions
2026-05-28 23:27:25.462: [INFO][Sync] Stopped: Sessions
2026-05-28 23:27:25.462: [INFO][Sync] Stopped: Extension settings
2026-05-28 23:27:25.462: [INFO][Sync] Stopped: History Delete Directives
2026-05-28 23:27:25.462: [INFO][Sync] Stopped: Device Info
2026-05-28 23:27:25.462: [INFO][Sync] Stopped: User Consents
2026-05-28 23:27:25.462: [INFO][Sync] Stopped: Send Tab To Self
2026-05-28 23:27:25.462: [INFO][Sync] Stopped: Web Apps
2026-05-28 23:27:25.462: [INFO][Sync] Stopped: History
2026-05-28 23:27:25.462: [INFO][Sync] Stopped: Saved Tab Group
2026-05-28 23:27:25.462: [INFO][Sync] Stopped: WebAuthn Credentials
2026-05-28 23:27:25.462: [INFO][Sync] Stopped: Collection
2026-05-28 23:27:25.462: [INFO][Sync] Stopped: Edge E Drop
2026-05-28 23:27:25.462: [INFO][Sync] Stopped: Edge Hub App Usage
2026-05-28 23:27:25.462: [INFO][Sync] Stopped: Edge Wallet
2026-05-28 23:27:25.462: [INFO][Sync] Stopped: Edge Workspace
2026-05-28 23:27:25.462: [INFO][Sync] SyncState after authenticated was: NotSignedIn
2026-05-28 23:27:27.436: [INFO][Sync] Reset engine, reason: 8
2026-05-28 23:27:27.436: [INFO][Sync] Stopped: Bookmarks
2026-05-28 23:27:27.436: [INFO][Sync] Stopped: Preferences
2026-05-28 23:27:27.436: [INFO][Sync] Stopped: Passwords
2026-05-28 23:27:27.436: [INFO][Sync] Stopped: Autofill Profiles
2026-05-28 23:27:27.436: [INFO][Sync] Stopped: Autofill
2026-05-28 23:27:27.436: [INFO][Sync] Stopped: Extensions
2026-05-28 23:27:27.436: [INFO][Sync] Stopped: Sessions
2026-05-28 23:27:27.436: [INFO][Sync] Stopped: Extension settings
2026-05-28 23:27:27.436: [INFO][Sync] Stopped: History Delete Directives
2026-05-28 23:27:27.436: [INFO][Sync] Stopped: Device Info
2026-05-28 23:27:27.436: [INFO][Sync] Stopped: User Consents
2026-05-28 23:27:27.436: [INFO][Sync] Stopped: Send Tab To Self
2026-05-28 23:27:27.436: [INFO][Sync] Stopped: Web Apps
2026-05-28 23:27:27.436: [INFO][Sync] Stopped: History
2026-05-28 23:27:27.436: [INFO][Sync] Stopped: Saved Tab Group
2026-05-28 23:27:27.436: [INFO][Sync] Stopped: WebAuthn Credentials
2026-05-28 23:27:27.436: [INFO][Sync] Stopped: Collection
2026-05-28 23:27:27.436: [INFO][Sync] Stopped: Edge E Drop
2026-05-28 23:27:27.436: [INFO][Sync] Stopped: Edge Hub App Usage
2026-05-28 23:27:27.436: [INFO][Sync] Stopped: Edge Wallet
2026-05-28 23:27:27.436: [INFO][Sync] Stopped: Edge Workspace
2026-05-28 23:46:36.883: [INFO][Sync] Reset engine, reason: 0
2026-05-28 23:46:41.925: [INFO][Sync] Reset engine, reason: 8
2026-05-28 23:46:41.925: [INFO][Sync] Stopped: Bookmarks
2026-05-28 23:46:41.925: [INFO][Sync] Stopped: Preferences
2026-05-28 23:46:41.925: [INFO][Sync] Stopped: Passwords
2026-05-28 23:46:41.926: [INFO][Sync] Stopped: Autofill Profiles
2026-05-28 23:46:41.926: [INFO][Sync] Stopped: Autofill
2026-05-28 23:46:41.926: [INFO][Sync] Stopped: Extensions
2026-05-28 23:46:41.926: [INFO][Sync] Stopped: Sessions
2026-05-28 23:46:41.926: [INFO][Sync] Stopped: Extension settings
2026-05-28 23:46:41.926: [INFO][Sync] Stopped: History Delete Directives
2026-05-28 23:46:41.926: [INFO][Sync] Stopped: Device Info
2026-05-28 23:46:41.926: [INFO][Sync] Stopped: User Consents
2026-05-28 23:46:41.926: [INFO][Sync] Stopped: Send Tab To Self
2026-05-28 23:46:41.926: [INFO][Sync] Stopped: Web Apps
2026-05-28 23:46:41.926: [INFO][Sync] Stopped: History
2026-05-28 23:46:41.926: [INFO][Sync] Stopped: Saved Tab Group
2026-05-28 23:46:41.926: [INFO][Sync] Stopped: WebAuthn Credentials
2026-05-28 23:46:41.926: [INFO][Sync] Stopped: Collection
2026-05-28 23:46:41.926: [INFO][Sync] Stopped: Edge E Drop
2026-05-28 23:46:41.926: [INFO][Sync] Stopped: Edge Hub App Usage
2026-05-28 23:46:41.926: [INFO][Sync] Stopped: Edge Wallet
2026-05-28 23:46:41.926: [INFO][Sync] Stopped: Edge Workspace
2026-05-28 23:46:41.926: [INFO][Sync] SyncState after authenticated was: NotSignedIn
2026-05-28 23:46:43.874: [INFO][Sync] Reset engine, reason: 8
2026-05-28 23:46:43.874: [INFO][Sync] Stopped: Bookmarks
2026-05-28 23:46:43.874: [INFO][Sync] Stopped: Preferences
2026-05-28 23:46:43.874: [INFO][Sync] Stopped: Passwords
2026-05-28 23:46:43.874: [INFO][Sync] Stopped: Autofill Profiles
2026-05-28 23:46:43.874: [INFO][Sync] Stopped: Autofill
2026-05-28 23:46:43.874: [INFO][Sync] Stopped: Extensions
2026-05-28 23:46:43.874: [INFO][Sync] Stopped: Sessions
2026-05-28 23:46:43.874: [INFO][Sync] Stopped: Extension settings
2026-05-28 23:46:43.874: [INFO][Sync] Stopped: History Delete Directives
2026-05-28 23:46:43.874: [INFO][Sync] Stopped: Device Info
2026-05-28 23:46:43.874: [INFO][Sync] Stopped: User Consents
2026-05-28 23:46:43.874: [INFO][Sync] Stopped: Send Tab To Self
2026-05-28 23:46:43.874: [INFO][Sync] Stopped: Web Apps
2026-05-28 23:46:43.874: [INFO][Sync] Stopped: History
2026-05-28 23:46:43.874: [INFO][Sync] Stopped: Saved Tab Group
2026-05-28 23:46:43.874: [INFO][Sync] Stopped: WebAuthn Credentials
2026-05-28 23:46:43.874: [INFO][Sync] Stopped: Collection
2026-05-28 23:46:43.874: [INFO][Sync] Stopped: Edge E Drop
2026-05-28 23:46:43.874: [INFO][Sync] Stopped: Edge Hub App Usage
2026-05-28 23:46:43.874: [INFO][Sync] Stopped: Edge Wallet
2026-05-28 23:46:43.874: [INFO][Sync] Stopped: Edge Workspace
2026-05-29 00:17:23.597: [INFO][Sync] Reset engine, reason: 0
2026-05-29 00:17:27.507: [INFO][Sync] Reset engine, reason: 8
2026-05-29 00:17:27.507: [INFO][Sync] Stopped: Bookmarks
2026-05-29 00:17:27.507: [INFO][Sync] Stopped: Preferences
2026-05-29 00:17:27.507: [INFO][Sync] Stopped: Passwords
2026-05-29 00:17:27.507: [INFO][Sync] Stopped: Autofill Profiles
2026-05-29 00:17:27.507: [INFO][Sync] Stopped: Autofill
2026-05-29 00:17:27.507: [INFO][Sync] Stopped: Extensions
2026-05-29 00:17:27.507: [INFO][Sync] Stopped: Sessions
2026-05-29 00:17:27.508: [INFO][Sync] Stopped: Extension settings
2026-05-29 00:17:27.508: [INFO][Sync] Stopped: History Delete Directives
2026-05-29 00:17:27.508: [INFO][Sync] Stopped: Device Info
2026-05-29 00:17:27.508: [INFO][Sync] Stopped: User Consents
2026-05-29 00:17:27.508: [INFO][Sync] Stopped: Send Tab To Self
2026-05-29 00:17:27.508: [INFO][Sync] Stopped: Web Apps
2026-05-29 00:17:27.508: [INFO][Sync] Stopped: History
2026-05-29 00:17:27.508: [INFO][Sync] Stopped: Saved Tab Group
2026-05-29 00:17:27.508: [INFO][Sync] Stopped: WebAuthn Credentials
2026-05-29 00:17:27.508: [INFO][Sync] Stopped: Collection
2026-05-29 00:17:27.508: [INFO][Sync] Stopped: Edge E Drop
2026-05-29 00:17:27.508: [INFO][Sync] Stopped: Edge Hub App Usage
2026-05-29 00:17:27.508: [INFO][Sync] Stopped: Edge Wallet
2026-05-29 00:17:27.508: [INFO][Sync] Stopped: Edge Workspace
2026-05-29 00:17:27.508: [INFO][Sync] SyncState after authenticated was: NotSignedIn
2026-05-29 00:17:30.177: [INFO][Sync] Reset engine, reason: 8
2026-05-29 00:17:30.177: [INFO][Sync] Stopped: Bookmarks
2026-05-29 00:17:30.177: [INFO][Sync] Stopped: Preferences
2026-05-29 00:17:30.177: [INFO][Sync] Stopped: Passwords
2026-05-29 00:17:30.177: [INFO][Sync] Stopped: Autofill Profiles
2026-05-29 00:17:30.177: [INFO][Sync] Stopped: Autofill
2026-05-29 00:17:30.177: [INFO][Sync] Stopped: Extensions
2026-05-29 00:17:30.177: [INFO][Sync] Stopped: Sessions
2026-05-29 00:17:30.177: [INFO][Sync] Stopped: Extension settings
2026-05-29 00:17:30.177: [INFO][Sync] Stopped: History Delete Directives
2026-05-29 00:17:30.177: [INFO][Sync] Stopped: Device Info
2026-05-29 00:17:30.177: [INFO][Sync] Stopped: User Consents
2026-05-29 00:17:30.177: [INFO][Sync] Stopped: Send Tab To Self
2026-05-29 00:17:30.177: [INFO][Sync] Stopped: Web Apps
2026-05-29 00:17:30.177: [INFO][Sync] Stopped: History
2026-05-29 00:17:30.177: [INFO][Sync] Stopped: Saved Tab Group
2026-05-29 00:17:30.177: [INFO][Sync] Stopped: WebAuthn Credentials
2026-05-29 00:17:30.177: [INFO][Sync] Stopped: Collection
2026-05-29 00:17:30.177: [INFO][Sync] Stopped: Edge E Drop
2026-05-29 00:17:30.177: [INFO][Sync] Stopped: Edge Hub App Usage
2026-05-29 00:17:30.177: [INFO][Sync] Stopped: Edge Wallet
2026-05-29 00:17:30.177: [INFO][Sync] Stopped: Edge Workspace
2026-05-29 00:39:37.477: [INFO][Sync] Reset engine, reason: 0
2026-05-29 00:39:40.774: [INFO][Sync] Reset engine, reason: 8
2026-05-29 00:39:40.774: [INFO][Sync] Stopped: Bookmarks
2026-05-29 00:39:40.774: [INFO][Sync] Stopped: Preferences
2026-05-29 00:39:40.774: [INFO][Sync] Stopped: Passwords
2026-05-29 00:39:40.774: [INFO][Sync] Stopped: Autofill Profiles
2026-05-29 00:39:40.774: [INFO][Sync] Stopped: Autofill
2026-05-29 00:39:40.774: [INFO][Sync] Stopped: Extensions
2026-05-29 00:39:40.774: [INFO][Sync] Stopped: Sessions
2026-05-29 00:39:40.774: [INFO][Sync] Stopped: Extension settings
2026-05-29 00:39:40.774: [INFO][Sync] Stopped: History Delete Directives
2026-05-29 00:39:40.774: [INFO][Sync] Stopped: Device Info
2026-05-29 00:39:40.774: [INFO][Sync] Stopped: User Consents
2026-05-29 00:39:40.774: [INFO][Sync] Stopped: Send Tab To Self
2026-05-29 00:39:40.774: [INFO][Sync] Stopped: Web Apps
2026-05-29 00:39:40.774: [INFO][Sync] Stopped: History
2026-05-29 00:39:40.774: [INFO][Sync] Stopped: Saved Tab Group
2026-05-29 00:39:40.774: [INFO][Sync] Stopped: WebAuthn Credentials
2026-05-29 00:39:40.774: [INFO][Sync] Stopped: Collection
2026-05-29 00:39:40.774: [INFO][Sync] Stopped: Edge E Drop
2026-05-29 00:39:40.775: [INFO][Sync] Stopped: Edge Hub App Usage
2026-05-29 00:39:40.775: [INFO][Sync] Stopped: Edge Wallet
2026-05-29 00:39:40.775: [INFO][Sync] Stopped: Edge Workspace
2026-05-29 00:39:40.775: [INFO][Sync] SyncState after authenticated was: NotSignedIn
2026-05-29 00:39:42.325: [INFO][Sync] Reset engine, reason: 8
2026-05-29 00:39:42.325: [INFO][Sync] Stopped: Bookmarks
2026-05-29 00:39:42.325: [INFO][Sync] Stopped: Preferences
2026-05-29 00:39:42.325: [INFO][Sync] Stopped: Passwords
2026-05-29 00:39:42.325: [INFO][Sync] Stopped: Autofill Profiles
2026-05-29 00:39:42.325: [INFO][Sync] Stopped: Autofill
2026-05-29 00:39:42.325: [INFO][Sync] Stopped: Extensions
2026-05-29 00:39:42.325: [INFO][Sync] Stopped: Sessions
2026-05-29 00:39:42.325: [INFO][Sync] Stopped: Extension settings
2026-05-29 00:39:42.325: [INFO][Sync] Stopped: History Delete Directives
2026-05-29 00:39:42.325: [INFO][Sync] Stopped: Device Info
2026-05-29 00:39:42.325: [INFO][Sync] Stopped: User Consents
2026-05-29 00:39:42.325: [INFO][Sync] Stopped: Send Tab To Self
2026-05-29 00:39:42.325: [INFO][Sync] Stopped: Web Apps
2026-05-29 00:39:42.325: [INFO][Sync] Stopped: History
2026-05-29 00:39:42.325: [INFO][Sync] Stopped: Saved Tab Group
2026-05-29 00:39:42.325: [INFO][Sync] Stopped: WebAuthn Credentials
2026-05-29 00:39:42.325: [INFO][Sync] Stopped: Collection
2026-05-29 00:39:42.325: [INFO][Sync] Stopped: Edge E Drop
2026-05-29 00:39:42.325: [INFO][Sync] Stopped: Edge Hub App Usage
2026-05-29 00:39:42.325: [INFO][Sync] Stopped: Edge Wallet
2026-05-29 00:39:42.325: [INFO][Sync] Stopped: Edge Workspace
2026-05-29 07:09:30.360: [INFO][Sync] Reset engine, reason: 8
2026-05-29 07:09:30.360: [INFO][Sync] Stopped: Bookmarks
2026-05-29 07:09:30.360: [INFO][Sync] Stopped: Preferences
2026-05-29 07:09:30.360: [INFO][Sync] Stopped: Passwords
2026-05-29 07:09:30.360: [INFO][Sync] Stopped: Autofill Profiles
2026-05-29 07:09:30.360: [INFO][Sync] Stopped: Autofill
2026-05-29 07:09:30.360: [INFO][Sync] Stopped: Extensions
2026-05-29 07:09:30.360: [INFO][Sync] Stopped: Sessions
2026-05-29 07:09:30.360: [INFO][Sync] Stopped: Extension settings
2026-05-29 07:09:30.360: [INFO][Sync] Stopped: History Delete Directives
2026-05-29 07:09:30.360: [INFO][Sync] Stopped: Device Info
2026-05-29 07:09:30.360: [INFO][Sync] Stopped: User Consents
2026-05-29 07:09:30.360: [INFO][Sync] Stopped: Send Tab To Self
2026-05-29 07:09:30.360: [INFO][Sync] Stopped: Web Apps
2026-05-29 07:09:30.360: [INFO][Sync] Stopped: History
2026-05-29 07:09:30.360: [INFO][Sync] Stopped: Saved Tab Group
2026-05-29 07:09:30.360: [INFO][Sync] Stopped: WebAuthn Credentials
2026-05-29 07:09:30.360: [INFO][Sync] Stopped: Collection
2026-05-29 07:09:30.360: [INFO][Sync] Stopped: Edge E Drop
2026-05-29 07:09:30.360: [INFO][Sync] Stopped: Edge Hub App Usage
2026-05-29 07:09:30.360: [INFO][Sync] Stopped: Edge Wallet
2026-05-29 07:09:30.360: [INFO][Sync] Stopped: Edge Workspace
2026-05-29 07:09:30.360: [INFO][Sync] SyncState after authenticated was: NotSignedIn
2026-05-29 07:09:31.002: [INFO][Sync] Reset engine, reason: 8
2026-05-29 07:09:31.002: [INFO][Sync] Stopped: Bookmarks
2026-05-29 07:09:31.002: [INFO][Sync] Stopped: Preferences
2026-05-29 07:09:31.002: [INFO][Sync] Stopped: Passwords
2026-05-29 07:09:31.002: [INFO][Sync] Stopped: Autofill Profiles
2026-05-29 07:09:31.002: [INFO][Sync] Stopped: Autofill
2026-05-29 07:09:31.002: [INFO][Sync] Stopped: Extensions
2026-05-29 07:09:31.002: [INFO][Sync] Stopped: Sessions
2026-05-29 07:09:31.002: [INFO][Sync] Stopped: Extension settings
2026-05-29 07:09:31.002: [INFO][Sync] Stopped: History Delete Directives
2026-05-29 07:09:31.002: [INFO][Sync] Stopped: Device Info
2026-05-29 07:09:31.002: [INFO][Sync] Stopped: User Consents
2026-05-29 07:09:31.002: [INFO][Sync] Stopped: Send Tab To Self
2026-05-29 07:09:31.002: [INFO][Sync] Stopped: Web Apps
2026-05-29 07:09:31.002: [INFO][Sync] Stopped: History
2026-05-29 07:09:31.002: [INFO][Sync] Stopped: Saved Tab Group
2026-05-29 07:09:31.002: [INFO][Sync] Stopped: WebAuthn Credentials
2026-05-29 07:09:31.002: [INFO][Sync] Stopped: Collection
2026-05-29 07:09:31.002: [INFO][Sync] Stopped: Edge E Drop
2026-05-29 07:09:31.002: [INFO][Sync] Stopped: Edge Hub App Usage
2026-05-29 07:09:31.002: [INFO][Sync] Stopped: Edge Wallet
2026-05-29 07:09:31.002: [INFO][Sync] Stopped: Edge Workspace
2026-05-29 07:30:00.929: [INFO][Sync] Reset engine, reason: 0
2026-05-29 19:57:31.922: [INFO][Sync] Reset engine, reason: 8
2026-05-29 19:57:31.922: [INFO][Sync] Stopped: Bookmarks
2026-05-29 19:57:31.922: [INFO][Sync] Stopped: Preferences
2026-05-29 19:57:31.922: [INFO][Sync] Stopped: Passwords
2026-05-29 19:57:31.922: [INFO][Sync] Stopped: Autofill Profiles
2026-05-29 19:57:31.922: [INFO][Sync] Stopped: Autofill
2026-05-29 19:57:31.923: [INFO][Sync] Stopped: Extensions
2026-05-29 19:57:31.923: [INFO][Sync] Stopped: Sessions
2026-05-29 19:57:31.923: [INFO][Sync] Stopped: Extension settings
2026-05-29 19:57:31.923: [INFO][Sync] Stopped: History Delete Directives
2026-05-29 19:57:31.923: [INFO][Sync] Stopped: Device Info
2026-05-29 19:57:31.923: [INFO][Sync] Stopped: User Consents
2026-05-29 19:57:31.923: [INFO][Sync] Stopped: Send Tab To Self
2026-05-29 19:57:31.923: [INFO][Sync] Stopped: Web Apps
2026-05-29 19:57:31.923: [INFO][Sync] Stopped: History
2026-05-29 19:57:31.923: [INFO][Sync] Stopped: Saved Tab Group
2026-05-29 19:57:31.923: [INFO][Sync] Stopped: WebAuthn Credentials
2026-05-29 19:57:31.923: [INFO][Sync] Stopped: Collection
2026-05-29 19:57:31.923: [INFO][Sync] Stopped: Edge E Drop
2026-05-29 19:57:31.923: [INFO][Sync] Stopped: Edge Hub App Usage
2026-05-29 19:57:31.923: [INFO][Sync] Stopped: Edge Wallet
2026-05-29 19:57:31.923: [INFO][Sync] Stopped: Edge Workspace
2026-05-29 19:57:31.923: [INFO][Sync] SyncState after authenticated was: NotSignedIn
2026-05-29 19:57:32.619: [INFO][Sync] Reset engine, reason: 8
2026-05-29 19:57:32.619: [INFO][Sync] Stopped: Bookmarks
2026-05-29 19:57:32.619: [INFO][Sync] Stopped: Preferences
2026-05-29 19:57:32.619: [INFO][Sync] Stopped: Passwords
2026-05-29 19:57:32.619: [INFO][Sync] Stopped: Autofill Profiles
2026-05-29 19:57:32.619: [INFO][Sync] Stopped: Autofill
2026-05-29 19:57:32.619: [INFO][Sync] Stopped: Extensions
2026-05-29 19:57:32.619: [INFO][Sync] Stopped: Sessions
2026-05-29 19:57:32.619: [INFO][Sync] Stopped: Extension settings
2026-05-29 19:57:32.619: [INFO][Sync] Stopped: History Delete Directives
2026-05-29 19:57:32.619: [INFO][Sync] Stopped: Device Info
2026-05-29 19:57:32.619: [INFO][Sync] Stopped: User Consents
2026-05-29 19:57:32.619: [INFO][Sync] Stopped: Send Tab To Self
2026-05-29 19:57:32.619: [INFO][Sync] Stopped: Web Apps
2026-05-29 19:57:32.619: [INFO][Sync] Stopped: History
2026-05-29 19:57:32.619: [INFO][Sync] Stopped: Saved Tab Group
2026-05-29 19:57:32.619: [INFO][Sync] Stopped: WebAuthn Credentials
2026-05-29 19:57:32.619: [INFO][Sync] Stopped: Collection
2026-05-29 19:57:32.619: [INFO][Sync] Stopped: Edge E Drop
2026-05-29 19:57:32.619: [INFO][Sync] Stopped: Edge Hub App Usage
2026-05-29 19:57:32.619: [INFO][Sync] Stopped: Edge Wallet
2026-05-29 19:57:32.619: [INFO][Sync] Stopped: Edge Workspace
2026-05-29 20:02:10.425: [INFO][Sync] Reset engine, reason: 0
2026-05-29 20:02:15.738: [INFO][Sync] Reset engine, reason: 8
2026-05-29 20:02:15.738: [INFO][Sync] Stopped: Bookmarks
2026-05-29 20:02:15.738: [INFO][Sync] Stopped: Preferences
2026-05-29 20:02:15.738: [INFO][Sync] Stopped: Passwords
2026-05-29 20:02:15.738: [INFO][Sync] Stopped: Autofill Profiles
2026-05-29 20:02:15.738: [INFO][Sync] Stopped: Autofill
2026-05-29 20:02:15.738: [INFO][Sync] Stopped: Extensions
2026-05-29 20:02:15.738: [INFO][Sync] Stopped: Sessions
2026-05-29 20:02:15.738: [INFO][Sync] Stopped: Extension settings
2026-05-29 20:02:15.738: [INFO][Sync] Stopped: History Delete Directives
2026-05-29 20:02:15.738: [INFO][Sync] Stopped: Device Info
2026-05-29 20:02:15.738: [INFO][Sync] Stopped: User Consents
2026-05-29 20:02:15.738: [INFO][Sync] Stopped: Send Tab To Self
2026-05-29 20:02:15.738: [INFO][Sync] Stopped: Web Apps
2026-05-29 20:02:15.738: [INFO][Sync] Stopped: History
2026-05-29 20:02:15.738: [INFO][Sync] Stopped: Saved Tab Group
2026-05-29 20:02:15.738: [INFO][Sync] Stopped: WebAuthn Credentials
2026-05-29 20:02:15.738: [INFO][Sync] Stopped: Collection
2026-05-29 20:02:15.738: [INFO][Sync] Stopped: Edge E Drop
2026-05-29 20:02:15.738: [INFO][Sync] Stopped: Edge Hub App Usage
2026-05-29 20:02:15.738: [INFO][Sync] Stopped: Edge Wallet
2026-05-29 20:02:15.738: [INFO][Sync] Stopped: Edge Workspace
2026-05-29 20:02:15.738: [INFO][Sync] SyncState after authenticated was: NotSignedIn
2026-05-29 20:02:16.071: [INFO][Sync] Reset engine, reason: 8
2026-05-29 20:02:16.071: [INFO][Sync] Stopped: Bookmarks
2026-05-29 20:02:16.071: [INFO][Sync] Stopped: Preferences
2026-05-29 20:02:16.072: [INFO][Sync] Stopped: Passwords
2026-05-29 20:02:16.072: [INFO][Sync] Stopped: Autofill Profiles
2026-05-29 20:02:16.072: [INFO][Sync] Stopped: Autofill
2026-05-29 20:02:16.072: [INFO][Sync] Stopped: Extensions
2026-05-29 20:02:16.072: [INFO][Sync] Stopped: Sessions
2026-05-29 20:02:16.072: [INFO][Sync] Stopped: Extension settings
2026-05-29 20:02:16.072: [INFO][Sync] Stopped: History Delete Directives
2026-05-29 20:02:16.072: [INFO][Sync] Stopped: Device Info
2026-05-29 20:02:16.072: [INFO][Sync] Stopped: User Consents
2026-05-29 20:02:16.072: [INFO][Sync] Stopped: Send Tab To Self
2026-05-29 20:02:16.072: [INFO][Sync] Stopped: Web Apps
2026-05-29 20:02:16.072: [INFO][Sync] Stopped: History
2026-05-29 20:02:16.072: [INFO][Sync] Stopped: Saved Tab Group
2026-05-29 20:02:16.072: [INFO][Sync] Stopped: WebAuthn Credentials
2026-05-29 20:02:16.072: [INFO][Sync] Stopped: Collection
2026-05-29 20:02:16.072: [INFO][Sync] Stopped: Edge E Drop
2026-05-29 20:02:16.072: [INFO][Sync] Stopped: Edge Hub App Usage
2026-05-29 20:02:16.072: [INFO][Sync] Stopped: Edge Wallet
2026-05-29 20:02:16.072: [INFO][Sync] Stopped: Edge Workspace
2026-05-29 22:01:35.672: [INFO][Sync] Reset engine, reason: 0
2026-05-30 02:31:24.427: [INFO][Sync] Reset engine, reason: 8
2026-05-30 02:31:24.427: [INFO][Sync] Stopped: Bookmarks
2026-05-30 02:31:24.427: [INFO][Sync] Stopped: Preferences
2026-05-30 02:31:24.427: [INFO][Sync] Stopped: Passwords
2026-05-30 02:31:24.427: [INFO][Sync] Stopped: Autofill Profiles
2026-05-30 02:31:24.427: [INFO][Sync] Stopped: Autofill
2026-05-30 02:31:24.427: [INFO][Sync] Stopped: Extensions
2026-05-30 02:31:24.427: [INFO][Sync] Stopped: Sessions
2026-05-30 02:31:24.427: [INFO][Sync] Stopped: Extension settings
2026-05-30 02:31:24.427: [INFO][Sync] Stopped: History Delete Directives
2026-05-30 02:31:24.427: [INFO][Sync] Stopped: Device Info
2026-05-30 02:31:24.427: [INFO][Sync] Stopped: User Consents
2026-05-30 02:31:24.427: [INFO][Sync] Stopped: Send Tab To Self
2026-05-30 02:31:24.427: [INFO][Sync] Stopped: Web Apps
2026-05-30 02:31:24.427: [INFO][Sync] Stopped: History
2026-05-30 02:31:24.427: [INFO][Sync] Stopped: Saved Tab Group
2026-05-30 02:31:24.427: [INFO][Sync] Stopped: WebAuthn Credentials
2026-05-30 02:31:24.427: [INFO][Sync] Stopped: Collection
2026-05-30 02:31:24.427: [INFO][Sync] Stopped: Edge E Drop
2026-05-30 02:31:24.427: [INFO][Sync] Stopped: Edge Hub App Usage
2026-05-30 02:31:24.427: [INFO][Sync] Stopped: Edge Wallet
2026-05-30 02:31:24.427: [INFO][Sync] Stopped: Edge Workspace
2026-05-30 02:31:24.427: [INFO][Sync] SyncState after authenticated was: NotSignedIn
2026-05-30 02:31:25.102: [INFO][Sync] Reset engine, reason: 8
2026-05-30 02:31:25.102: [INFO][Sync] Stopped: Bookmarks
2026-05-30 02:31:25.102: [INFO][Sync] Stopped: Preferences
2026-05-30 02:31:25.102: [INFO][Sync] Stopped: Passwords
2026-05-30 02:31:25.102: [INFO][Sync] Stopped: Autofill Profiles
2026-05-30 02:31:25.102: [INFO][Sync] Stopped: Autofill
2026-05-30 02:31:25.102: [INFO][Sync] Stopped: Extensions
2026-05-30 02:31:25.102: [INFO][Sync] Stopped: Sessions
2026-05-30 02:31:25.102: [INFO][Sync] Stopped: Extension settings
2026-05-30 02:31:25.102: [INFO][Sync] Stopped: History Delete Directives
2026-05-30 02:31:25.102: [INFO][Sync] Stopped: Device Info
2026-05-30 02:31:25.102: [INFO][Sync] Stopped: User Consents
2026-05-30 02:31:25.102: [INFO][Sync] Stopped: Send Tab To Self
2026-05-30 02:31:25.102: [INFO][Sync] Stopped: Web Apps
2026-05-30 02:31:25.102: [INFO][Sync] Stopped: History
2026-05-30 02:31:25.102: [INFO][Sync] Stopped: Saved Tab Group
2026-05-30 02:31:25.102: [INFO][Sync] Stopped: WebAuthn Credentials
2026-05-30 02:31:25.102: [INFO][Sync] Stopped: Collection
2026-05-30 02:31:25.102: [INFO][Sync] Stopped: Edge E Drop
2026-05-30 02:31:25.102: [INFO][Sync] Stopped: Edge Hub App Usage
2026-05-30 02:31:25.102: [INFO][Sync] Stopped: Edge Wallet
2026-05-30 02:31:25.102: [INFO][Sync] Stopped: Edge Workspace
2026-05-30 11:31:25.758: [INFO][Sync] Reset engine, reason: 0
2026-05-31 08:05:46.478: [INFO][Sync] Reset engine, reason: 8
2026-05-31 08:05:46.478: [INFO][Sync] Stopped: Bookmarks
2026-05-31 08:05:46.478: [INFO][Sync] Stopped: Preferences
2026-05-31 08:05:46.478: [INFO][Sync] Stopped: Passwords
2026-05-31 08:05:46.478: [INFO][Sync] Stopped: Autofill Profiles
2026-05-31 08:05:46.478: [INFO][Sync] Stopped: Autofill
2026-05-31 08:05:46.478: [INFO][Sync] Stopped: Extensions
2026-05-31 08:05:46.478: [INFO][Sync] Stopped: Sessions
2026-05-31 08:05:46.478: [INFO][Sync] Stopped: Extension settings
2026-05-31 08:05:46.478: [INFO][Sync] Stopped: History Delete Directives
2026-05-31 08:05:46.478: [INFO][Sync] Stopped: Device Info
2026-05-31 08:05:46.478: [INFO][Sync] Stopped: User Consents
2026-05-31 08:05:46.478: [INFO][Sync] Stopped: Send Tab To Self
2026-05-31 08:05:46.478: [INFO][Sync] Stopped: Web Apps
2026-05-31 08:05:46.478: [INFO][Sync] Stopped: History
2026-05-31 08:05:46.478: [INFO][Sync] Stopped: Saved Tab Group
2026-05-31 08:05:46.478: [INFO][Sync] Stopped: WebAuthn Credentials
2026-05-31 08:05:46.478: [INFO][Sync] Stopped: Collection
2026-05-31 08:05:46.478: [INFO][Sync] Stopped: Edge E Drop
2026-05-31 08:05:46.478: [INFO][Sync] Stopped: Edge Hub App Usage
2026-05-31 08:05:46.478: [INFO][Sync] Stopped: Edge Wallet
2026-05-31 08:05:46.478: [INFO][Sync] Stopped: Edge Workspace
2026-05-31 08:05:46.478: [INFO][Sync] SyncState after authenticated was: NotSignedIn
2026-05-31 08:05:46.942: [INFO][Sync] Reset engine, reason: 8
2026-05-31 08:05:46.942: [INFO][Sync] Stopped: Bookmarks
2026-05-31 08:05:46.942: [INFO][Sync] Stopped: Preferences
2026-05-31 08:05:46.942: [INFO][Sync] Stopped: Passwords
2026-05-31 08:05:46.942: [INFO][Sync] Stopped: Autofill Profiles
2026-05-31 08:05:46.942: [INFO][Sync] Stopped: Autofill
2026-05-31 08:05:46.942: [INFO][Sync] Stopped: Extensions
2026-05-31 08:05:46.942: [INFO][Sync] Stopped: Sessions
2026-05-31 08:05:46.942: [INFO][Sync] Stopped: Extension settings
2026-05-31 08:05:46.942: [INFO][Sync] Stopped: History Delete Directives
2026-05-31 08:05:46.942: [INFO][Sync] Stopped: Device Info
2026-05-31 08:05:46.942: [INFO][Sync] Stopped: User Consents
2026-05-31 08:05:46.942: [INFO][Sync] Stopped: Send Tab To Self
2026-05-31 08:05:46.942: [INFO][Sync] Stopped: Web Apps
2026-05-31 08:05:46.942: [INFO][Sync] Stopped: History
2026-05-31 08:05:46.942: [INFO][Sync] Stopped: Saved Tab Group
2026-05-31 08:05:46.942: [INFO][Sync] Stopped: WebAuthn Credentials
2026-05-31 08:05:46.942: [INFO][Sync] Stopped: Collection
2026-05-31 08:05:46.942: [INFO][Sync] Stopped: Edge E Drop
2026-05-31 08:05:46.942: [INFO][Sync] Stopped: Edge Hub App Usage
2026-05-31 08:05:46.942: [INFO][Sync] Stopped: Edge Wallet
2026-05-31 08:05:46.942: [INFO][Sync] Stopped: Edge Workspace
2026-05-31 08:06:16.889: [INFO][Sync] Reset engine, reason: 0
2026-06-01 01:07:04.851: [INFO][Sync] Reset engine, reason: 8
2026-06-01 01:07:04.852: [INFO][Sync] Stopped: Bookmarks
2026-06-01 01:07:04.852: [INFO][Sync] Stopped: Preferences
2026-06-01 01:07:04.852: [INFO][Sync] Stopped: Passwords
2026-06-01 01:07:04.852: [INFO][Sync] Stopped: Autofill Profiles
2026-06-01 01:07:04.852: [INFO][Sync] Stopped: Autofill
2026-06-01 01:07:04.852: [INFO][Sync] Stopped: Extensions
2026-06-01 01:07:04.852: [INFO][Sync] Stopped: Sessions
2026-06-01 01:07:04.852: [INFO][Sync] Stopped: Extension settings
2026-06-01 01:07:04.852: [INFO][Sync] Stopped: History Delete Directives
2026-06-01 01:07:04.852: [INFO][Sync] Stopped: Device Info
2026-06-01 01:07:04.852: [INFO][Sync] Stopped: User Consents
2026-06-01 01:07:04.852: [INFO][Sync] Stopped: Send Tab To Self
2026-06-01 01:07:04.852: [INFO][Sync] Stopped: Web Apps
2026-06-01 01:07:04.852: [INFO][Sync] Stopped: History
2026-06-01 01:07:04.852: [INFO][Sync] Stopped: Saved Tab Group
2026-06-01 01:07:04.852: [INFO][Sync] Stopped: WebAuthn Credentials
2026-06-01 01:07:04.852: [INFO][Sync] Stopped: Collection
2026-06-01 01:07:04.852: [INFO][Sync] Stopped: Edge E Drop
2026-06-01 01:07:04.852: [INFO][Sync] Stopped: Edge Hub App Usage
2026-06-01 01:07:04.852: [INFO][Sync] Stopped: Edge Wallet
2026-06-01 01:07:04.852: [INFO][Sync] Stopped: Edge Workspace
2026-06-01 01:07:04.853: [INFO][Sync] SyncState after authenticated was: NotSignedIn
2026-06-01 01:07:05.775: [INFO][Sync] Reset engine, reason: 8
2026-06-01 01:07:05.775: [INFO][Sync] Stopped: Bookmarks
2026-06-01 01:07:05.775: [INFO][Sync] Stopped: Preferences
2026-06-01 01:07:05.775: [INFO][Sync] Stopped: Passwords
2026-06-01 01:07:05.775: [INFO][Sync] Stopped: Autofill Profiles
2026-06-01 01:07:05.775: [INFO][Sync] Stopped: Autofill
2026-06-01 01:07:05.775: [INFO][Sync] Stopped: Extensions
2026-06-01 01:07:05.775: [INFO][Sync] Stopped: Sessions
2026-06-01 01:07:05.775: [INFO][Sync] Stopped: Extension settings
2026-06-01 01:07:05.775: [INFO][Sync] Stopped: History Delete Directives
2026-06-01 01:07:05.775: [INFO][Sync] Stopped: Device Info
2026-06-01 01:07:05.775: [INFO][Sync] Stopped: User Consents
2026-06-01 01:07:05.775: [INFO][Sync] Stopped: Send Tab To Self
2026-06-01 01:07:05.775: [INFO][Sync] Stopped: Web Apps
2026-06-01 01:07:05.775: [INFO][Sync] Stopped: History
2026-06-01 01:07:05.775: [INFO][Sync] Stopped: Saved Tab Group
2026-06-01 01:07:05.775: [INFO][Sync] Stopped: WebAuthn Credentials
2026-06-01 01:07:05.775: [INFO][Sync] Stopped: Collection
2026-06-01 01:07:05.775: [INFO][Sync] Stopped: Edge E Drop
2026-06-01 01:07:05.775: [INFO][Sync] Stopped: Edge Hub App Usage
2026-06-01 01:07:05.775: [INFO][Sync] Stopped: Edge Wallet
2026-06-01 01:07:05.775: [INFO][Sync] Stopped: Edge Workspace
2026-06-01 05:23:42.477: [INFO][Sync] Reset engine, reason: 0
2026-06-01 21:46:12.214: [INFO][Sync] Reset engine, reason: 8
2026-06-01 21:46:12.214: [INFO][Sync] Stopped: Bookmarks
2026-06-01 21:46:12.214: [INFO][Sync] Stopped: Preferences
2026-06-01 21:46:12.214: [INFO][Sync] Stopped: Passwords
2026-06-01 21:46:12.214: [INFO][Sync] Stopped: Autofill Profiles
2026-06-01 21:46:12.214: [INFO][Sync] Stopped: Autofill
2026-06-01 21:46:12.214: [INFO][Sync] Stopped: Extensions
2026-06-01 21:46:12.214: [INFO][Sync] Stopped: Sessions
2026-06-01 21:46:12.214: [INFO][Sync] Stopped: Extension settings
2026-06-01 21:46:12.214: [INFO][Sync] Stopped: History Delete Directives
2026-06-01 21:46:12.214: [INFO][Sync] Stopped: Device Info
2026-06-01 21:46:12.214: [INFO][Sync] Stopped: User Consents
2026-06-01 21:46:12.214: [INFO][Sync] Stopped: Send Tab To Self
2026-06-01 21:46:12.214: [INFO][Sync] Stopped: Web Apps
2026-06-01 21:46:12.214: [INFO][Sync] Stopped: History
2026-06-01 21:46:12.214: [INFO][Sync] Stopped: Saved Tab Group
2026-06-01 21:46:12.214: [INFO][Sync] Stopped: WebAuthn Credentials
2026-06-01 21:46:12.214: [INFO][Sync] Stopped: Collection
2026-06-01 21:46:12.214: [INFO][Sync] Stopped: Edge E Drop
2026-06-01 21:46:12.214: [INFO][Sync] Stopped: Edge Hub App Usage
2026-06-01 21:46:12.214: [INFO][Sync] Stopped: Edge Wallet
2026-06-01 21:46:12.214: [INFO][Sync] Stopped: Edge Workspace
2026-06-01 21:46:12.215: [INFO][Sync] SyncState after authenticated was: NotSignedIn
2026-06-01 21:46:12.861: [INFO][Sync] Reset engine, reason: 8
2026-06-01 21:46:12.861: [INFO][Sync] Stopped: Bookmarks
2026-06-01 21:46:12.861: [INFO][Sync] Stopped: Preferences
2026-06-01 21:46:12.861: [INFO][Sync] Stopped: Passwords
2026-06-01 21:46:12.861: [INFO][Sync] Stopped: Autofill Profiles
2026-06-01 21:46:12.861: [INFO][Sync] Stopped: Autofill
2026-06-01 21:46:12.861: [INFO][Sync] Stopped: Extensions
2026-06-01 21:46:12.861: [INFO][Sync] Stopped: Sessions
2026-06-01 21:46:12.861: [INFO][Sync] Stopped: Extension settings
2026-06-01 21:46:12.861: [INFO][Sync] Stopped: History Delete Directives
2026-06-01 21:46:12.861: [INFO][Sync] Stopped: Device Info
2026-06-01 21:46:12.861: [INFO][Sync] Stopped: User Consents
2026-06-01 21:46:12.861: [INFO][Sync] Stopped: Send Tab To Self
2026-06-01 21:46:12.861: [INFO][Sync] Stopped: Web Apps
2026-06-01 21:46:12.861: [INFO][Sync] Stopped: History
2026-06-01 21:46:12.861: [INFO][Sync] Stopped: Saved Tab Group
2026-06-01 21:46:12.861: [INFO][Sync] Stopped: WebAuthn Credentials
2026-06-01 21:46:12.861: [INFO][Sync] Stopped: Collection
2026-06-01 21:46:12.861: [INFO][Sync] Stopped: Edge E Drop
2026-06-01 21:46:12.861: [INFO][Sync] Stopped: Edge Hub App Usage
2026-06-01 21:46:12.861: [INFO][Sync] Stopped: Edge Wallet
2026-06-01 21:46:12.861: [INFO][Sync] Stopped: Edge Workspace
2026-06-01 22:20:51.123: [INFO][Sync] Reset engine, reason: 8
2026-06-01 22:20:51.123: [INFO][Sync] Stopped: Bookmarks
2026-06-01 22:20:51.123: [INFO][Sync] Stopped: Preferences
2026-06-01 22:20:51.123: [INFO][Sync] Stopped: Passwords
2026-06-01 22:20:51.123: [INFO][Sync] Stopped: Autofill Profiles
2026-06-01 22:20:51.123: [INFO][Sync] Stopped: Autofill
2026-06-01 22:20:51.123: [INFO][Sync] Stopped: Extensions
2026-06-01 22:20:51.123: [INFO][Sync] Stopped: Sessions
2026-06-01 22:20:51.123: [INFO][Sync] Stopped: Extension settings
2026-06-01 22:20:51.123: [INFO][Sync] Stopped: History Delete Directives
2026-06-01 22:20:51.123: [INFO][Sync] Stopped: Device Info
2026-06-01 22:20:51.123: [INFO][Sync] Stopped: User Consents
2026-06-01 22:20:51.123: [INFO][Sync] Stopped: Send Tab To Self
2026-06-01 22:20:51.123: [INFO][Sync] Stopped: Web Apps
2026-06-01 22:20:51.123: [INFO][Sync] Stopped: History
2026-06-01 22:20:51.123: [INFO][Sync] Stopped: Saved Tab Group
2026-06-01 22:20:51.123: [INFO][Sync] Stopped: WebAuthn Credentials
2026-06-01 22:20:51.123: [INFO][Sync] Stopped: Collection
2026-06-01 22:20:51.123: [INFO][Sync] Stopped: Edge E Drop
2026-06-01 22:20:51.123: [INFO][Sync] Stopped: Edge Hub App Usage
2026-06-01 22:20:51.123: [INFO][Sync] Stopped: Edge Wallet
2026-06-01 22:20:51.123: [INFO][Sync] Stopped: Edge Workspace
2026-06-01 22:20:51.123: [INFO][Sync] SyncState after authenticated was: NotSignedIn
2026-06-01 22:20:51.733: [INFO][Sync] Reset engine, reason: 8
2026-06-01 22:20:51.733: [INFO][Sync] Stopped: Bookmarks
2026-06-01 22:20:51.733: [INFO][Sync] Stopped: Preferences
2026-06-01 22:20:51.733: [INFO][Sync] Stopped: Passwords
2026-06-01 22:20:51.733: [INFO][Sync] Stopped: Autofill Profiles
2026-06-01 22:20:51.734: [INFO][Sync] Stopped: Autofill
2026-06-01 22:20:51.734: [INFO][Sync] Stopped: Extensions
2026-06-01 22:20:51.734: [INFO][Sync] Stopped: Sessions
2026-06-01 22:20:51.734: [INFO][Sync] Stopped: Extension settings
2026-06-01 22:20:51.734: [INFO][Sync] Stopped: History Delete Directives
2026-06-01 22:20:51.734: [INFO][Sync] Stopped: Device Info
2026-06-01 22:20:51.734: [INFO][Sync] Stopped: User Consents
2026-06-01 22:20:51.734: [INFO][Sync] Stopped: Send Tab To Self
2026-06-01 22:20:51.734: [INFO][Sync] Stopped: Web Apps
2026-06-01 22:20:51.734: [INFO][Sync] Stopped: History
2026-06-01 22:20:51.734: [INFO][Sync] Stopped: Saved Tab Group
2026-06-01 22:20:51.734: [INFO][Sync] Stopped: WebAuthn Credentials
2026-06-01 22:20:51.734: [INFO][Sync] Stopped: Collection
2026-06-01 22:20:51.734: [INFO][Sync] Stopped: Edge E Drop
2026-06-01 22:20:51.734: [INFO][Sync] Stopped: Edge Hub App Usage
2026-06-01 22:20:51.734: [INFO][Sync] Stopped: Edge Wallet
2026-06-01 22:20:51.734: [INFO][Sync] Stopped: Edge Workspace
2026-06-01 23:13:27.625: [INFO][Sync] Reset engine, reason: 0
2026-06-01 23:13:28.813: [INFO][Sync] Reset engine, reason: 8
2026-06-01 23:13:28.813: [INFO][Sync] Stopped: Bookmarks
2026-06-01 23:13:28.813: [INFO][Sync] Stopped: Preferences
2026-06-01 23:13:28.813: [INFO][Sync] Stopped: Passwords
2026-06-01 23:13:28.813: [INFO][Sync] Stopped: Autofill Profiles
2026-06-01 23:13:28.813: [INFO][Sync] Stopped: Autofill
2026-06-01 23:13:28.813: [INFO][Sync] Stopped: Extensions
2026-06-01 23:13:28.813: [INFO][Sync] Stopped: Sessions
2026-06-01 23:13:28.813: [INFO][Sync] Stopped: Extension settings
2026-06-01 23:13:28.813: [INFO][Sync] Stopped: History Delete Directives
2026-06-01 23:13:28.813: [INFO][Sync] Stopped: Device Info
2026-06-01 23:13:28.813: [INFO][Sync] Stopped: User Consents
2026-06-01 23:13:28.813: [INFO][Sync] Stopped: Send Tab To Self
2026-06-01 23:13:28.813: [INFO][Sync] Stopped: Web Apps
2026-06-01 23:13:28.813: [INFO][Sync] Stopped: History
2026-06-01 23:13:28.813: [INFO][Sync] Stopped: Saved Tab Group
2026-06-01 23:13:28.813: [INFO][Sync] Stopped: WebAuthn Credentials
2026-06-01 23:13:28.813: [INFO][Sync] Stopped: Collection
2026-06-01 23:13:28.813: [INFO][Sync] Stopped: Edge E Drop
2026-06-01 23:13:28.813: [INFO][Sync] Stopped: Edge Hub App Usage
2026-06-01 23:13:28.813: [INFO][Sync] Stopped: Edge Wallet
2026-06-01 23:13:28.813: [INFO][Sync] Stopped: Edge Workspace
2026-06-01 23:13:28.813: [INFO][Sync] SyncState after authenticated was: NotSignedIn
2026-06-01 23:13:29.150: [INFO][Sync] Reset engine, reason: 8
2026-06-01 23:13:29.150: [INFO][Sync] Stopped: Bookmarks
2026-06-01 23:13:29.150: [INFO][Sync] Stopped: Preferences
2026-06-01 23:13:29.150: [INFO][Sync] Stopped: Passwords
2026-06-01 23:13:29.150: [INFO][Sync] Stopped: Autofill Profiles
2026-06-01 23:13:29.150: [INFO][Sync] Stopped: Autofill
2026-06-01 23:13:29.150: [INFO][Sync] Stopped: Extensions
2026-06-01 23:13:29.150: [INFO][Sync] Stopped: Sessions
2026-06-01 23:13:29.150: [INFO][Sync] Stopped: Extension settings
2026-06-01 23:13:29.150: [INFO][Sync] Stopped: History Delete Directives
2026-06-01 23:13:29.150: [INFO][Sync] Stopped: Device Info
2026-06-01 23:13:29.150: [INFO][Sync] Stopped: User Consents
2026-06-01 23:13:29.150: [INFO][Sync] Stopped: Send Tab To Self
2026-06-01 23:13:29.150: [INFO][Sync] Stopped: Web Apps
2026-06-01 23:13:29.150: [INFO][Sync] Stopped: History
2026-06-01 23:13:29.150: [INFO][Sync] Stopped: Saved Tab Group
2026-06-01 23:13:29.150: [INFO][Sync] Stopped: WebAuthn Credentials
2026-06-01 23:13:29.150: [INFO][Sync] Stopped: Collection
2026-06-01 23:13:29.150: [INFO][Sync] Stopped: Edge E Drop
2026-06-01 23:13:29.150: [INFO][Sync] Stopped: Edge Hub App Usage
2026-06-01 23:13:29.150: [INFO][Sync] Stopped: Edge Wallet
2026-06-01 23:13:29.150: [INFO][Sync] Stopped: Edge Workspace
2026-06-01 23:14:50.830: [INFO][Sync] Reset engine, reason: 0
2026-06-01 23:14:51.502: [INFO][Sync] Reset engine, reason: 8
2026-06-01 23:14:51.502: [INFO][Sync] Stopped: Bookmarks
2026-06-01 23:14:51.502: [INFO][Sync] Stopped: Preferences
2026-06-01 23:14:51.502: [INFO][Sync] Stopped: Passwords
2026-06-01 23:14:51.502: [INFO][Sync] Stopped: Autofill Profiles
2026-06-01 23:14:51.502: [INFO][Sync] Stopped: Autofill
2026-06-01 23:14:51.502: [INFO][Sync] Stopped: Extensions
2026-06-01 23:14:51.502: [INFO][Sync] Stopped: Sessions
2026-06-01 23:14:51.502: [INFO][Sync] Stopped: Extension settings
2026-06-01 23:14:51.502: [INFO][Sync] Stopped: History Delete Directives
2026-06-01 23:14:51.502: [INFO][Sync] Stopped: Device Info
2026-06-01 23:14:51.502: [INFO][Sync] Stopped: User Consents
2026-06-01 23:14:51.502: [INFO][Sync] Stopped: Send Tab To Self
2026-06-01 23:14:51.502: [INFO][Sync] Stopped: Web Apps
2026-06-01 23:14:51.502: [INFO][Sync] Stopped: History
2026-06-01 23:14:51.502: [INFO][Sync] Stopped: Saved Tab Group
2026-06-01 23:14:51.502: [INFO][Sync] Stopped: WebAuthn Credentials
2026-06-01 23:14:51.502: [INFO][Sync] Stopped: Collection
2026-06-01 23:14:51.502: [INFO][Sync] Stopped: Edge E Drop
2026-06-01 23:14:51.502: [INFO][Sync] Stopped: Edge Hub App Usage
2026-06-01 23:14:51.502: [INFO][Sync] Stopped: Edge Wallet
2026-06-01 23:14:51.502: [INFO][Sync] Stopped: Edge Workspace
2026-06-01 23:14:51.503: [INFO][Sync] SyncState after authenticated was: NotSignedIn
2026-06-01 23:14:51.906: [INFO][Sync] Reset engine, reason: 8
2026-06-01 23:14:51.906: [INFO][Sync] Stopped: Bookmarks
2026-06-01 23:14:51.906: [INFO][Sync] Stopped: Preferences
2026-06-01 23:14:51.906: [INFO][Sync] Stopped: Passwords
2026-06-01 23:14:51.906: [INFO][Sync] Stopped: Autofill Profiles
2026-06-01 23:14:51.906: [INFO][Sync] Stopped: Autofill
2026-06-01 23:14:51.906: [INFO][Sync] Stopped: Extensions
2026-06-01 23:14:51.906: [INFO][Sync] Stopped: Sessions
2026-06-01 23:14:51.906: [INFO][Sync] Stopped: Extension settings
2026-06-01 23:14:51.906: [INFO][Sync] Stopped: History Delete Directives
2026-06-01 23:14:51.906: [INFO][Sync] Stopped: Device Info
2026-06-01 23:14:51.906: [INFO][Sync] Stopped: User Consents
2026-06-01 23:14:51.906: [INFO][Sync] Stopped: Send Tab To Self
2026-06-01 23:14:51.906: [INFO][Sync] Stopped: Web Apps
2026-06-01 23:14:51.906: [INFO][Sync] Stopped: History
2026-06-01 23:14:51.906: [INFO][Sync] Stopped: Saved Tab Group
2026-06-01 23:14:51.906: [INFO][Sync] Stopped: WebAuthn Credentials
2026-06-01 23:14:51.906: [INFO][Sync] Stopped: Collection
2026-06-01 23:14:51.906: [INFO][Sync] Stopped: Edge E Drop
2026-06-01 23:14:51.906: [INFO][Sync] Stopped: Edge Hub App Usage
2026-06-01 23:14:51.906: [INFO][Sync] Stopped: Edge Wallet
2026-06-01 23:14:51.906: [INFO][Sync] Stopped: Edge Workspace
2026-06-01 23:28:28.906: [INFO][Sync] Reset engine, reason: 0
2026-06-01 23:30:10.912: [INFO][Sync] Reset engine, reason: 8
2026-06-01 23:30:10.912: [INFO][Sync] Stopped: Bookmarks
2026-06-01 23:30:10.912: [INFO][Sync] Stopped: Preferences
2026-06-01 23:30:10.912: [INFO][Sync] Stopped: Passwords
2026-06-01 23:30:10.912: [INFO][Sync] Stopped: Autofill Profiles
2026-06-01 23:30:10.912: [INFO][Sync] Stopped: Autofill
2026-06-01 23:30:10.912: [INFO][Sync] Stopped: Extensions
2026-06-01 23:30:10.912: [INFO][Sync] Stopped: Sessions
2026-06-01 23:30:10.912: [INFO][Sync] Stopped: Extension settings
2026-06-01 23:30:10.912: [INFO][Sync] Stopped: History Delete Directives
2026-06-01 23:30:10.912: [INFO][Sync] Stopped: Device Info
2026-06-01 23:30:10.912: [INFO][Sync] Stopped: User Consents
2026-06-01 23:30:10.912: [INFO][Sync] Stopped: Send Tab To Self
2026-06-01 23:30:10.912: [INFO][Sync] Stopped: Web Apps
2026-06-01 23:30:10.912: [INFO][Sync] Stopped: History
2026-06-01 23:30:10.912: [INFO][Sync] Stopped: Saved Tab Group
2026-06-01 23:30:10.912: [INFO][Sync] Stopped: WebAuthn Credentials
2026-06-01 23:30:10.912: [INFO][Sync] Stopped: Collection
2026-06-01 23:30:10.912: [INFO][Sync] Stopped: Edge E Drop
2026-06-01 23:30:10.912: [INFO][Sync] Stopped: Edge Hub App Usage
2026-06-01 23:30:10.912: [INFO][Sync] Stopped: Edge Wallet
2026-06-01 23:30:10.912: [INFO][Sync] Stopped: Edge Workspace
2026-06-01 23:30:10.913: [INFO][Sync] SyncState after authenticated was: NotSignedIn
2026-06-01 23:30:11.787: [INFO][Sync] Reset engine, reason: 8
2026-06-01 23:30:11.787: [INFO][Sync] Stopped: Bookmarks
2026-06-01 23:30:11.787: [INFO][Sync] Stopped: Preferences
2026-06-01 23:30:11.787: [INFO][Sync] Stopped: Passwords
2026-06-01 23:30:11.787: [INFO][Sync] Stopped: Autofill Profiles
2026-06-01 23:30:11.787: [INFO][Sync] Stopped: Autofill
2026-06-01 23:30:11.787: [INFO][Sync] Stopped: Extensions
2026-06-01 23:30:11.787: [INFO][Sync] Stopped: Sessions
2026-06-01 23:30:11.787: [INFO][Sync] Stopped: Extension settings
2026-06-01 23:30:11.787: [INFO][Sync] Stopped: History Delete Directives
2026-06-01 23:30:11.787: [INFO][Sync] Stopped: Device Info
2026-06-01 23:30:11.787: [INFO][Sync] Stopped: User Consents
2026-06-01 23:30:11.787: [INFO][Sync] Stopped: Send Tab To Self
2026-06-01 23:30:11.787: [INFO][Sync] Stopped: Web Apps
2026-06-01 23:30:11.787: [INFO][Sync] Stopped: History
2026-06-01 23:30:11.787: [INFO][Sync] Stopped: Saved Tab Group
2026-06-01 23:30:11.787: [INFO][Sync] Stopped: WebAuthn Credentials
2026-06-01 23:30:11.787: [INFO][Sync] Stopped: Collection
2026-06-01 23:30:11.787: [INFO][Sync] Stopped: Edge E Drop
2026-06-01 23:30:11.787: [INFO][Sync] Stopped: Edge Hub App Usage
2026-06-01 23:30:11.787: [INFO][Sync] Stopped: Edge Wallet
2026-06-01 23:30:11.787: [INFO][Sync] Stopped: Edge Workspace
2026-06-01 23:30:17.622: [INFO][Sync] Reset engine, reason: 8
2026-06-01 23:30:17.622: [INFO][Sync] Stopped: Bookmarks
2026-06-01 23:30:17.622: [INFO][Sync] Stopped: Preferences
2026-06-01 23:30:17.622: [INFO][Sync] Stopped: Passwords
2026-06-01 23:30:17.622: [INFO][Sync] Stopped: Autofill Profiles
2026-06-01 23:30:17.622: [INFO][Sync] Stopped: Autofill
2026-06-01 23:30:17.622: [INFO][Sync] Stopped: Extensions
2026-06-01 23:30:17.622: [INFO][Sync] Stopped: Sessions
2026-06-01 23:30:17.622: [INFO][Sync] Stopped: Extension settings
2026-06-01 23:30:17.622: [INFO][Sync] Stopped: History Delete Directives
2026-06-01 23:30:17.622: [INFO][Sync] Stopped: Device Info
2026-06-01 23:30:17.622: [INFO][Sync] Stopped: User Consents
2026-06-01 23:30:17.622: [INFO][Sync] Stopped: Send Tab To Self
2026-06-01 23:30:17.622: [INFO][Sync] Stopped: Web Apps
2026-06-01 23:30:17.622: [INFO][Sync] Stopped: History
2026-06-01 23:30:17.622: [INFO][Sync] Stopped: Saved Tab Group
2026-06-01 23:30:17.622: [INFO][Sync] Stopped: WebAuthn Credentials
2026-06-01 23:30:17.622: [INFO][Sync] Stopped: Collection
2026-06-01 23:30:17.622: [INFO][Sync] Stopped: Edge E Drop
2026-06-01 23:30:17.622: [INFO][Sync] Stopped: Edge Hub App Usage
2026-06-01 23:30:17.622: [INFO][Sync] Stopped: Edge Wallet
2026-06-01 23:30:17.622: [INFO][Sync] Stopped: Edge Workspace
2026-06-01 23:30:17.622: [INFO][Sync] SyncState after authenticated was: NotSignedIn
2026-06-01 23:30:18.001: [INFO][Sync] Reset engine, reason: 8
2026-06-01 23:30:18.001: [INFO][Sync] Stopped: Bookmarks
2026-06-01 23:30:18.001: [INFO][Sync] Stopped: Preferences
2026-06-01 23:30:18.001: [INFO][Sync] Stopped: Passwords
2026-06-01 23:30:18.001: [INFO][Sync] Stopped: Autofill Profiles
2026-06-01 23:30:18.001: [INFO][Sync] Stopped: Autofill
2026-06-01 23:30:18.001: [INFO][Sync] Stopped: Extensions
2026-06-01 23:30:18.001: [INFO][Sync] Stopped: Sessions
2026-06-01 23:30:18.001: [INFO][Sync] Stopped: Extension settings
2026-06-01 23:30:18.001: [INFO][Sync] Stopped: History Delete Directives
2026-06-01 23:30:18.001: [INFO][Sync] Stopped: Device Info
2026-06-01 23:30:18.001: [INFO][Sync] Stopped: User Consents
2026-06-01 23:30:18.001: [INFO][Sync] Stopped: Send Tab To Self
2026-06-01 23:30:18.001: [INFO][Sync] Stopped: Web Apps
2026-06-01 23:30:18.001: [INFO][Sync] Stopped: History
2026-06-01 23:30:18.001: [INFO][Sync] Stopped: Saved Tab Group
2026-06-01 23:30:18.001: [INFO][Sync] Stopped: WebAuthn Credentials
2026-06-01 23:30:18.001: [INFO][Sync] Stopped: Collection
2026-06-01 23:30:18.001: [INFO][Sync] Stopped: Edge E Drop
2026-06-01 23:30:18.001: [INFO][Sync] Stopped: Edge Hub App Usage
2026-06-01 23:30:18.001: [INFO][Sync] Stopped: Edge Wallet
2026-06-01 23:30:18.001: [INFO][Sync] Stopped: Edge Workspace
2026-06-01 23:31:00.750: [INFO][Sync] Reset engine, reason: 0
2026-06-01 23:31:55.493: [INFO][Sync] Reset engine, reason: 8
2026-06-01 23:31:55.493: [INFO][Sync] Stopped: Bookmarks
2026-06-01 23:31:55.493: [INFO][Sync] Stopped: Preferences
2026-06-01 23:31:55.493: [INFO][Sync] Stopped: Passwords
2026-06-01 23:31:55.493: [INFO][Sync] Stopped: Autofill Profiles
2026-06-01 23:31:55.493: [INFO][Sync] Stopped: Autofill
2026-06-01 23:31:55.493: [INFO][Sync] Stopped: Extensions
2026-06-01 23:31:55.493: [INFO][Sync] Stopped: Sessions
2026-06-01 23:31:55.493: [INFO][Sync] Stopped: Extension settings
2026-06-01 23:31:55.493: [INFO][Sync] Stopped: History Delete Directives
2026-06-01 23:31:55.493: [INFO][Sync] Stopped: Device Info
2026-06-01 23:31:55.493: [INFO][Sync] Stopped: User Consents
2026-06-01 23:31:55.493: [INFO][Sync] Stopped: Send Tab To Self
2026-06-01 23:31:55.493: [INFO][Sync] Stopped: Web Apps
2026-06-01 23:31:55.493: [INFO][Sync] Stopped: History
2026-06-01 23:31:55.493: [INFO][Sync] Stopped: Saved Tab Group
2026-06-01 23:31:55.493: [INFO][Sync] Stopped: WebAuthn Credentials
2026-06-01 23:31:55.493: [INFO][Sync] Stopped: Collection
2026-06-01 23:31:55.493: [INFO][Sync] Stopped: Edge E Drop
2026-06-01 23:31:55.493: [INFO][Sync] Stopped: Edge Hub App Usage
2026-06-01 23:31:55.493: [INFO][Sync] Stopped: Edge Wallet
2026-06-01 23:31:55.493: [INFO][Sync] Stopped: Edge Workspace
2026-06-01 23:31:55.493: [INFO][Sync] SyncState after authenticated was: NotSignedIn
2026-06-01 23:31:55.907: [INFO][Sync] Reset engine, reason: 8
2026-06-01 23:31:55.907: [INFO][Sync] Stopped: Bookmarks
2026-06-01 23:31:55.907: [INFO][Sync] Stopped: Preferences
2026-06-01 23:31:55.907: [INFO][Sync] Stopped: Passwords
2026-06-01 23:31:55.908: [INFO][Sync] Stopped: Autofill Profiles
2026-06-01 23:31:55.908: [INFO][Sync] Stopped: Autofill
2026-06-01 23:31:55.908: [INFO][Sync] Stopped: Extensions
2026-06-01 23:31:55.908: [INFO][Sync] Stopped: Sessions
2026-06-01 23:31:55.908: [INFO][Sync] Stopped: Extension settings
2026-06-01 23:31:55.908: [INFO][Sync] Stopped: History Delete Directives
2026-06-01 23:31:55.908: [INFO][Sync] Stopped: Device Info
2026-06-01 23:31:55.908: [INFO][Sync] Stopped: User Consents
2026-06-01 23:31:55.908: [INFO][Sync] Stopped: Send Tab To Self
2026-06-01 23:31:55.908: [INFO][Sync] Stopped: Web Apps
2026-06-01 23:31:55.908: [INFO][Sync] Stopped: History
2026-06-01 23:31:55.908: [INFO][Sync] Stopped: Saved Tab Group
2026-06-01 23:31:55.908: [INFO][Sync] Stopped: WebAuthn Credentials
2026-06-01 23:31:55.908: [INFO][Sync] Stopped: Collection
2026-06-01 23:31:55.908: [INFO][Sync] Stopped: Edge E Drop
2026-06-01 23:31:55.908: [INFO][Sync] Stopped: Edge Hub App Usage
2026-06-01 23:31:55.908: [INFO][Sync] Stopped: Edge Wallet
2026-06-01 23:31:55.908: [INFO][Sync] Stopped: Edge Workspace
2026-06-01 23:32:12.668: [INFO][Sync] Reset engine, reason: 0
2026-06-01 23:32:13.485: [INFO][Sync] Reset engine, reason: 8
2026-06-01 23:32:13.485: [INFO][Sync] Stopped: Bookmarks
2026-06-01 23:32:13.485: [INFO][Sync] Stopped: Preferences
2026-06-01 23:32:13.485: [INFO][Sync] Stopped: Passwords
2026-06-01 23:32:13.485: [INFO][Sync] Stopped: Autofill Profiles
2026-06-01 23:32:13.485: [INFO][Sync] Stopped: Autofill
2026-06-01 23:32:13.485: [INFO][Sync] Stopped: Extensions
2026-06-01 23:32:13.485: [INFO][Sync] Stopped: Sessions
2026-06-01 23:32:13.485: [INFO][Sync] Stopped: Extension settings
2026-06-01 23:32:13.485: [INFO][Sync] Stopped: History Delete Directives
2026-06-01 23:32:13.485: [INFO][Sync] Stopped: Device Info
2026-06-01 23:32:13.485: [INFO][Sync] Stopped: User Consents
2026-06-01 23:32:13.485: [INFO][Sync] Stopped: Send Tab To Self
2026-06-01 23:32:13.485: [INFO][Sync] Stopped: Web Apps
2026-06-01 23:32:13.485: [INFO][Sync] Stopped: History
2026-06-01 23:32:13.486: [INFO][Sync] Stopped: Saved Tab Group
2026-06-01 23:32:13.486: [INFO][Sync] Stopped: WebAuthn Credentials
2026-06-01 23:32:13.486: [INFO][Sync] Stopped: Collection
2026-06-01 23:32:13.486: [INFO][Sync] Stopped: Edge E Drop
2026-06-01 23:32:13.486: [INFO][Sync] Stopped: Edge Hub App Usage
2026-06-01 23:32:13.486: [INFO][Sync] Stopped: Edge Wallet
2026-06-01 23:32:13.486: [INFO][Sync] Stopped: Edge Workspace
2026-06-01 23:32:13.486: [INFO][Sync] SyncState after authenticated was: NotSignedIn
2026-06-01 23:32:13.906: [INFO][Sync] Reset engine, reason: 8
2026-06-01 23:32:13.906: [INFO][Sync] Stopped: Bookmarks
2026-06-01 23:32:13.906: [INFO][Sync] Stopped: Preferences
2026-06-01 23:32:13.906: [INFO][Sync] Stopped: Passwords
2026-06-01 23:32:13.906: [INFO][Sync] Stopped: Autofill Profiles
2026-06-01 23:32:13.906: [INFO][Sync] Stopped: Autofill
2026-06-01 23:32:13.906: [INFO][Sync] Stopped: Extensions
2026-06-01 23:32:13.906: [INFO][Sync] Stopped: Sessions
2026-06-01 23:32:13.906: [INFO][Sync] Stopped: Extension settings
2026-06-01 23:32:13.906: [INFO][Sync] Stopped: History Delete Directives
2026-06-01 23:32:13.906: [INFO][Sync] Stopped: Device Info
2026-06-01 23:32:13.906: [INFO][Sync] Stopped: User Consents
2026-06-01 23:32:13.906: [INFO][Sync] Stopped: Send Tab To Self
2026-06-01 23:32:13.906: [INFO][Sync] Stopped: Web Apps
2026-06-01 23:32:13.906: [INFO][Sync] Stopped: History
2026-06-01 23:32:13.906: [INFO][Sync] Stopped: Saved Tab Group
2026-06-01 23:32:13.906: [INFO][Sync] Stopped: WebAuthn Credentials
2026-06-01 23:32:13.906: [INFO][Sync] Stopped: Collection
2026-06-01 23:32:13.906: [INFO][Sync] Stopped: Edge E Drop
2026-06-01 23:32:13.906: [INFO][Sync] Stopped: Edge Hub App Usage
2026-06-01 23:32:13.906: [INFO][Sync] Stopped: Edge Wallet
2026-06-01 23:32:13.906: [INFO][Sync] Stopped: Edge Workspace
2026-06-01 23:51:12.428: [INFO][Sync] Reset engine, reason: 0
2026-06-02 04:58:30.922: [INFO][Sync] Reset engine, reason: 8
2026-06-02 04:58:30.923: [INFO][Sync] Stopped: Bookmarks
2026-06-02 04:58:30.923: [INFO][Sync] Stopped: Preferences
2026-06-02 04:58:30.923: [INFO][Sync] Stopped: Passwords
2026-06-02 04:58:30.923: [INFO][Sync] Stopped: Autofill Profiles
2026-06-02 04:58:30.923: [INFO][Sync] Stopped: Autofill
2026-06-02 04:58:30.923: [INFO][Sync] Stopped: Extensions
2026-06-02 04:58:30.923: [INFO][Sync] Stopped: Sessions
2026-06-02 04:58:30.923: [INFO][Sync] Stopped: Extension settings
2026-06-02 04:58:30.923: [INFO][Sync] Stopped: History Delete Directives
2026-06-02 04:58:30.923: [INFO][Sync] Stopped: Device Info
2026-06-02 04:58:30.923: [INFO][Sync] Stopped: User Consents
2026-06-02 04:58:30.923: [INFO][Sync] Stopped: Send Tab To Self
2026-06-02 04:58:30.923: [INFO][Sync] Stopped: Web Apps
2026-06-02 04:58:30.923: [INFO][Sync] Stopped: History
2026-06-02 04:58:30.923: [INFO][Sync] Stopped: Saved Tab Group
2026-06-02 04:58:30.923: [INFO][Sync] Stopped: WebAuthn Credentials
2026-06-02 04:58:30.923: [INFO][Sync] Stopped: Collection
2026-06-02 04:58:30.923: [INFO][Sync] Stopped: Edge E Drop
2026-06-02 04:58:30.923: [INFO][Sync] Stopped: Edge Hub App Usage
2026-06-02 04:58:30.923: [INFO][Sync] Stopped: Edge Wallet
2026-06-02 04:58:30.923: [INFO][Sync] Stopped: Edge Workspace
2026-06-02 04:58:30.924: [INFO][Sync] SyncState after authenticated was: NotSignedIn
2026-06-02 04:58:31.484: [INFO][Sync] Reset engine, reason: 8
2026-06-02 04:58:31.484: [INFO][Sync] Stopped: Bookmarks
2026-06-02 04:58:31.484: [INFO][Sync] Stopped: Preferences
2026-06-02 04:58:31.484: [INFO][Sync] Stopped: Passwords
2026-06-02 04:58:31.484: [INFO][Sync] Stopped: Autofill Profiles
2026-06-02 04:58:31.484: [INFO][Sync] Stopped: Autofill
2026-06-02 04:58:31.484: [INFO][Sync] Stopped: Extensions
2026-06-02 04:58:31.484: [INFO][Sync] Stopped: Sessions
2026-06-02 04:58:31.484: [INFO][Sync] Stopped: Extension settings
2026-06-02 04:58:31.484: [INFO][Sync] Stopped: History Delete Directives
2026-06-02 04:58:31.484: [INFO][Sync] Stopped: Device Info
2026-06-02 04:58:31.484: [INFO][Sync] Stopped: User Consents
2026-06-02 04:58:31.484: [INFO][Sync] Stopped: Send Tab To Self
2026-06-02 04:58:31.484: [INFO][Sync] Stopped: Web Apps
2026-06-02 04:58:31.484: [INFO][Sync] Stopped: History
2026-06-02 04:58:31.484: [INFO][Sync] Stopped: Saved Tab Group
2026-06-02 04:58:31.484: [INFO][Sync] Stopped: WebAuthn Credentials
2026-06-02 04:58:31.484: [INFO][Sync] Stopped: Collection
2026-06-02 04:58:31.484: [INFO][Sync] Stopped: Edge E Drop
2026-06-02 04:58:31.484: [INFO][Sync] Stopped: Edge Hub App Usage
2026-06-02 04:58:31.484: [INFO][Sync] Stopped: Edge Wallet
2026-06-02 04:58:31.484: [INFO][Sync] Stopped: Edge Workspace
2026-06-02 04:58:33.412: [INFO][Sync] Reset engine, reason: 0
2026-06-03 07:14:08.782: [INFO][Sync] Reset engine, reason: 8
2026-06-03 07:14:08.782: [INFO][Sync] Stopped: Bookmarks
2026-06-03 07:14:08.782: [INFO][Sync] Stopped: Preferences
2026-06-03 07:14:08.782: [INFO][Sync] Stopped: Passwords
2026-06-03 07:14:08.782: [INFO][Sync] Stopped: Autofill Profiles
2026-06-03 07:14:08.782: [INFO][Sync] Stopped: Autofill
2026-06-03 07:14:08.782: [INFO][Sync] Stopped: Extensions
2026-06-03 07:14:08.782: [INFO][Sync] Stopped: Sessions
2026-06-03 07:14:08.783: [INFO][Sync] Stopped: Extension settings
2026-06-03 07:14:08.783: [INFO][Sync] Stopped: History Delete Directives
2026-06-03 07:14:08.783: [INFO][Sync] Stopped: Device Info
2026-06-03 07:14:08.783: [INFO][Sync] Stopped: User Consents
2026-06-03 07:14:08.783: [INFO][Sync] Stopped: Send Tab To Self
2026-06-03 07:14:08.783: [INFO][Sync] Stopped: Web Apps
2026-06-03 07:14:08.783: [INFO][Sync] Stopped: History
2026-06-03 07:14:08.783: [INFO][Sync] Stopped: Saved Tab Group
2026-06-03 07:14:08.783: [INFO][Sync] Stopped: WebAuthn Credentials
2026-06-03 07:14:08.783: [INFO][Sync] Stopped: Collection
2026-06-03 07:14:08.783: [INFO][Sync] Stopped: Edge E Drop
2026-06-03 07:14:08.783: [INFO][Sync] Stopped: Edge Hub App Usage
2026-06-03 07:14:08.783: [INFO][Sync] Stopped: Edge Wallet
2026-06-03 07:14:08.783: [INFO][Sync] Stopped: Edge Workspace
2026-06-03 07:14:08.783: [INFO][Sync] SyncState after authenticated was: NotSignedIn
2026-06-03 07:14:09.123: [INFO][Sync] Reset engine, reason: 8
2026-06-03 07:14:09.123: [INFO][Sync] Stopped: Bookmarks
2026-06-03 07:14:09.123: [INFO][Sync] Stopped: Preferences
2026-06-03 07:14:09.123: [INFO][Sync] Stopped: Passwords
2026-06-03 07:14:09.123: [INFO][Sync] Stopped: Autofill Profiles
2026-06-03 07:14:09.123: [INFO][Sync] Stopped: Autofill
2026-06-03 07:14:09.123: [INFO][Sync] Stopped: Extensions
2026-06-03 07:14:09.123: [INFO][Sync] Stopped: Sessions
2026-06-03 07:14:09.123: [INFO][Sync] Stopped: Extension settings
2026-06-03 07:14:09.123: [INFO][Sync] Stopped: History Delete Directives
2026-06-03 07:14:09.123: [INFO][Sync] Stopped: Device Info
2026-06-03 07:14:09.123: [INFO][Sync] Stopped: User Consents
2026-06-03 07:14:09.123: [INFO][Sync] Stopped: Send Tab To Self
2026-06-03 07:14:09.123: [INFO][Sync] Stopped: Web Apps
2026-06-03 07:14:09.123: [INFO][Sync] Stopped: History
2026-06-03 07:14:09.123: [INFO][Sync] Stopped: Saved Tab Group
2026-06-03 07:14:09.123: [INFO][Sync] Stopped: WebAuthn Credentials
2026-06-03 07:14:09.123: [INFO][Sync] Stopped: Collection
2026-06-03 07:14:09.123: [INFO][Sync] Stopped: Edge E Drop
2026-06-03 07:14:09.123: [INFO][Sync] Stopped: Edge Hub App Usage
2026-06-03 07:14:09.123: [INFO][Sync] Stopped: Edge Wallet
2026-06-03 07:14:09.123: [INFO][Sync] Stopped: Edge Workspace
2026-06-03 10:35:05.021: [INFO][Sync] Reset engine, reason: 0
2026-06-03 10:35:05.408: [INFO][Sync] Reset engine, reason: 8
2026-06-03 10:35:05.408: [INFO][Sync] Stopped: Bookmarks
2026-06-03 10:35:05.408: [INFO][Sync] Stopped: Preferences
2026-06-03 10:35:05.408: [INFO][Sync] Stopped: Passwords
2026-06-03 10:35:05.408: [INFO][Sync] Stopped: Autofill Profiles
2026-06-03 10:35:05.408: [INFO][Sync] Stopped: Autofill
2026-06-03 10:35:05.408: [INFO][Sync] Stopped: Extensions
2026-06-03 10:35:05.408: [INFO][Sync] Stopped: Sessions
2026-06-03 10:35:05.408: [INFO][Sync] Stopped: Extension settings
2026-06-03 10:35:05.408: [INFO][Sync] Stopped: History Delete Directives
2026-06-03 10:35:05.408: [INFO][Sync] Stopped: Device Info
2026-06-03 10:35:05.408: [INFO][Sync] Stopped: User Consents
2026-06-03 10:35:05.408: [INFO][Sync] Stopped: Send Tab To Self
2026-06-03 10:35:05.408: [INFO][Sync] Stopped: Web Apps
2026-06-03 10:35:05.408: [INFO][Sync] Stopped: History
2026-06-03 10:35:05.408: [INFO][Sync] Stopped: Saved Tab Group
2026-06-03 10:35:05.408: [INFO][Sync] Stopped: WebAuthn Credentials
2026-06-03 10:35:05.408: [INFO][Sync] Stopped: Collection
2026-06-03 10:35:05.408: [INFO][Sync] Stopped: Edge E Drop
2026-06-03 10:35:05.408: [INFO][Sync] Stopped: Edge Hub App Usage
2026-06-03 10:35:05.408: [INFO][Sync] Stopped: Edge Wallet
2026-06-03 10:35:05.408: [INFO][Sync] Stopped: Edge Workspace
2026-06-03 10:35:05.408: [INFO][Sync] SyncState after authenticated was: NotSignedIn
2026-06-03 10:35:05.524: [INFO][Sync] Reset engine, reason: 8
2026-06-03 10:35:05.524: [INFO][Sync] Stopped: Bookmarks
2026-06-03 10:35:05.524: [INFO][Sync] Stopped: Preferences
2026-06-03 10:35:05.524: [INFO][Sync] Stopped: Passwords
2026-06-03 10:35:05.524: [INFO][Sync] Stopped: Autofill Profiles
2026-06-03 10:35:05.524: [INFO][Sync] Stopped: Autofill
2026-06-03 10:35:05.524: [INFO][Sync] Stopped: Extensions
2026-06-03 10:35:05.524: [INFO][Sync] Stopped: Sessions
2026-06-03 10:35:05.524: [INFO][Sync] Stopped: Extension settings
2026-06-03 10:35:05.524: [INFO][Sync] Stopped: History Delete Directives
2026-06-03 10:35:05.524: [INFO][Sync] Stopped: Device Info
2026-06-03 10:35:05.524: [INFO][Sync] Stopped: User Consents
2026-06-03 10:35:05.524: [INFO][Sync] Stopped: Send Tab To Self
2026-06-03 10:35:05.524: [INFO][Sync] Stopped: Web Apps
2026-06-03 10:35:05.524: [INFO][Sync] Stopped: History
2026-06-03 10:35:05.524: [INFO][Sync] Stopped: Saved Tab Group
2026-06-03 10:35:05.524: [INFO][Sync] Stopped: WebAuthn Credentials
2026-06-03 10:35:05.524: [INFO][Sync] Stopped: Collection
2026-06-03 10:35:05.524: [INFO][Sync] Stopped: Edge E Drop
2026-06-03 10:35:05.524: [INFO][Sync] Stopped: Edge Hub App Usage
2026-06-03 10:35:05.524: [INFO][Sync] Stopped: Edge Wallet
2026-06-03 10:35:05.524: [INFO][Sync] Stopped: Edge Workspace
2026-06-03 21:51:00.415: [INFO][Sync] Reset engine, reason: 8
2026-06-03 21:51:00.415: [INFO][Sync] Stopped: Bookmarks
2026-06-03 21:51:00.415: [INFO][Sync] Stopped: Preferences
2026-06-03 21:51:00.415: [INFO][Sync] Stopped: Passwords
2026-06-03 21:51:00.415: [INFO][Sync] Stopped: Autofill Profiles
2026-06-03 21:51:00.415: [INFO][Sync] Stopped: Autofill
2026-06-03 21:51:00.416: [INFO][Sync] Stopped: Extensions
2026-06-03 21:51:00.416: [INFO][Sync] Stopped: Sessions
2026-06-03 21:51:00.416: [INFO][Sync] Stopped: Extension settings
2026-06-03 21:51:00.416: [INFO][Sync] Stopped: History Delete Directives
2026-06-03 21:51:00.416: [INFO][Sync] Stopped: Device Info
2026-06-03 21:51:00.416: [INFO][Sync] Stopped: User Consents
2026-06-03 21:51:00.416: [INFO][Sync] Stopped: Send Tab To Self
2026-06-03 21:51:00.416: [INFO][Sync] Stopped: Web Apps
2026-06-03 21:51:00.416: [INFO][Sync] Stopped: History
2026-06-03 21:51:00.416: [INFO][Sync] Stopped: Saved Tab Group
2026-06-03 21:51:00.416: [INFO][Sync] Stopped: WebAuthn Credentials
2026-06-03 21:51:00.416: [INFO][Sync] Stopped: Collection
2026-06-03 21:51:00.416: [INFO][Sync] Stopped: Edge E Drop
2026-06-03 21:51:00.416: [INFO][Sync] Stopped: Edge Hub App Usage
2026-06-03 21:51:00.416: [INFO][Sync] Stopped: Edge Wallet
2026-06-03 21:51:00.416: [INFO][Sync] Stopped: Edge Workspace
2026-06-03 21:51:00.416: [INFO][Sync] SyncState after authenticated was: NotSignedIn
2026-06-03 21:51:01.084: [INFO][Sync] Reset engine, reason: 8
2026-06-03 21:51:01.084: [INFO][Sync] Stopped: Bookmarks
2026-06-03 21:51:01.084: [INFO][Sync] Stopped: Preferences
2026-06-03 21:51:01.084: [INFO][Sync] Stopped: Passwords
2026-06-03 21:51:01.084: [INFO][Sync] Stopped: Autofill Profiles
2026-06-03 21:51:01.084: [INFO][Sync] Stopped: Autofill
2026-06-03 21:51:01.084: [INFO][Sync] Stopped: Extensions
2026-06-03 21:51:01.084: [INFO][Sync] Stopped: Sessions
2026-06-03 21:51:01.084: [INFO][Sync] Stopped: Extension settings
2026-06-03 21:51:01.084: [INFO][Sync] Stopped: History Delete Directives
2026-06-03 21:51:01.084: [INFO][Sync] Stopped: Device Info
2026-06-03 21:51:01.084: [INFO][Sync] Stopped: User Consents
2026-06-03 21:51:01.084: [INFO][Sync] Stopped: Send Tab To Self
2026-06-03 21:51:01.084: [INFO][Sync] Stopped: Web Apps
2026-06-03 21:51:01.084: [INFO][Sync] Stopped: History
2026-06-03 21:51:01.084: [INFO][Sync] Stopped: Saved Tab Group
2026-06-03 21:51:01.084: [INFO][Sync] Stopped: WebAuthn Credentials
2026-06-03 21:51:01.084: [INFO][Sync] Stopped: Collection
2026-06-03 21:51:01.084: [INFO][Sync] Stopped: Edge E Drop
2026-06-03 21:51:01.084: [INFO][Sync] Stopped: Edge Hub App Usage
2026-06-03 21:51:01.084: [INFO][Sync] Stopped: Edge Wallet
2026-06-03 21:51:01.084: [INFO][Sync] Stopped: Edge Workspace
2026-06-04 05:13:52.835: [INFO][Sync] Reset engine, reason: 0
2026-06-04 05:13:54.595: [INFO][Sync] Reset engine, reason: 8
2026-06-04 05:13:54.595: [INFO][Sync] Stopped: Bookmarks
2026-06-04 05:13:54.595: [INFO][Sync] Stopped: Preferences
2026-06-04 05:13:54.595: [INFO][Sync] Stopped: Passwords
2026-06-04 05:13:54.595: [INFO][Sync] Stopped: Autofill Profiles
2026-06-04 05:13:54.595: [INFO][Sync] Stopped: Autofill
2026-06-04 05:13:54.595: [INFO][Sync] Stopped: Extensions
2026-06-04 05:13:54.595: [INFO][Sync] Stopped: Sessions
2026-06-04 05:13:54.595: [INFO][Sync] Stopped: Extension settings
2026-06-04 05:13:54.595: [INFO][Sync] Stopped: History Delete Directives
2026-06-04 05:13:54.595: [INFO][Sync] Stopped: Device Info
2026-06-04 05:13:54.595: [INFO][Sync] Stopped: User Consents
2026-06-04 05:13:54.595: [INFO][Sync] Stopped: Send Tab To Self
2026-06-04 05:13:54.595: [INFO][Sync] Stopped: Web Apps
2026-06-04 05:13:54.595: [INFO][Sync] Stopped: History
2026-06-04 05:13:54.595: [INFO][Sync] Stopped: Saved Tab Group
2026-06-04 05:13:54.595: [INFO][Sync] Stopped: WebAuthn Credentials
2026-06-04 05:13:54.595: [INFO][Sync] Stopped: Collection
2026-06-04 05:13:54.595: [INFO][Sync] Stopped: Edge E Drop
2026-06-04 05:13:54.595: [INFO][Sync] Stopped: Edge Hub App Usage
2026-06-04 05:13:54.595: [INFO][Sync] Stopped: Edge Wallet
2026-06-04 05:13:54.595: [INFO][Sync] Stopped: Edge Workspace
2026-06-04 05:13:54.596: [INFO][Sync] SyncState after authenticated was: NotSignedIn
2026-06-04 05:13:55.554: [INFO][Sync] Reset engine, reason: 8
2026-06-04 05:13:55.554: [INFO][Sync] Stopped: Bookmarks
2026-06-04 05:13:55.554: [INFO][Sync] Stopped: Preferences
2026-06-04 05:13:55.554: [INFO][Sync] Stopped: Passwords
2026-06-04 05:13:55.554: [INFO][Sync] Stopped: Autofill Profiles
2026-06-04 05:13:55.554: [INFO][Sync] Stopped: Autofill
2026-06-04 05:13:55.554: [INFO][Sync] Stopped: Extensions
2026-06-04 05:13:55.554: [INFO][Sync] Stopped: Sessions
2026-06-04 05:13:55.554: [INFO][Sync] Stopped: Extension settings
2026-06-04 05:13:55.554: [INFO][Sync] Stopped: History Delete Directives
2026-06-04 05:13:55.554: [INFO][Sync] Stopped: Device Info
2026-06-04 05:13:55.554: [INFO][Sync] Stopped: User Consents
2026-06-04 05:13:55.554: [INFO][Sync] Stopped: Send Tab To Self
2026-06-04 05:13:55.554: [INFO][Sync] Stopped: Web Apps
2026-06-04 05:13:55.554: [INFO][Sync] Stopped: History
2026-06-04 05:13:55.554: [INFO][Sync] Stopped: Saved Tab Group
2026-06-04 05:13:55.554: [INFO][Sync] Stopped: WebAuthn Credentials
2026-06-04 05:13:55.554: [INFO][Sync] Stopped: Collection
2026-06-04 05:13:55.554: [INFO][Sync] Stopped: Edge E Drop
2026-06-04 05:13:55.554: [INFO][Sync] Stopped: Edge Hub App Usage
2026-06-04 05:13:55.554: [INFO][Sync] Stopped: Edge Wallet
2026-06-04 05:13:55.554: [INFO][Sync] Stopped: Edge Workspace
2026-06-04 05:53:08.055: [INFO][Sync] Reset engine, reason: 0
2026-06-04 05:53:13.602: [INFO][Sync] Reset engine, reason: 8
2026-06-04 05:53:13.602: [INFO][Sync] Stopped: Bookmarks
2026-06-04 05:53:13.602: [INFO][Sync] Stopped: Preferences
2026-06-04 05:53:13.602: [INFO][Sync] Stopped: Passwords
2026-06-04 05:53:13.602: [INFO][Sync] Stopped: Autofill Profiles
2026-06-04 05:53:13.602: [INFO][Sync] Stopped: Autofill
2026-06-04 05:53:13.602: [INFO][Sync] Stopped: Extensions
2026-06-04 05:53:13.602: [INFO][Sync] Stopped: Sessions
2026-06-04 05:53:13.602: [INFO][Sync] Stopped: Extension settings
2026-06-04 05:53:13.602: [INFO][Sync] Stopped: History Delete Directives
2026-06-04 05:53:13.602: [INFO][Sync] Stopped: Device Info
2026-06-04 05:53:13.602: [INFO][Sync] Stopped: User Consents
2026-06-04 05:53:13.602: [INFO][Sync] Stopped: Send Tab To Self
2026-06-04 05:53:13.602: [INFO][Sync] Stopped: Web Apps
2026-06-04 05:53:13.602: [INFO][Sync] Stopped: History
2026-06-04 05:53:13.602: [INFO][Sync] Stopped: Saved Tab Group
2026-06-04 05:53:13.602: [INFO][Sync] Stopped: WebAuthn Credentials
2026-06-04 05:53:13.602: [INFO][Sync] Stopped: Collection
2026-06-04 05:53:13.603: [INFO][Sync] Stopped: Edge E Drop
2026-06-04 05:53:13.603: [INFO][Sync] Stopped: Edge Hub App Usage
2026-06-04 05:53:13.603: [INFO][Sync] Stopped: Edge Wallet
2026-06-04 05:53:13.603: [INFO][Sync] Stopped: Edge Workspace
2026-06-04 05:53:13.604: [INFO][Sync] SyncState after authenticated was: NotSignedIn
2026-06-04 05:53:15.535: [INFO][Sync] Reset engine, reason: 8
2026-06-04 05:53:15.535: [INFO][Sync] Stopped: Bookmarks
2026-06-04 05:53:15.535: [INFO][Sync] Stopped: Preferences
2026-06-04 05:53:15.535: [INFO][Sync] Stopped: Passwords
2026-06-04 05:53:15.535: [INFO][Sync] Stopped: Autofill Profiles
2026-06-04 05:53:15.535: [INFO][Sync] Stopped: Autofill
2026-06-04 05:53:15.535: [INFO][Sync] Stopped: Extensions
2026-06-04 05:53:15.535: [INFO][Sync] Stopped: Sessions
2026-06-04 05:53:15.535: [INFO][Sync] Stopped: Extension settings
2026-06-04 05:53:15.535: [INFO][Sync] Stopped: History Delete Directives
2026-06-04 05:53:15.535: [INFO][Sync] Stopped: Device Info
2026-06-04 05:53:15.535: [INFO][Sync] Stopped: User Consents
2026-06-04 05:53:15.535: [INFO][Sync] Stopped: Send Tab To Self
2026-06-04 05:53:15.535: [INFO][Sync] Stopped: Web Apps
2026-06-04 05:53:15.535: [INFO][Sync] Stopped: History
2026-06-04 05:53:15.535: [INFO][Sync] Stopped: Saved Tab Group
2026-06-04 05:53:15.535: [INFO][Sync] Stopped: WebAuthn Credentials
2026-06-04 05:53:15.535: [INFO][Sync] Stopped: Collection
2026-06-04 05:53:15.535: [INFO][Sync] Stopped: Edge E Drop
2026-06-04 05:53:15.535: [INFO][Sync] Stopped: Edge Hub App Usage
2026-06-04 05:53:15.535: [INFO][Sync] Stopped: Edge Wallet
2026-06-04 05:53:15.535: [INFO][Sync] Stopped: Edge Workspace
2026-06-04 07:01:33.833: [INFO][Sync] Reset engine, reason: 0
2026-06-04 07:01:37.105: [INFO][Sync] Reset engine, reason: 8
2026-06-04 07:01:37.106: [INFO][Sync] Stopped: Bookmarks
2026-06-04 07:01:37.106: [INFO][Sync] Stopped: Preferences
2026-06-04 07:01:37.106: [INFO][Sync] Stopped: Passwords
2026-06-04 07:01:37.106: [INFO][Sync] Stopped: Autofill Profiles
2026-06-04 07:01:37.106: [INFO][Sync] Stopped: Autofill
2026-06-04 07:01:37.106: [INFO][Sync] Stopped: Extensions
2026-06-04 07:01:37.106: [INFO][Sync] Stopped: Sessions
2026-06-04 07:01:37.106: [INFO][Sync] Stopped: Extension settings
2026-06-04 07:01:37.106: [INFO][Sync] Stopped: History Delete Directives
2026-06-04 07:01:37.106: [INFO][Sync] Stopped: Device Info
2026-06-04 07:01:37.106: [INFO][Sync] Stopped: User Consents
2026-06-04 07:01:37.106: [INFO][Sync] Stopped: Send Tab To Self
2026-06-04 07:01:37.106: [INFO][Sync] Stopped: Web Apps
2026-06-04 07:01:37.106: [INFO][Sync] Stopped: History
2026-06-04 07:01:37.106: [INFO][Sync] Stopped: Saved Tab Group
2026-06-04 07:01:37.106: [INFO][Sync] Stopped: WebAuthn Credentials
2026-06-04 07:01:37.106: [INFO][Sync] Stopped: Collection
2026-06-04 07:01:37.106: [INFO][Sync] Stopped: Edge E Drop
2026-06-04 07:01:37.106: [INFO][Sync] Stopped: Edge Hub App Usage
2026-06-04 07:01:37.106: [INFO][Sync] Stopped: Edge Wallet
2026-06-04 07:01:37.106: [INFO][Sync] Stopped: Edge Workspace
2026-06-04 07:01:37.106: [INFO][Sync] SyncState after authenticated was: NotSignedIn
2026-06-04 07:01:38.851: [INFO][Sync] Reset engine, reason: 8
2026-06-04 07:01:38.851: [INFO][Sync] Stopped: Bookmarks
2026-06-04 07:01:38.851: [INFO][Sync] Stopped: Preferences
2026-06-04 07:01:38.851: [INFO][Sync] Stopped: Passwords
2026-06-04 07:01:38.851: [INFO][Sync] Stopped: Autofill Profiles
2026-06-04 07:01:38.851: [INFO][Sync] Stopped: Autofill
2026-06-04 07:01:38.851: [INFO][Sync] Stopped: Extensions
2026-06-04 07:01:38.851: [INFO][Sync] Stopped: Sessions
2026-06-04 07:01:38.851: [INFO][Sync] Stopped: Extension settings
2026-06-04 07:01:38.852: [INFO][Sync] Stopped: History Delete Directives
2026-06-04 07:01:38.852: [INFO][Sync] Stopped: Device Info
2026-06-04 07:01:38.852: [INFO][Sync] Stopped: User Consents
2026-06-04 07:01:38.852: [INFO][Sync] Stopped: Send Tab To Self
2026-06-04 07:01:38.852: [INFO][Sync] Stopped: Web Apps
2026-06-04 07:01:38.852: [INFO][Sync] Stopped: History
2026-06-04 07:01:38.852: [INFO][Sync] Stopped: Saved Tab Group
2026-06-04 07:01:38.852: [INFO][Sync] Stopped: WebAuthn Credentials
2026-06-04 07:01:38.852: [INFO][Sync] Stopped: Collection
2026-06-04 07:01:38.852: [INFO][Sync] Stopped: Edge E Drop
2026-06-04 07:01:38.852: [INFO][Sync] Stopped: Edge Hub App Usage
2026-06-04 07:01:38.852: [INFO][Sync] Stopped: Edge Wallet
2026-06-04 07:01:38.852: [INFO][Sync] Stopped: Edge Workspace
2026-06-04 08:05:59.951: [INFO][Sync] Reset engine, reason: 0
2026-06-04 08:06:06.558: [INFO][Sync] Reset engine, reason: 8
2026-06-04 08:06:06.558: [INFO][Sync] Stopped: Bookmarks
2026-06-04 08:06:06.558: [INFO][Sync] Stopped: Preferences
2026-06-04 08:06:06.558: [INFO][Sync] Stopped: Passwords
2026-06-04 08:06:06.559: [INFO][Sync] Stopped: Autofill Profiles
2026-06-04 08:06:06.559: [INFO][Sync] Stopped: Autofill
2026-06-04 08:06:06.559: [INFO][Sync] Stopped: Extensions
2026-06-04 08:06:06.559: [INFO][Sync] Stopped: Sessions
2026-06-04 08:06:06.559: [INFO][Sync] Stopped: Extension settings
2026-06-04 08:06:06.559: [INFO][Sync] Stopped: History Delete Directives
2026-06-04 08:06:06.559: [INFO][Sync] Stopped: Device Info
2026-06-04 08:06:06.559: [INFO][Sync] Stopped: User Consents
2026-06-04 08:06:06.559: [INFO][Sync] Stopped: Send Tab To Self
2026-06-04 08:06:06.559: [INFO][Sync] Stopped: Web Apps
2026-06-04 08:06:06.559: [INFO][Sync] Stopped: History
2026-06-04 08:06:06.559: [INFO][Sync] Stopped: Saved Tab Group
2026-06-04 08:06:06.559: [INFO][Sync] Stopped: WebAuthn Credentials
2026-06-04 08:06:06.559: [INFO][Sync] Stopped: Collection
2026-06-04 08:06:06.559: [INFO][Sync] Stopped: Edge E Drop
2026-06-04 08:06:06.559: [INFO][Sync] Stopped: Edge Hub App Usage
2026-06-04 08:06:06.559: [INFO][Sync] Stopped: Edge Wallet
2026-06-04 08:06:06.559: [INFO][Sync] Stopped: Edge Workspace
2026-06-04 08:06:06.559: [INFO][Sync] SyncState after authenticated was: NotSignedIn
2026-06-04 08:06:09.352: [INFO][Sync] Reset engine, reason: 8
2026-06-04 08:06:09.352: [INFO][Sync] Stopped: Bookmarks
2026-06-04 08:06:09.352: [INFO][Sync] Stopped: Preferences
2026-06-04 08:06:09.352: [INFO][Sync] Stopped: Passwords
2026-06-04 08:06:09.352: [INFO][Sync] Stopped: Autofill Profiles
2026-06-04 08:06:09.352: [INFO][Sync] Stopped: Autofill
2026-06-04 08:06:09.352: [INFO][Sync] Stopped: Extensions
2026-06-04 08:06:09.352: [INFO][Sync] Stopped: Sessions
2026-06-04 08:06:09.352: [INFO][Sync] Stopped: Extension settings
2026-06-04 08:06:09.352: [INFO][Sync] Stopped: History Delete Directives
2026-06-04 08:06:09.352: [INFO][Sync] Stopped: Device Info
2026-06-04 08:06:09.352: [INFO][Sync] Stopped: User Consents
2026-06-04 08:06:09.352: [INFO][Sync] Stopped: Send Tab To Self
2026-06-04 08:06:09.352: [INFO][Sync] Stopped: Web Apps
2026-06-04 08:06:09.352: [INFO][Sync] Stopped: History
2026-06-04 08:06:09.352: [INFO][Sync] Stopped: Saved Tab Group
2026-06-04 08:06:09.352: [INFO][Sync] Stopped: WebAuthn Credentials
2026-06-04 08:06:09.352: [INFO][Sync] Stopped: Collection
2026-06-04 08:06:09.352: [INFO][Sync] Stopped: Edge E Drop
2026-06-04 08:06:09.352: [INFO][Sync] Stopped: Edge Hub App Usage
2026-06-04 08:06:09.352: [INFO][Sync] Stopped: Edge Wallet
2026-06-04 08:06:09.352: [INFO][Sync] Stopped: Edge Workspace
2026-06-04 09:16:47.641: [INFO][Sync] Reset engine, reason: 0
2026-06-04 09:16:53.856: [INFO][Sync] Reset engine, reason: 8
2026-06-04 09:16:53.856: [INFO][Sync] Stopped: Bookmarks
2026-06-04 09:16:53.856: [INFO][Sync] Stopped: Preferences
2026-06-04 09:16:53.856: [INFO][Sync] Stopped: Passwords
2026-06-04 09:16:53.856: [INFO][Sync] Stopped: Autofill Profiles
2026-06-04 09:16:53.856: [INFO][Sync] Stopped: Autofill
2026-06-04 09:16:53.856: [INFO][Sync] Stopped: Extensions
2026-06-04 09:16:53.856: [INFO][Sync] Stopped: Sessions
2026-06-04 09:16:53.856: [INFO][Sync] Stopped: Extension settings
2026-06-04 09:16:53.856: [INFO][Sync] Stopped: History Delete Directives
2026-06-04 09:16:53.856: [INFO][Sync] Stopped: Device Info
2026-06-04 09:16:53.856: [INFO][Sync] Stopped: User Consents
2026-06-04 09:16:53.856: [INFO][Sync] Stopped: Send Tab To Self
2026-06-04 09:16:53.856: [INFO][Sync] Stopped: Web Apps
2026-06-04 09:16:53.856: [INFO][Sync] Stopped: History
2026-06-04 09:16:53.856: [INFO][Sync] Stopped: Saved Tab Group
2026-06-04 09:16:53.856: [INFO][Sync] Stopped: WebAuthn Credentials
2026-06-04 09:16:53.856: [INFO][Sync] Stopped: Collection
2026-06-04 09:16:53.856: [INFO][Sync] Stopped: Edge E Drop
2026-06-04 09:16:53.856: [INFO][Sync] Stopped: Edge Hub App Usage
2026-06-04 09:16:53.856: [INFO][Sync] Stopped: Edge Wallet
2026-06-04 09:16:53.856: [INFO][Sync] Stopped: Edge Workspace
2026-06-04 09:16:53.857: [INFO][Sync] SyncState after authenticated was: NotSignedIn
2026-06-04 09:16:57.137: [INFO][Sync] Reset engine, reason: 8
2026-06-04 09:16:57.137: [INFO][Sync] Stopped: Bookmarks
2026-06-04 09:16:57.137: [INFO][Sync] Stopped: Preferences
2026-06-04 09:16:57.137: [INFO][Sync] Stopped: Passwords
2026-06-04 09:16:57.137: [INFO][Sync] Stopped: Autofill Profiles
2026-06-04 09:16:57.137: [INFO][Sync] Stopped: Autofill
2026-06-04 09:16:57.137: [INFO][Sync] Stopped: Extensions
2026-06-04 09:16:57.137: [INFO][Sync] Stopped: Sessions
2026-06-04 09:16:57.137: [INFO][Sync] Stopped: Extension settings
2026-06-04 09:16:57.137: [INFO][Sync] Stopped: History Delete Directives
2026-06-04 09:16:57.137: [INFO][Sync] Stopped: Device Info
2026-06-04 09:16:57.137: [INFO][Sync] Stopped: User Consents
2026-06-04 09:16:57.137: [INFO][Sync] Stopped: Send Tab To Self
2026-06-04 09:16:57.137: [INFO][Sync] Stopped: Web Apps
2026-06-04 09:16:57.137: [INFO][Sync] Stopped: History
2026-06-04 09:16:57.137: [INFO][Sync] Stopped: Saved Tab Group
2026-06-04 09:16:57.137: [INFO][Sync] Stopped: WebAuthn Credentials
2026-06-04 09:16:57.137: [INFO][Sync] Stopped: Collection
2026-06-04 09:16:57.137: [INFO][Sync] Stopped: Edge E Drop
2026-06-04 09:16:57.137: [INFO][Sync] Stopped: Edge Hub App Usage
2026-06-04 09:16:57.137: [INFO][Sync] Stopped: Edge Wallet
2026-06-04 09:16:57.137: [INFO][Sync] Stopped: Edge Workspace
2026-06-04 10:45:45.534: [INFO][Sync] Reset engine, reason: 0
2026-06-04 11:27:21.139: [INFO][Sync] Reset engine, reason: 8
2026-06-04 11:27:21.139: [INFO][Sync] Stopped: Bookmarks
2026-06-04 11:27:21.139: [INFO][Sync] Stopped: Preferences
2026-06-04 11:27:21.139: [INFO][Sync] Stopped: Passwords
2026-06-04 11:27:21.139: [INFO][Sync] Stopped: Autofill Profiles
2026-06-04 11:27:21.139: [INFO][Sync] Stopped: Autofill
2026-06-04 11:27:21.139: [INFO][Sync] Stopped: Extensions
2026-06-04 11:27:21.139: [INFO][Sync] Stopped: Sessions
2026-06-04 11:27:21.139: [INFO][Sync] Stopped: Extension settings
2026-06-04 11:27:21.139: [INFO][Sync] Stopped: History Delete Directives
2026-06-04 11:27:21.139: [INFO][Sync] Stopped: Device Info
2026-06-04 11:27:21.139: [INFO][Sync] Stopped: User Consents
2026-06-04 11:27:21.139: [INFO][Sync] Stopped: Send Tab To Self
2026-06-04 11:27:21.139: [INFO][Sync] Stopped: Web Apps
2026-06-04 11:27:21.139: [INFO][Sync] Stopped: History
2026-06-04 11:27:21.139: [INFO][Sync] Stopped: Saved Tab Group
2026-06-04 11:27:21.139: [INFO][Sync] Stopped: WebAuthn Credentials
2026-06-04 11:27:21.139: [INFO][Sync] Stopped: Collection
2026-06-04 11:27:21.139: [INFO][Sync] Stopped: Edge E Drop
2026-06-04 11:27:21.139: [INFO][Sync] Stopped: Edge Hub App Usage
2026-06-04 11:27:21.139: [INFO][Sync] Stopped: Edge Wallet
2026-06-04 11:27:21.139: [INFO][Sync] Stopped: Edge Workspace
2026-06-04 11:27:21.139: [INFO][Sync] SyncState after authenticated was: NotSignedIn
2026-06-04 11:27:21.752: [INFO][Sync] Reset engine, reason: 8
2026-06-04 11:27:21.752: [INFO][Sync] Stopped: Bookmarks
2026-06-04 11:27:21.752: [INFO][Sync] Stopped: Preferences
2026-06-04 11:27:21.752: [INFO][Sync] Stopped: Passwords
2026-06-04 11:27:21.752: [INFO][Sync] Stopped: Autofill Profiles
2026-06-04 11:27:21.752: [INFO][Sync] Stopped: Autofill
2026-06-04 11:27:21.752: [INFO][Sync] Stopped: Extensions
2026-06-04 11:27:21.752: [INFO][Sync] Stopped: Sessions
2026-06-04 11:27:21.752: [INFO][Sync] Stopped: Extension settings
2026-06-04 11:27:21.752: [INFO][Sync] Stopped: History Delete Directives
2026-06-04 11:27:21.752: [INFO][Sync] Stopped: Device Info
2026-06-04 11:27:21.752: [INFO][Sync] Stopped: User Consents
2026-06-04 11:27:21.752: [INFO][Sync] Stopped: Send Tab To Self
2026-06-04 11:27:21.752: [INFO][Sync] Stopped: Web Apps
2026-06-04 11:27:21.752: [INFO][Sync] Stopped: History
2026-06-04 11:27:21.752: [INFO][Sync] Stopped: Saved Tab Group
2026-06-04 11:27:21.752: [INFO][Sync] Stopped: WebAuthn Credentials
2026-06-04 11:27:21.752: [INFO][Sync] Stopped: Collection
2026-06-04 11:27:21.752: [INFO][Sync] Stopped: Edge E Drop
2026-06-04 11:27:21.752: [INFO][Sync] Stopped: Edge Hub App Usage
2026-06-04 11:27:21.752: [INFO][Sync] Stopped: Edge Wallet
2026-06-04 11:27:21.752: [INFO][Sync] Stopped: Edge Workspace
2026-06-04 13:24:27.687: [INFO][Sync] Reset engine, reason: 0
2026-06-04 13:26:54.974: [INFO][Sync] Reset engine, reason: 8
2026-06-04 13:26:54.974: [INFO][Sync] Stopped: Bookmarks
2026-06-04 13:26:54.974: [INFO][Sync] Stopped: Preferences
2026-06-04 13:26:54.974: [INFO][Sync] Stopped: Passwords
2026-06-04 13:26:54.974: [INFO][Sync] Stopped: Autofill Profiles
2026-06-04 13:26:54.974: [INFO][Sync] Stopped: Autofill
2026-06-04 13:26:54.974: [INFO][Sync] Stopped: Extensions
2026-06-04 13:26:54.974: [INFO][Sync] Stopped: Sessions
2026-06-04 13:26:54.974: [INFO][Sync] Stopped: Extension settings
2026-06-04 13:26:54.974: [INFO][Sync] Stopped: History Delete Directives
2026-06-04 13:26:54.974: [INFO][Sync] Stopped: Device Info
2026-06-04 13:26:54.974: [INFO][Sync] Stopped: User Consents
2026-06-04 13:26:54.974: [INFO][Sync] Stopped: Send Tab To Self
2026-06-04 13:26:54.974: [INFO][Sync] Stopped: Web Apps
2026-06-04 13:26:54.974: [INFO][Sync] Stopped: History
2026-06-04 13:26:54.974: [INFO][Sync] Stopped: Saved Tab Group
2026-06-04 13:26:54.974: [INFO][Sync] Stopped: WebAuthn Credentials
2026-06-04 13:26:54.974: [INFO][Sync] Stopped: Collection
2026-06-04 13:26:54.974: [INFO][Sync] Stopped: Edge E Drop
2026-06-04 13:26:54.974: [INFO][Sync] Stopped: Edge Hub App Usage
2026-06-04 13:26:54.974: [INFO][Sync] Stopped: Edge Wallet
2026-06-04 13:26:54.974: [INFO][Sync] Stopped: Edge Workspace
2026-06-04 13:26:54.975: [INFO][Sync] SyncState after authenticated was: NotSignedIn
2026-06-04 13:26:55.377: [INFO][Sync] Reset engine, reason: 8
2026-06-04 13:26:55.377: [INFO][Sync] Stopped: Bookmarks
2026-06-04 13:26:55.377: [INFO][Sync] Stopped: Preferences
2026-06-04 13:26:55.377: [INFO][Sync] Stopped: Passwords
2026-06-04 13:26:55.377: [INFO][Sync] Stopped: Autofill Profiles
2026-06-04 13:26:55.377: [INFO][Sync] Stopped: Autofill
2026-06-04 13:26:55.377: [INFO][Sync] Stopped: Extensions
2026-06-04 13:26:55.377: [INFO][Sync] Stopped: Sessions
2026-06-04 13:26:55.377: [INFO][Sync] Stopped: Extension settings
2026-06-04 13:26:55.377: [INFO][Sync] Stopped: History Delete Directives
2026-06-04 13:26:55.377: [INFO][Sync] Stopped: Device Info
2026-06-04 13:26:55.377: [INFO][Sync] Stopped: User Consents
2026-06-04 13:26:55.377: [INFO][Sync] Stopped: Send Tab To Self
2026-06-04 13:26:55.377: [INFO][Sync] Stopped: Web Apps
2026-06-04 13:26:55.377: [INFO][Sync] Stopped: History
2026-06-04 13:26:55.377: [INFO][Sync] Stopped: Saved Tab Group
2026-06-04 13:26:55.377: [INFO][Sync] Stopped: WebAuthn Credentials
2026-06-04 13:26:55.377: [INFO][Sync] Stopped: Collection
2026-06-04 13:26:55.377: [INFO][Sync] Stopped: Edge E Drop
2026-06-04 13:26:55.377: [INFO][Sync] Stopped: Edge Hub App Usage
2026-06-04 13:26:55.377: [INFO][Sync] Stopped: Edge Wallet
2026-06-04 13:26:55.377: [INFO][Sync] Stopped: Edge Workspace
2026-06-04 13:30:01.905: [INFO][Sync] Reset engine, reason: 0
2026-06-05 21:29:50.285: [INFO][Sync] Reset engine, reason: 8
2026-06-05 21:29:50.285: [INFO][Sync] Stopped: Bookmarks
2026-06-05 21:29:50.285: [INFO][Sync] Stopped: Preferences
2026-06-05 21:29:50.285: [INFO][Sync] Stopped: Passwords
2026-06-05 21:29:50.286: [INFO][Sync] Stopped: Autofill Profiles
2026-06-05 21:29:50.286: [INFO][Sync] Stopped: Autofill
2026-06-05 21:29:50.286: [INFO][Sync] Stopped: Extensions
2026-06-05 21:29:50.286: [INFO][Sync] Stopped: Sessions
2026-06-05 21:29:50.286: [INFO][Sync] Stopped: Extension settings
2026-06-05 21:29:50.286: [INFO][Sync] Stopped: History Delete Directives
2026-06-05 21:29:50.286: [INFO][Sync] Stopped: Device Info
2026-06-05 21:29:50.286: [INFO][Sync] Stopped: User Consents
2026-06-05 21:29:50.286: [INFO][Sync] Stopped: Send Tab To Self
2026-06-05 21:29:50.286: [INFO][Sync] Stopped: Web Apps
2026-06-05 21:29:50.286: [INFO][Sync] Stopped: History
2026-06-05 21:29:50.286: [INFO][Sync] Stopped: Saved Tab Group
2026-06-05 21:29:50.286: [INFO][Sync] Stopped: WebAuthn Credentials
2026-06-05 21:29:50.286: [INFO][Sync] Stopped: Collection
2026-06-05 21:29:50.286: [INFO][Sync] Stopped: Edge E Drop
2026-06-05 21:29:50.286: [INFO][Sync] Stopped: Edge Hub App Usage
2026-06-05 21:29:50.286: [INFO][Sync] Stopped: Edge Wallet
2026-06-05 21:29:50.286: [INFO][Sync] Stopped: Edge Workspace
2026-06-05 21:29:50.286: [INFO][Sync] SyncState after authenticated was: NotSignedIn
2026-06-05 21:29:50.946: [INFO][Sync] Reset engine, reason: 8
2026-06-05 21:29:50.946: [INFO][Sync] Stopped: Bookmarks
2026-06-05 21:29:50.946: [INFO][Sync] Stopped: Preferences
2026-06-05 21:29:50.946: [INFO][Sync] Stopped: Passwords
2026-06-05 21:29:50.946: [INFO][Sync] Stopped: Autofill Profiles
2026-06-05 21:29:50.946: [INFO][Sync] Stopped: Autofill
2026-06-05 21:29:50.946: [INFO][Sync] Stopped: Extensions
2026-06-05 21:29:50.946: [INFO][Sync] Stopped: Sessions
2026-06-05 21:29:50.946: [INFO][Sync] Stopped: Extension settings
2026-06-05 21:29:50.946: [INFO][Sync] Stopped: History Delete Directives
2026-06-05 21:29:50.946: [INFO][Sync] Stopped: Device Info
2026-06-05 21:29:50.946: [INFO][Sync] Stopped: User Consents
2026-06-05 21:29:50.946: [INFO][Sync] Stopped: Send Tab To Self
2026-06-05 21:29:50.946: [INFO][Sync] Stopped: Web Apps
2026-06-05 21:29:50.946: [INFO][Sync] Stopped: History
2026-06-05 21:29:50.946: [INFO][Sync] Stopped: Saved Tab Group
2026-06-05 21:29:50.946: [INFO][Sync] Stopped: WebAuthn Credentials
2026-06-05 21:29:50.946: [INFO][Sync] Stopped: Collection
2026-06-05 21:29:50.946: [INFO][Sync] Stopped: Edge E Drop
2026-06-05 21:29:50.946: [INFO][Sync] Stopped: Edge Hub App Usage
2026-06-05 21:29:50.946: [INFO][Sync] Stopped: Edge Wallet
2026-06-05 21:29:50.946: [INFO][Sync] Stopped: Edge Workspace
2026-06-06 05:22:18.050: [INFO][Sync] Reset engine, reason: 0
2026-06-06 08:08:31.180: [INFO][Sync] Reset engine, reason: 8
2026-06-06 08:08:31.180: [INFO][Sync] Stopped: Bookmarks
2026-06-06 08:08:31.180: [INFO][Sync] Stopped: Preferences
2026-06-06 08:08:31.180: [INFO][Sync] Stopped: Passwords
2026-06-06 08:08:31.180: [INFO][Sync] Stopped: Autofill Profiles
2026-06-06 08:08:31.180: [INFO][Sync] Stopped: Autofill
2026-06-06 08:08:31.180: [INFO][Sync] Stopped: Extensions
2026-06-06 08:08:31.180: [INFO][Sync] Stopped: Sessions
2026-06-06 08:08:31.180: [INFO][Sync] Stopped: Extension settings
2026-06-06 08:08:31.180: [INFO][Sync] Stopped: History Delete Directives
2026-06-06 08:08:31.180: [INFO][Sync] Stopped: Device Info
2026-06-06 08:08:31.180: [INFO][Sync] Stopped: User Consents
2026-06-06 08:08:31.180: [INFO][Sync] Stopped: Send Tab To Self
2026-06-06 08:08:31.180: [INFO][Sync] Stopped: Web Apps
2026-06-06 08:08:31.180: [INFO][Sync] Stopped: History
2026-06-06 08:08:31.180: [INFO][Sync] Stopped: Saved Tab Group
2026-06-06 08:08:31.181: [INFO][Sync] Stopped: WebAuthn Credentials
2026-06-06 08:08:31.181: [INFO][Sync] Stopped: Collection
2026-06-06 08:08:31.181: [INFO][Sync] Stopped: Edge E Drop
2026-06-06 08:08:31.181: [INFO][Sync] Stopped: Edge Hub App Usage
2026-06-06 08:08:31.181: [INFO][Sync] Stopped: Edge Wallet
2026-06-06 08:08:31.181: [INFO][Sync] Stopped: Edge Workspace
2026-06-06 08:08:31.181: [INFO][Sync] SyncState after authenticated was: NotSignedIn
2026-06-06 08:08:31.743: [INFO][Sync] Reset engine, reason: 8
2026-06-06 08:08:31.743: [INFO][Sync] Stopped: Bookmarks
2026-06-06 08:08:31.743: [INFO][Sync] Stopped: Preferences
2026-06-06 08:08:31.743: [INFO][Sync] Stopped: Passwords
2026-06-06 08:08:31.743: [INFO][Sync] Stopped: Autofill Profiles
2026-06-06 08:08:31.743: [INFO][Sync] Stopped: Autofill
2026-06-06 08:08:31.743: [INFO][Sync] Stopped: Extensions
2026-06-06 08:08:31.743: [INFO][Sync] Stopped: Sessions
2026-06-06 08:08:31.743: [INFO][Sync] Stopped: Extension settings
2026-06-06 08:08:31.743: [INFO][Sync] Stopped: History Delete Directives
2026-06-06 08:08:31.743: [INFO][Sync] Stopped: Device Info
2026-06-06 08:08:31.743: [INFO][Sync] Stopped: User Consents
2026-06-06 08:08:31.743: [INFO][Sync] Stopped: Send Tab To Self
2026-06-06 08:08:31.743: [INFO][Sync] Stopped: Web Apps
2026-06-06 08:08:31.743: [INFO][Sync] Stopped: History
2026-06-06 08:08:31.743: [INFO][Sync] Stopped: Saved Tab Group
2026-06-06 08:08:31.743: [INFO][Sync] Stopped: WebAuthn Credentials
2026-06-06 08:08:31.743: [INFO][Sync] Stopped: Collection
2026-06-06 08:08:31.743: [INFO][Sync] Stopped: Edge E Drop
2026-06-06 08:08:31.743: [INFO][Sync] Stopped: Edge Hub App Usage
2026-06-06 08:08:31.743: [INFO][Sync] Stopped: Edge Wallet
2026-06-06 08:08:31.743: [INFO][Sync] Stopped: Edge Workspace
2026-06-06 08:08:51.109: [INFO][Sync] Reset engine, reason: 0
2026-06-07 04:39:15.040: [INFO][Sync] Reset engine, reason: 8
2026-06-07 04:39:15.040: [INFO][Sync] Stopped: Bookmarks
2026-06-07 04:39:15.040: [INFO][Sync] Stopped: Preferences
2026-06-07 04:39:15.040: [INFO][Sync] Stopped: Passwords
2026-06-07 04:39:15.040: [INFO][Sync] Stopped: Autofill Profiles
2026-06-07 04:39:15.040: [INFO][Sync] Stopped: Autofill
2026-06-07 04:39:15.040: [INFO][Sync] Stopped: Extensions
2026-06-07 04:39:15.040: [INFO][Sync] Stopped: Sessions
2026-06-07 04:39:15.040: [INFO][Sync] Stopped: Extension settings
2026-06-07 04:39:15.040: [INFO][Sync] Stopped: History Delete Directives
2026-06-07 04:39:15.040: [INFO][Sync] Stopped: Device Info
2026-06-07 04:39:15.040: [INFO][Sync] Stopped: User Consents
2026-06-07 04:39:15.040: [INFO][Sync] Stopped: Send Tab To Self
2026-06-07 04:39:15.040: [INFO][Sync] Stopped: Web Apps
2026-06-07 04:39:15.040: [INFO][Sync] Stopped: History
2026-06-07 04:39:15.040: [INFO][Sync] Stopped: Saved Tab Group
2026-06-07 04:39:15.040: [INFO][Sync] Stopped: WebAuthn Credentials
2026-06-07 04:39:15.040: [INFO][Sync] Stopped: Edge E Drop
2026-06-07 04:39:15.040: [INFO][Sync] Stopped: Edge Hub App Usage
2026-06-07 04:39:15.040: [INFO][Sync] Stopped: Edge Wallet
2026-06-07 04:39:15.040: [INFO][Sync] Stopped: Edge Workspace
2026-06-07 04:39:15.040: [INFO][Sync] SyncState after authenticated was: NotSignedIn
2026-06-07 04:39:15.409: [INFO][Sync] Reset engine, reason: 8
2026-06-07 04:39:15.409: [INFO][Sync] Stopped: Bookmarks
2026-06-07 04:39:15.409: [INFO][Sync] Stopped: Preferences
2026-06-07 04:39:15.409: [INFO][Sync] Stopped: Passwords
2026-06-07 04:39:15.409: [INFO][Sync] Stopped: Autofill Profiles
2026-06-07 04:39:15.409: [INFO][Sync] Stopped: Autofill
2026-06-07 04:39:15.409: [INFO][Sync] Stopped: Extensions
2026-06-07 04:39:15.409: [INFO][Sync] Stopped: Sessions
2026-06-07 04:39:15.409: [INFO][Sync] Stopped: Extension settings
2026-06-07 04:39:15.409: [INFO][Sync] Stopped: History Delete Directives
2026-06-07 04:39:15.409: [INFO][Sync] Stopped: Device Info
2026-06-07 04:39:15.409: [INFO][Sync] Stopped: User Consents
2026-06-07 04:39:15.409: [INFO][Sync] Stopped: Send Tab To Self
2026-06-07 04:39:15.409: [INFO][Sync] Stopped: Web Apps
2026-06-07 04:39:15.409: [INFO][Sync] Stopped: History
2026-06-07 04:39:15.409: [INFO][Sync] Stopped: Saved Tab Group
2026-06-07 04:39:15.409: [INFO][Sync] Stopped: WebAuthn Credentials
2026-06-07 04:39:15.409: [INFO][Sync] Stopped: Edge E Drop
2026-06-07 04:39:15.409: [INFO][Sync] Stopped: Edge Hub App Usage
2026-06-07 04:39:15.409: [INFO][Sync] Stopped: Edge Wallet
2026-06-07 04:39:15.409: [INFO][Sync] Stopped: Edge Workspace
2026-06-07 12:29:51.437: [INFO][Sync] Reset engine, reason: 0
2026-06-07 21:57:33.909: [INFO][Sync] Reset engine, reason: 8
2026-06-07 21:57:33.909: [INFO][Sync] Stopped: Bookmarks
2026-06-07 21:57:33.909: [INFO][Sync] Stopped: Preferences
2026-06-07 21:57:33.909: [INFO][Sync] Stopped: Passwords
2026-06-07 21:57:33.909: [INFO][Sync] Stopped: Autofill Profiles
2026-06-07 21:57:33.909: [INFO][Sync] Stopped: Autofill
2026-06-07 21:57:33.909: [INFO][Sync] Stopped: Extensions
2026-06-07 21:57:33.909: [INFO][Sync] Stopped: Sessions
2026-06-07 21:57:33.909: [INFO][Sync] Stopped: Extension settings
2026-06-07 21:57:33.909: [INFO][Sync] Stopped: History Delete Directives
2026-06-07 21:57:33.909: [INFO][Sync] Stopped: Device Info
2026-06-07 21:57:33.909: [INFO][Sync] Stopped: User Consents
2026-06-07 21:57:33.909: [INFO][Sync] Stopped: Send Tab To Self
2026-06-07 21:57:33.909: [INFO][Sync] Stopped: Web Apps
2026-06-07 21:57:33.909: [INFO][Sync] Stopped: History
2026-06-07 21:57:33.909: [INFO][Sync] Stopped: Saved Tab Group
2026-06-07 21:57:33.909: [INFO][Sync] Stopped: WebAuthn Credentials
2026-06-07 21:57:33.909: [INFO][Sync] Stopped: Edge E Drop
2026-06-07 21:57:33.909: [INFO][Sync] Stopped: Edge Hub App Usage
2026-06-07 21:57:33.909: [INFO][Sync] Stopped: Edge Wallet
2026-06-07 21:57:33.909: [INFO][Sync] Stopped: Edge Workspace
2026-06-07 21:57:33.910: [INFO][Sync] SyncState after authenticated was: NotSignedIn
2026-06-07 21:57:34.924: [INFO][Sync] Reset engine, reason: 8
2026-06-07 21:57:34.924: [INFO][Sync] Stopped: Bookmarks
2026-06-07 21:57:34.924: [INFO][Sync] Stopped: Preferences
2026-06-07 21:57:34.924: [INFO][Sync] Stopped: Passwords
2026-06-07 21:57:34.924: [INFO][Sync] Stopped: Autofill Profiles
2026-06-07 21:57:34.924: [INFO][Sync] Stopped: Autofill
2026-06-07 21:57:34.924: [INFO][Sync] Stopped: Extensions
2026-06-07 21:57:34.924: [INFO][Sync] Stopped: Sessions
2026-06-07 21:57:34.924: [INFO][Sync] Stopped: Extension settings
2026-06-07 21:57:34.924: [INFO][Sync] Stopped: History Delete Directives
2026-06-07 21:57:34.924: [INFO][Sync] Stopped: Device Info
2026-06-07 21:57:34.924: [INFO][Sync] Stopped: User Consents
2026-06-07 21:57:34.924: [INFO][Sync] Stopped: Send Tab To Self
2026-06-07 21:57:34.924: [INFO][Sync] Stopped: Web Apps
2026-06-07 21:57:34.924: [INFO][Sync] Stopped: History
2026-06-07 21:57:34.924: [INFO][Sync] Stopped: Saved Tab Group
2026-06-07 21:57:34.924: [INFO][Sync] Stopped: WebAuthn Credentials
2026-06-07 21:57:34.924: [INFO][Sync] Stopped: Edge E Drop
2026-06-07 21:57:34.924: [INFO][Sync] Stopped: Edge Hub App Usage
2026-06-07 21:57:34.924: [INFO][Sync] Stopped: Edge Wallet
2026-06-07 21:57:34.924: [INFO][Sync] Stopped: Edge Workspace
2026-06-07 22:34:24.851: [INFO][Sync] Reset engine, reason: 0
2026-06-07 22:34:28.568: [INFO][Sync] Reset engine, reason: 8
2026-06-07 22:34:28.568: [INFO][Sync] Stopped: Bookmarks
2026-06-07 22:34:28.568: [INFO][Sync] Stopped: Preferences
2026-06-07 22:34:28.569: [INFO][Sync] Stopped: Passwords
2026-06-07 22:34:28.569: [INFO][Sync] Stopped: Autofill Profiles
2026-06-07 22:34:28.569: [INFO][Sync] Stopped: Autofill
2026-06-07 22:34:28.569: [INFO][Sync] Stopped: Extensions
2026-06-07 22:34:28.569: [INFO][Sync] Stopped: Sessions
2026-06-07 22:34:28.569: [INFO][Sync] Stopped: Extension settings
2026-06-07 22:34:28.569: [INFO][Sync] Stopped: History Delete Directives
2026-06-07 22:34:28.569: [INFO][Sync] Stopped: Device Info
2026-06-07 22:34:28.569: [INFO][Sync] Stopped: User Consents
2026-06-07 22:34:28.569: [INFO][Sync] Stopped: Send Tab To Self
2026-06-07 22:34:28.569: [INFO][Sync] Stopped: Web Apps
2026-06-07 22:34:28.569: [INFO][Sync] Stopped: History
2026-06-07 22:34:28.569: [INFO][Sync] Stopped: Saved Tab Group
2026-06-07 22:34:28.569: [INFO][Sync] Stopped: WebAuthn Credentials
2026-06-07 22:34:28.569: [INFO][Sync] Stopped: Edge E Drop
2026-06-07 22:34:28.569: [INFO][Sync] Stopped: Edge Hub App Usage
2026-06-07 22:34:28.569: [INFO][Sync] Stopped: Edge Wallet
2026-06-07 22:34:28.569: [INFO][Sync] Stopped: Edge Workspace
2026-06-07 22:34:28.569: [INFO][Sync] SyncState after authenticated was: NotSignedIn
2026-06-07 22:34:31.298: [INFO][Sync] Reset engine, reason: 8
2026-06-07 22:34:31.298: [INFO][Sync] Stopped: Bookmarks
2026-06-07 22:34:31.298: [INFO][Sync] Stopped: Preferences
2026-06-07 22:34:31.298: [INFO][Sync] Stopped: Passwords
2026-06-07 22:34:31.298: [INFO][Sync] Stopped: Autofill Profiles
2026-06-07 22:34:31.298: [INFO][Sync] Stopped: Autofill
2026-06-07 22:34:31.298: [INFO][Sync] Stopped: Extensions
2026-06-07 22:34:31.298: [INFO][Sync] Stopped: Sessions
2026-06-07 22:34:31.298: [INFO][Sync] Stopped: Extension settings
2026-06-07 22:34:31.298: [INFO][Sync] Stopped: History Delete Directives
2026-06-07 22:34:31.298: [INFO][Sync] Stopped: Device Info
2026-06-07 22:34:31.298: [INFO][Sync] Stopped: User Consents
2026-06-07 22:34:31.298: [INFO][Sync] Stopped: Send Tab To Self
2026-06-07 22:34:31.298: [INFO][Sync] Stopped: Web Apps
2026-06-07 22:34:31.298: [INFO][Sync] Stopped: History
2026-06-07 22:34:31.298: [INFO][Sync] Stopped: Saved Tab Group
2026-06-07 22:34:31.298: [INFO][Sync] Stopped: WebAuthn Credentials
2026-06-07 22:34:31.298: [INFO][Sync] Stopped: Edge E Drop
2026-06-07 22:34:31.298: [INFO][Sync] Stopped: Edge Hub App Usage
2026-06-07 22:34:31.298: [INFO][Sync] Stopped: Edge Wallet
2026-06-07 22:34:31.298: [INFO][Sync] Stopped: Edge Workspace
2026-06-07 23:46:40.220: [INFO][Sync] Reset engine, reason: 0
2026-06-07 23:46:42.517: [INFO][Sync] Reset engine, reason: 8
2026-06-07 23:46:42.517: [INFO][Sync] Stopped: Bookmarks
2026-06-07 23:46:42.517: [INFO][Sync] Stopped: Preferences
2026-06-07 23:46:42.517: [INFO][Sync] Stopped: Passwords
2026-06-07 23:46:42.517: [INFO][Sync] Stopped: Autofill Profiles
2026-06-07 23:46:42.517: [INFO][Sync] Stopped: Autofill
2026-06-07 23:46:42.517: [INFO][Sync] Stopped: Extensions
2026-06-07 23:46:42.517: [INFO][Sync] Stopped: Sessions
2026-06-07 23:46:42.517: [INFO][Sync] Stopped: Extension settings
2026-06-07 23:46:42.517: [INFO][Sync] Stopped: History Delete Directives
2026-06-07 23:46:42.517: [INFO][Sync] Stopped: Device Info
2026-06-07 23:46:42.517: [INFO][Sync] Stopped: User Consents
2026-06-07 23:46:42.517: [INFO][Sync] Stopped: Send Tab To Self
2026-06-07 23:46:42.517: [INFO][Sync] Stopped: Web Apps
2026-06-07 23:46:42.517: [INFO][Sync] Stopped: History
2026-06-07 23:46:42.517: [INFO][Sync] Stopped: Saved Tab Group
2026-06-07 23:46:42.517: [INFO][Sync] Stopped: WebAuthn Credentials
2026-06-07 23:46:42.517: [INFO][Sync] Stopped: Edge E Drop
2026-06-07 23:46:42.517: [INFO][Sync] Stopped: Edge Hub App Usage
2026-06-07 23:46:42.517: [INFO][Sync] Stopped: Edge Wallet
2026-06-07 23:46:42.517: [INFO][Sync] Stopped: Edge Workspace
2026-06-07 23:46:42.517: [INFO][Sync] SyncState after authenticated was: NotSignedIn
2026-06-07 23:46:42.842: [INFO][Sync] Reset engine, reason: 8
2026-06-07 23:46:42.842: [INFO][Sync] Stopped: Bookmarks
2026-06-07 23:46:42.842: [INFO][Sync] Stopped: Preferences
2026-06-07 23:46:42.842: [INFO][Sync] Stopped: Passwords
2026-06-07 23:46:42.842: [INFO][Sync] Stopped: Autofill Profiles
2026-06-07 23:46:42.842: [INFO][Sync] Stopped: Autofill
2026-06-07 23:46:42.842: [INFO][Sync] Stopped: Extensions
2026-06-07 23:46:42.842: [INFO][Sync] Stopped: Sessions
2026-06-07 23:46:42.842: [INFO][Sync] Stopped: Extension settings
2026-06-07 23:46:42.842: [INFO][Sync] Stopped: History Delete Directives
2026-06-07 23:46:42.842: [INFO][Sync] Stopped: Device Info
2026-06-07 23:46:42.842: [INFO][Sync] Stopped: User Consents
2026-06-07 23:46:42.842: [INFO][Sync] Stopped: Send Tab To Self
2026-06-07 23:46:42.842: [INFO][Sync] Stopped: Web Apps
2026-06-07 23:46:42.842: [INFO][Sync] Stopped: History
2026-06-07 23:46:42.842: [INFO][Sync] Stopped: Saved Tab Group
2026-06-07 23:46:42.842: [INFO][Sync] Stopped: WebAuthn Credentials
2026-06-07 23:46:42.842: [INFO][Sync] Stopped: Edge E Drop
2026-06-07 23:46:42.842: [INFO][Sync] Stopped: Edge Hub App Usage
2026-06-07 23:46:42.842: [INFO][Sync] Stopped: Edge Wallet
2026-06-07 23:46:42.842: [INFO][Sync] Stopped: Edge Workspace
2026-06-08 00:25:45.456: [INFO][Sync] Reset engine, reason: 0
2026-06-08 00:25:48.353: [INFO][Sync] Reset engine, reason: 8
2026-06-08 00:25:48.353: [INFO][Sync] Stopped: Bookmarks
2026-06-08 00:25:48.353: [INFO][Sync] Stopped: Preferences
2026-06-08 00:25:48.353: [INFO][Sync] Stopped: Passwords
2026-06-08 00:25:48.353: [INFO][Sync] Stopped: Autofill Profiles
2026-06-08 00:25:48.353: [INFO][Sync] Stopped: Autofill
2026-06-08 00:25:48.353: [INFO][Sync] Stopped: Extensions
2026-06-08 00:25:48.353: [INFO][Sync] Stopped: Sessions
2026-06-08 00:25:48.353: [INFO][Sync] Stopped: Extension settings
2026-06-08 00:25:48.353: [INFO][Sync] Stopped: History Delete Directives
2026-06-08 00:25:48.353: [INFO][Sync] Stopped: Device Info
2026-06-08 00:25:48.353: [INFO][Sync] Stopped: User Consents
2026-06-08 00:25:48.353: [INFO][Sync] Stopped: Send Tab To Self
2026-06-08 00:25:48.353: [INFO][Sync] Stopped: Web Apps
2026-06-08 00:25:48.353: [INFO][Sync] Stopped: History
2026-06-08 00:25:48.353: [INFO][Sync] Stopped: Saved Tab Group
2026-06-08 00:25:48.353: [INFO][Sync] Stopped: WebAuthn Credentials
2026-06-08 00:25:48.353: [INFO][Sync] Stopped: Edge E Drop
2026-06-08 00:25:48.353: [INFO][Sync] Stopped: Edge Hub App Usage
2026-06-08 00:25:48.353: [INFO][Sync] Stopped: Edge Wallet
2026-06-08 00:25:48.353: [INFO][Sync] Stopped: Edge Workspace
2026-06-08 00:25:48.353: [INFO][Sync] SyncState after authenticated was: NotSignedIn
2026-06-08 00:25:48.680: [INFO][Sync] Reset engine, reason: 8
2026-06-08 00:25:48.680: [INFO][Sync] Stopped: Bookmarks
2026-06-08 00:25:48.680: [INFO][Sync] Stopped: Preferences
2026-06-08 00:25:48.680: [INFO][Sync] Stopped: Passwords
2026-06-08 00:25:48.680: [INFO][Sync] Stopped: Autofill Profiles
2026-06-08 00:25:48.680: [INFO][Sync] Stopped: Autofill
2026-06-08 00:25:48.680: [INFO][Sync] Stopped: Extensions
2026-06-08 00:25:48.680: [INFO][Sync] Stopped: Sessions
2026-06-08 00:25:48.680: [INFO][Sync] Stopped: Extension settings
2026-06-08 00:25:48.680: [INFO][Sync] Stopped: History Delete Directives
2026-06-08 00:25:48.680: [INFO][Sync] Stopped: Device Info
2026-06-08 00:25:48.680: [INFO][Sync] Stopped: User Consents
2026-06-08 00:25:48.680: [INFO][Sync] Stopped: Send Tab To Self
2026-06-08 00:25:48.680: [INFO][Sync] Stopped: Web Apps
2026-06-08 00:25:48.680: [INFO][Sync] Stopped: History
2026-06-08 00:25:48.680: [INFO][Sync] Stopped: Saved Tab Group
2026-06-08 00:25:48.680: [INFO][Sync] Stopped: WebAuthn Credentials
2026-06-08 00:25:48.680: [INFO][Sync] Stopped: Edge E Drop
2026-06-08 00:25:48.680: [INFO][Sync] Stopped: Edge Hub App Usage
2026-06-08 00:25:48.680: [INFO][Sync] Stopped: Edge Wallet
2026-06-08 00:25:48.680: [INFO][Sync] Stopped: Edge Workspace
2026-06-08 00:31:03.346: [INFO][Sync] Reset engine, reason: 0
2026-06-08 00:31:05.178: [INFO][Sync] Reset engine, reason: 8
2026-06-08 00:31:05.178: [INFO][Sync] Stopped: Bookmarks
2026-06-08 00:31:05.178: [INFO][Sync] Stopped: Preferences
2026-06-08 00:31:05.178: [INFO][Sync] Stopped: Passwords
2026-06-08 00:31:05.178: [INFO][Sync] Stopped: Autofill Profiles
2026-06-08 00:31:05.178: [INFO][Sync] Stopped: Autofill
2026-06-08 00:31:05.178: [INFO][Sync] Stopped: Extensions
2026-06-08 00:31:05.178: [INFO][Sync] Stopped: Sessions
2026-06-08 00:31:05.178: [INFO][Sync] Stopped: Extension settings
2026-06-08 00:31:05.178: [INFO][Sync] Stopped: History Delete Directives
2026-06-08 00:31:05.178: [INFO][Sync] Stopped: Device Info
2026-06-08 00:31:05.178: [INFO][Sync] Stopped: User Consents
2026-06-08 00:31:05.178: [INFO][Sync] Stopped: Send Tab To Self
2026-06-08 00:31:05.178: [INFO][Sync] Stopped: Web Apps
2026-06-08 00:31:05.178: [INFO][Sync] Stopped: History
2026-06-08 00:31:05.178: [INFO][Sync] Stopped: Saved Tab Group
2026-06-08 00:31:05.178: [INFO][Sync] Stopped: WebAuthn Credentials
2026-06-08 00:31:05.178: [INFO][Sync] Stopped: Edge E Drop
2026-06-08 00:31:05.178: [INFO][Sync] Stopped: Edge Hub App Usage
2026-06-08 00:31:05.178: [INFO][Sync] Stopped: Edge Wallet
2026-06-08 00:31:05.178: [INFO][Sync] Stopped: Edge Workspace
2026-06-08 00:31:05.178: [INFO][Sync] SyncState after authenticated was: NotSignedIn
2026-06-08 00:31:05.498: [INFO][Sync] Reset engine, reason: 8
2026-06-08 00:31:05.498: [INFO][Sync] Stopped: Bookmarks
2026-06-08 00:31:05.498: [INFO][Sync] Stopped: Preferences
2026-06-08 00:31:05.498: [INFO][Sync] Stopped: Passwords
2026-06-08 00:31:05.498: [INFO][Sync] Stopped: Autofill Profiles
2026-06-08 00:31:05.498: [INFO][Sync] Stopped: Autofill
2026-06-08 00:31:05.498: [INFO][Sync] Stopped: Extensions
2026-06-08 00:31:05.498: [INFO][Sync] Stopped: Sessions
2026-06-08 00:31:05.498: [INFO][Sync] Stopped: Extension settings
2026-06-08 00:31:05.498: [INFO][Sync] Stopped: History Delete Directives
2026-06-08 00:31:05.498: [INFO][Sync] Stopped: Device Info
2026-06-08 00:31:05.498: [INFO][Sync] Stopped: User Consents
2026-06-08 00:31:05.498: [INFO][Sync] Stopped: Send Tab To Self
2026-06-08 00:31:05.498: [INFO][Sync] Stopped: Web Apps
2026-06-08 00:31:05.498: [INFO][Sync] Stopped: History
2026-06-08 00:31:05.498: [INFO][Sync] Stopped: Saved Tab Group
2026-06-08 00:31:05.498: [INFO][Sync] Stopped: WebAuthn Credentials
2026-06-08 00:31:05.498: [INFO][Sync] Stopped: Edge E Drop
2026-06-08 00:31:05.498: [INFO][Sync] Stopped: Edge Hub App Usage
2026-06-08 00:31:05.498: [INFO][Sync] Stopped: Edge Wallet
2026-06-08 00:31:05.498: [INFO][Sync] Stopped: Edge Workspace
2026-06-08 00:32:06.220: [INFO][Sync] Reset engine, reason: 0
2026-06-08 01:47:42.033: [INFO][Sync] Reset engine, reason: 8
2026-06-08 01:47:42.033: [INFO][Sync] Stopped: Bookmarks
2026-06-08 01:47:42.033: [INFO][Sync] Stopped: Preferences
2026-06-08 01:47:42.033: [INFO][Sync] Stopped: Passwords
2026-06-08 01:47:42.033: [INFO][Sync] Stopped: Autofill Profiles
2026-06-08 01:47:42.033: [INFO][Sync] Stopped: Autofill
2026-06-08 01:47:42.033: [INFO][Sync] Stopped: Extensions
2026-06-08 01:47:42.033: [INFO][Sync] Stopped: Sessions
2026-06-08 01:47:42.033: [INFO][Sync] Stopped: Extension settings
2026-06-08 01:47:42.033: [INFO][Sync] Stopped: History Delete Directives
2026-06-08 01:47:42.033: [INFO][Sync] Stopped: Device Info
2026-06-08 01:47:42.033: [INFO][Sync] Stopped: User Consents
2026-06-08 01:47:42.033: [INFO][Sync] Stopped: Send Tab To Self
2026-06-08 01:47:42.033: [INFO][Sync] Stopped: Web Apps
2026-06-08 01:47:42.033: [INFO][Sync] Stopped: History
2026-06-08 01:47:42.033: [INFO][Sync] Stopped: Saved Tab Group
2026-06-08 01:47:42.033: [INFO][Sync] Stopped: WebAuthn Credentials
2026-06-08 01:47:42.033: [INFO][Sync] Stopped: Edge E Drop
2026-06-08 01:47:42.033: [INFO][Sync] Stopped: Edge Hub App Usage
2026-06-08 01:47:42.033: [INFO][Sync] Stopped: Edge Wallet
2026-06-08 01:47:42.033: [INFO][Sync] Stopped: Edge Workspace
2026-06-08 01:47:42.033: [INFO][Sync] SyncState after authenticated was: NotSignedIn
2026-06-08 01:47:42.327: [INFO][Sync] Reset engine, reason: 8
2026-06-08 01:47:42.327: [INFO][Sync] Stopped: Bookmarks
2026-06-08 01:47:42.327: [INFO][Sync] Stopped: Preferences
2026-06-08 01:47:42.327: [INFO][Sync] Stopped: Passwords
2026-06-08 01:47:42.327: [INFO][Sync] Stopped: Autofill Profiles
2026-06-08 01:47:42.327: [INFO][Sync] Stopped: Autofill
2026-06-08 01:47:42.327: [INFO][Sync] Stopped: Extensions
2026-06-08 01:47:42.327: [INFO][Sync] Stopped: Sessions
2026-06-08 01:47:42.327: [INFO][Sync] Stopped: Extension settings
2026-06-08 01:47:42.327: [INFO][Sync] Stopped: History Delete Directives
2026-06-08 01:47:42.327: [INFO][Sync] Stopped: Device Info
2026-06-08 01:47:42.327: [INFO][Sync] Stopped: User Consents
2026-06-08 01:47:42.327: [INFO][Sync] Stopped: Send Tab To Self
2026-06-08 01:47:42.327: [INFO][Sync] Stopped: Web Apps
2026-06-08 01:47:42.327: [INFO][Sync] Stopped: History
2026-06-08 01:47:42.327: [INFO][Sync] Stopped: Saved Tab Group
2026-06-08 01:47:42.327: [INFO][Sync] Stopped: WebAuthn Credentials
2026-06-08 01:47:42.327: [INFO][Sync] Stopped: Edge E Drop
2026-06-08 01:47:42.327: [INFO][Sync] Stopped: Edge Hub App Usage
2026-06-08 01:47:42.327: [INFO][Sync] Stopped: Edge Wallet
2026-06-08 01:47:42.327: [INFO][Sync] Stopped: Edge Workspace
2026-06-08 01:50:51.857: [INFO][Sync] Reset engine, reason: 0
2026-06-08 06:16:35.418: [INFO][Sync] Reset engine, reason: 8
2026-06-08 06:16:35.418: [INFO][Sync] Stopped: Bookmarks
2026-06-08 06:16:35.418: [INFO][Sync] Stopped: Preferences
2026-06-08 06:16:35.418: [INFO][Sync] Stopped: Passwords
2026-06-08 06:16:35.418: [INFO][Sync] Stopped: Autofill Profiles
2026-06-08 06:16:35.418: [INFO][Sync] Stopped: Autofill
2026-06-08 06:16:35.418: [INFO][Sync] Stopped: Extensions
2026-06-08 06:16:35.418: [INFO][Sync] Stopped: Sessions
2026-06-08 06:16:35.418: [INFO][Sync] Stopped: Extension settings
2026-06-08 06:16:35.418: [INFO][Sync] Stopped: History Delete Directives
2026-06-08 06:16:35.418: [INFO][Sync] Stopped: Device Info
2026-06-08 06:16:35.418: [INFO][Sync] Stopped: User Consents
2026-06-08 06:16:35.418: [INFO][Sync] Stopped: Send Tab To Self
2026-06-08 06:16:35.418: [INFO][Sync] Stopped: Web Apps
2026-06-08 06:16:35.418: [INFO][Sync] Stopped: History
2026-06-08 06:16:35.418: [INFO][Sync] Stopped: Saved Tab Group
2026-06-08 06:16:35.418: [INFO][Sync] Stopped: WebAuthn Credentials
2026-06-08 06:16:35.418: [INFO][Sync] Stopped: Edge E Drop
2026-06-08 06:16:35.418: [INFO][Sync] Stopped: Edge Hub App Usage
2026-06-08 06:16:35.418: [INFO][Sync] Stopped: Edge Wallet
2026-06-08 06:16:35.418: [INFO][Sync] Stopped: Edge Workspace
2026-06-08 06:16:35.419: [INFO][Sync] SyncState after authenticated was: NotSignedIn
2026-06-08 06:16:36.335: [INFO][Sync] Reset engine, reason: 8
2026-06-08 06:16:36.335: [INFO][Sync] Stopped: Bookmarks
2026-06-08 06:16:36.335: [INFO][Sync] Stopped: Preferences
2026-06-08 06:16:36.335: [INFO][Sync] Stopped: Passwords
2026-06-08 06:16:36.335: [INFO][Sync] Stopped: Autofill Profiles
2026-06-08 06:16:36.335: [INFO][Sync] Stopped: Autofill
2026-06-08 06:16:36.335: [INFO][Sync] Stopped: Extensions
2026-06-08 06:16:36.335: [INFO][Sync] Stopped: Sessions
2026-06-08 06:16:36.335: [INFO][Sync] Stopped: Extension settings
2026-06-08 06:16:36.335: [INFO][Sync] Stopped: History Delete Directives
2026-06-08 06:16:36.335: [INFO][Sync] Stopped: Device Info
2026-06-08 06:16:36.335: [INFO][Sync] Stopped: User Consents
2026-06-08 06:16:36.335: [INFO][Sync] Stopped: Send Tab To Self
2026-06-08 06:16:36.335: [INFO][Sync] Stopped: Web Apps
2026-06-08 06:16:36.335: [INFO][Sync] Stopped: History
2026-06-08 06:16:36.335: [INFO][Sync] Stopped: Saved Tab Group
2026-06-08 06:16:36.335: [INFO][Sync] Stopped: WebAuthn Credentials
2026-06-08 06:16:36.335: [INFO][Sync] Stopped: Edge E Drop
2026-06-08 06:16:36.335: [INFO][Sync] Stopped: Edge Hub App Usage
2026-06-08 06:16:36.335: [INFO][Sync] Stopped: Edge Wallet
2026-06-08 06:16:36.335: [INFO][Sync] Stopped: Edge Workspace
2026-06-08 07:24:57.252: [INFO][Sync] Reset engine, reason: 0
2026-06-08 23:03:40.655: [INFO][Sync] Reset engine, reason: 8
2026-06-08 23:03:40.655: [INFO][Sync] Stopped: Bookmarks
2026-06-08 23:03:40.655: [INFO][Sync] Stopped: Preferences
2026-06-08 23:03:40.655: [INFO][Sync] Stopped: Passwords
2026-06-08 23:03:40.655: [INFO][Sync] Stopped: Autofill Profiles
2026-06-08 23:03:40.655: [INFO][Sync] Stopped: Autofill
2026-06-08 23:03:40.655: [INFO][Sync] Stopped: Extensions
2026-06-08 23:03:40.655: [INFO][Sync] Stopped: Sessions
2026-06-08 23:03:40.655: [INFO][Sync] Stopped: Extension settings
2026-06-08 23:03:40.655: [INFO][Sync] Stopped: History Delete Directives
2026-06-08 23:03:40.656: [INFO][Sync] Stopped: Device Info
2026-06-08 23:03:40.656: [INFO][Sync] Stopped: User Consents
2026-06-08 23:03:40.656: [INFO][Sync] Stopped: Send Tab To Self
2026-06-08 23:03:40.656: [INFO][Sync] Stopped: Web Apps
2026-06-08 23:03:40.656: [INFO][Sync] Stopped: History
2026-06-08 23:03:40.656: [INFO][Sync] Stopped: Saved Tab Group
2026-06-08 23:03:40.656: [INFO][Sync] Stopped: WebAuthn Credentials
2026-06-08 23:03:40.656: [INFO][Sync] Stopped: Edge E Drop
2026-06-08 23:03:40.656: [INFO][Sync] Stopped: Edge Hub App Usage
2026-06-08 23:03:40.656: [INFO][Sync] Stopped: Edge Wallet
2026-06-08 23:03:40.656: [INFO][Sync] Stopped: Edge Workspace
2026-06-08 23:03:40.656: [INFO][Sync] SyncState after authenticated was: NotSignedIn
2026-06-08 23:03:41.042: [INFO][Sync] Reset engine, reason: 8
2026-06-08 23:03:41.042: [INFO][Sync] Stopped: Bookmarks
2026-06-08 23:03:41.042: [INFO][Sync] Stopped: Preferences
2026-06-08 23:03:41.042: [INFO][Sync] Stopped: Passwords
2026-06-08 23:03:41.042: [INFO][Sync] Stopped: Autofill Profiles
2026-06-08 23:03:41.042: [INFO][Sync] Stopped: Autofill
2026-06-08 23:03:41.042: [INFO][Sync] Stopped: Extensions
2026-06-08 23:03:41.042: [INFO][Sync] Stopped: Sessions
2026-06-08 23:03:41.043: [INFO][Sync] Stopped: Extension settings
2026-06-08 23:03:41.043: [INFO][Sync] Stopped: History Delete Directives
2026-06-08 23:03:41.043: [INFO][Sync] Stopped: Device Info
2026-06-08 23:03:41.043: [INFO][Sync] Stopped: User Consents
2026-06-08 23:03:41.043: [INFO][Sync] Stopped: Send Tab To Self
2026-06-08 23:03:41.043: [INFO][Sync] Stopped: Web Apps
2026-06-08 23:03:41.043: [INFO][Sync] Stopped: History
2026-06-08 23:03:41.043: [INFO][Sync] Stopped: Saved Tab Group
2026-06-08 23:03:41.043: [INFO][Sync] Stopped: WebAuthn Credentials
2026-06-08 23:03:41.043: [INFO][Sync] Stopped: Edge E Drop
2026-06-08 23:03:41.043: [INFO][Sync] Stopped: Edge Hub App Usage
2026-06-08 23:03:41.043: [INFO][Sync] Stopped: Edge Wallet
2026-06-08 23:03:41.043: [INFO][Sync] Stopped: Edge Workspace
2026-06-09 03:35:00.438: [INFO][Sync] Reset engine, reason: 0
2026-06-09 19:09:58.699: [INFO][Sync] Reset engine, reason: 8
2026-06-09 19:09:58.699: [INFO][Sync] Stopped: Bookmarks
2026-06-09 19:09:58.699: [INFO][Sync] Stopped: Preferences
2026-06-09 19:09:58.700: [INFO][Sync] Stopped: Passwords
2026-06-09 19:09:58.700: [INFO][Sync] Stopped: Autofill Profiles
2026-06-09 19:09:58.700: [INFO][Sync] Stopped: Autofill
2026-06-09 19:09:58.700: [INFO][Sync] Stopped: Extensions
2026-06-09 19:09:58.700: [INFO][Sync] Stopped: Sessions
2026-06-09 19:09:58.700: [INFO][Sync] Stopped: Extension settings
2026-06-09 19:09:58.700: [INFO][Sync] Stopped: History Delete Directives
2026-06-09 19:09:58.700: [INFO][Sync] Stopped: Device Info
2026-06-09 19:09:58.700: [INFO][Sync] Stopped: User Consents
2026-06-09 19:09:58.700: [INFO][Sync] Stopped: Send Tab To Self
2026-06-09 19:09:58.700: [INFO][Sync] Stopped: Web Apps
2026-06-09 19:09:58.700: [INFO][Sync] Stopped: History
2026-06-09 19:09:58.700: [INFO][Sync] Stopped: Saved Tab Group
2026-06-09 19:09:58.700: [INFO][Sync] Stopped: WebAuthn Credentials
2026-06-09 19:09:58.700: [INFO][Sync] Stopped: Edge E Drop
2026-06-09 19:09:58.700: [INFO][Sync] Stopped: Edge Hub App Usage
2026-06-09 19:09:58.700: [INFO][Sync] Stopped: Edge Wallet
2026-06-09 19:09:58.700: [INFO][Sync] Stopped: Edge Workspace
2026-06-09 19:09:58.700: [INFO][Sync] SyncState after authenticated was: NotSignedIn
2026-06-09 19:09:59.165: [INFO][Sync] Reset engine, reason: 8
2026-06-09 19:09:59.165: [INFO][Sync] Stopped: Bookmarks
2026-06-09 19:09:59.165: [INFO][Sync] Stopped: Preferences
2026-06-09 19:09:59.165: [INFO][Sync] Stopped: Passwords
2026-06-09 19:09:59.165: [INFO][Sync] Stopped: Autofill Profiles
2026-06-09 19:09:59.165: [INFO][Sync] Stopped: Autofill
2026-06-09 19:09:59.165: [INFO][Sync] Stopped: Extensions
2026-06-09 19:09:59.165: [INFO][Sync] Stopped: Sessions
2026-06-09 19:09:59.165: [INFO][Sync] Stopped: Extension settings
2026-06-09 19:09:59.165: [INFO][Sync] Stopped: History Delete Directives
2026-06-09 19:09:59.165: [INFO][Sync] Stopped: Device Info
2026-06-09 19:09:59.165: [INFO][Sync] Stopped: User Consents
2026-06-09 19:09:59.165: [INFO][Sync] Stopped: Send Tab To Self
2026-06-09 19:09:59.165: [INFO][Sync] Stopped: Web Apps
2026-06-09 19:09:59.165: [INFO][Sync] Stopped: History
2026-06-09 19:09:59.165: [INFO][Sync] Stopped: Saved Tab Group
2026-06-09 19:09:59.165: [INFO][Sync] Stopped: WebAuthn Credentials
2026-06-09 19:09:59.165: [INFO][Sync] Stopped: Edge E Drop
2026-06-09 19:09:59.165: [INFO][Sync] Stopped: Edge Hub App Usage
2026-06-09 19:09:59.165: [INFO][Sync] Stopped: Edge Wallet
2026-06-09 19:09:59.165: [INFO][Sync] Stopped: Edge Workspace
2026-06-09 23:11:47.679: [INFO][Sync] Reset engine, reason: 0
2026-06-10 14:04:54.254: [INFO][Sync] Reset engine, reason: 8
2026-06-10 14:04:54.254: [INFO][Sync] Stopped: Bookmarks
2026-06-10 14:04:54.254: [INFO][Sync] Stopped: Preferences
2026-06-10 14:04:54.254: [INFO][Sync] Stopped: Passwords
2026-06-10 14:04:54.254: [INFO][Sync] Stopped: Autofill Profiles
2026-06-10 14:04:54.254: [INFO][Sync] Stopped: Autofill
2026-06-10 14:04:54.254: [INFO][Sync] Stopped: Extensions
2026-06-10 14:04:54.254: [INFO][Sync] Stopped: Sessions
2026-06-10 14:04:54.254: [INFO][Sync] Stopped: Extension settings
2026-06-10 14:04:54.254: [INFO][Sync] Stopped: History Delete Directives
2026-06-10 14:04:54.254: [INFO][Sync] Stopped: Device Info
2026-06-10 14:04:54.254: [INFO][Sync] Stopped: User Consents
2026-06-10 14:04:54.254: [INFO][Sync] Stopped: Send Tab To Self
2026-06-10 14:04:54.254: [INFO][Sync] Stopped: Web Apps
2026-06-10 14:04:54.254: [INFO][Sync] Stopped: History
2026-06-10 14:04:54.254: [INFO][Sync] Stopped: Saved Tab Group
2026-06-10 14:04:54.254: [INFO][Sync] Stopped: WebAuthn Credentials
2026-06-10 14:04:54.254: [INFO][Sync] Stopped: Edge E Drop
2026-06-10 14:04:54.254: [INFO][Sync] Stopped: Edge Hub App Usage
2026-06-10 14:04:54.254: [INFO][Sync] Stopped: Edge Wallet
2026-06-10 14:04:54.254: [INFO][Sync] Stopped: Edge Workspace
2026-06-10 14:04:54.254: [INFO][Sync] SyncState after authenticated was: NotSignedIn
2026-06-10 14:04:54.673: [INFO][Sync] Reset engine, reason: 8
2026-06-10 14:04:54.673: [INFO][Sync] Stopped: Bookmarks
2026-06-10 14:04:54.673: [INFO][Sync] Stopped: Preferences
2026-06-10 14:04:54.673: [INFO][Sync] Stopped: Passwords
2026-06-10 14:04:54.673: [INFO][Sync] Stopped: Autofill Profiles
2026-06-10 14:04:54.673: [INFO][Sync] Stopped: Autofill
2026-06-10 14:04:54.673: [INFO][Sync] Stopped: Extensions
2026-06-10 14:04:54.673: [INFO][Sync] Stopped: Sessions
2026-06-10 14:04:54.673: [INFO][Sync] Stopped: Extension settings
2026-06-10 14:04:54.673: [INFO][Sync] Stopped: History Delete Directives
2026-06-10 14:04:54.673: [INFO][Sync] Stopped: Device Info
2026-06-10 14:04:54.673: [INFO][Sync] Stopped: User Consents
2026-06-10 14:04:54.673: [INFO][Sync] Stopped: Send Tab To Self
2026-06-10 14:04:54.673: [INFO][Sync] Stopped: Web Apps
2026-06-10 14:04:54.673: [INFO][Sync] Stopped: History
2026-06-10 14:04:54.673: [INFO][Sync] Stopped: Saved Tab Group
2026-06-10 14:04:54.673: [INFO][Sync] Stopped: WebAuthn Credentials
2026-06-10 14:04:54.673: [INFO][Sync] Stopped: Edge E Drop
2026-06-10 14:04:54.673: [INFO][Sync] Stopped: Edge Hub App Usage
2026-06-10 14:04:54.673: [INFO][Sync] Stopped: Edge Wallet
2026-06-10 14:04:54.673: [INFO][Sync] Stopped: Edge Workspace
2026-06-10 14:05:12.577: [INFO][Sync] Reset engine, reason: 0
2026-06-10 19:37:33.925: [INFO][Sync] Reset engine, reason: 8
2026-06-10 19:37:33.925: [INFO][Sync] Stopped: Bookmarks
2026-06-10 19:37:33.925: [INFO][Sync] Stopped: Preferences
2026-06-10 19:37:33.925: [INFO][Sync] Stopped: Passwords
2026-06-10 19:37:33.925: [INFO][Sync] Stopped: Autofill Profiles
2026-06-10 19:37:33.925: [INFO][Sync] Stopped: Autofill
2026-06-10 19:37:33.925: [INFO][Sync] Stopped: Extensions
2026-06-10 19:37:33.925: [INFO][Sync] Stopped: Sessions
2026-06-10 19:37:33.925: [INFO][Sync] Stopped: Extension settings
2026-06-10 19:37:33.925: [INFO][Sync] Stopped: History Delete Directives
2026-06-10 19:37:33.925: [INFO][Sync] Stopped: Device Info
2026-06-10 19:37:33.925: [INFO][Sync] Stopped: User Consents
2026-06-10 19:37:33.925: [INFO][Sync] Stopped: Send Tab To Self
2026-06-10 19:37:33.925: [INFO][Sync] Stopped: Web Apps
2026-06-10 19:37:33.925: [INFO][Sync] Stopped: History
2026-06-10 19:37:33.925: [INFO][Sync] Stopped: Saved Tab Group
2026-06-10 19:37:33.925: [INFO][Sync] Stopped: WebAuthn Credentials
2026-06-10 19:37:33.925: [INFO][Sync] Stopped: Edge E Drop
2026-06-10 19:37:33.925: [INFO][Sync] Stopped: Edge Hub App Usage
2026-06-10 19:37:33.925: [INFO][Sync] Stopped: Edge Wallet
2026-06-10 19:37:33.925: [INFO][Sync] Stopped: Edge Workspace
2026-06-10 19:37:33.925: [INFO][Sync] SyncState after authenticated was: NotSignedIn
2026-06-10 19:37:34.954: [INFO][Sync] Reset engine, reason: 8
2026-06-10 19:37:34.954: [INFO][Sync] Stopped: Bookmarks
2026-06-10 19:37:34.954: [INFO][Sync] Stopped: Preferences
2026-06-10 19:37:34.954: [INFO][Sync] Stopped: Passwords
2026-06-10 19:37:34.954: [INFO][Sync] Stopped: Autofill Profiles
2026-06-10 19:37:34.954: [INFO][Sync] Stopped: Autofill
2026-06-10 19:37:34.954: [INFO][Sync] Stopped: Extensions
2026-06-10 19:37:34.954: [INFO][Sync] Stopped: Sessions
2026-06-10 19:37:34.954: [INFO][Sync] Stopped: Extension settings
2026-06-10 19:37:34.954: [INFO][Sync] Stopped: History Delete Directives
2026-06-10 19:37:34.954: [INFO][Sync] Stopped: Device Info
2026-06-10 19:37:34.954: [INFO][Sync] Stopped: User Consents
2026-06-10 19:37:34.954: [INFO][Sync] Stopped: Send Tab To Self
2026-06-10 19:37:34.954: [INFO][Sync] Stopped: Web Apps
2026-06-10 19:37:34.954: [INFO][Sync] Stopped: History
2026-06-10 19:37:34.954: [INFO][Sync] Stopped: Saved Tab Group
2026-06-10 19:37:34.954: [INFO][Sync] Stopped: WebAuthn Credentials
2026-06-10 19:37:34.954: [INFO][Sync] Stopped: Edge E Drop
2026-06-10 19:37:34.954: [INFO][Sync] Stopped: Edge Hub App Usage
2026-06-10 19:37:34.954: [INFO][Sync] Stopped: Edge Wallet
2026-06-10 19:37:34.954: [INFO][Sync] Stopped: Edge Workspace
2026-06-10 20:37:34.513: [INFO][Sync] Reset engine, reason: 0
2026-06-10 20:37:36.386: [INFO][Sync] Reset engine, reason: 8
2026-06-10 20:37:36.387: [INFO][Sync] Stopped: Bookmarks
2026-06-10 20:37:36.387: [INFO][Sync] Stopped: Preferences
2026-06-10 20:37:36.387: [INFO][Sync] Stopped: Passwords
2026-06-10 20:37:36.387: [INFO][Sync] Stopped: Autofill Profiles
2026-06-10 20:37:36.387: [INFO][Sync] Stopped: Autofill
2026-06-10 20:37:36.387: [INFO][Sync] Stopped: Extensions
2026-06-10 20:37:36.387: [INFO][Sync] Stopped: Sessions
2026-06-10 20:37:36.387: [INFO][Sync] Stopped: Extension settings
2026-06-10 20:37:36.387: [INFO][Sync] Stopped: History Delete Directives
2026-06-10 20:37:36.387: [INFO][Sync] Stopped: Device Info
2026-06-10 20:37:36.387: [INFO][Sync] Stopped: User Consents
2026-06-10 20:37:36.387: [INFO][Sync] Stopped: Send Tab To Self
2026-06-10 20:37:36.387: [INFO][Sync] Stopped: Web Apps
2026-06-10 20:37:36.387: [INFO][Sync] Stopped: History
2026-06-10 20:37:36.387: [INFO][Sync] Stopped: Saved Tab Group
2026-06-10 20:37:36.387: [INFO][Sync] Stopped: WebAuthn Credentials
2026-06-10 20:37:36.387: [INFO][Sync] Stopped: Edge E Drop
2026-06-10 20:37:36.387: [INFO][Sync] Stopped: Edge Hub App Usage
2026-06-10 20:37:36.387: [INFO][Sync] Stopped: Edge Wallet
2026-06-10 20:37:36.387: [INFO][Sync] Stopped: Edge Workspace
2026-06-10 20:37:36.387: [INFO][Sync] SyncState after authenticated was: NotSignedIn
2026-06-10 20:37:37.420: [INFO][Sync] Reset engine, reason: 8
2026-06-10 20:37:37.420: [INFO][Sync] Stopped: Bookmarks
2026-06-10 20:37:37.420: [INFO][Sync] Stopped: Preferences
2026-06-10 20:37:37.420: [INFO][Sync] Stopped: Passwords
2026-06-10 20:37:37.420: [INFO][Sync] Stopped: Autofill Profiles
2026-06-10 20:37:37.420: [INFO][Sync] Stopped: Autofill
2026-06-10 20:37:37.420: [INFO][Sync] Stopped: Extensions
2026-06-10 20:37:37.420: [INFO][Sync] Stopped: Sessions
2026-06-10 20:37:37.420: [INFO][Sync] Stopped: Extension settings
2026-06-10 20:37:37.420: [INFO][Sync] Stopped: History Delete Directives
2026-06-10 20:37:37.420: [INFO][Sync] Stopped: Device Info
2026-06-10 20:37:37.420: [INFO][Sync] Stopped: User Consents
2026-06-10 20:37:37.420: [INFO][Sync] Stopped: Send Tab To Self
2026-06-10 20:37:37.420: [INFO][Sync] Stopped: Web Apps
2026-06-10 20:37:37.420: [INFO][Sync] Stopped: History
2026-06-10 20:37:37.420: [INFO][Sync] Stopped: Saved Tab Group
2026-06-10 20:37:37.420: [INFO][Sync] Stopped: WebAuthn Credentials
2026-06-10 20:37:37.420: [INFO][Sync] Stopped: Edge E Drop
2026-06-10 20:37:37.420: [INFO][Sync] Stopped: Edge Hub App Usage
2026-06-10 20:37:37.420: [INFO][Sync] Stopped: Edge Wallet
2026-06-10 20:37:37.420: [INFO][Sync] Stopped: Edge Workspace
2026-06-10 20:45:41.175: [INFO][Sync] Reset engine, reason: 8
2026-06-10 20:45:41.175: [INFO][Sync] Stopped: Bookmarks
2026-06-10 20:45:41.175: [INFO][Sync] Stopped: Preferences
2026-06-10 20:45:41.176: [INFO][Sync] Stopped: Passwords
2026-06-10 20:45:41.176: [INFO][Sync] Stopped: Autofill Profiles
2026-06-10 20:45:41.176: [INFO][Sync] Stopped: Autofill
2026-06-10 20:45:41.176: [INFO][Sync] Stopped: Extensions
2026-06-10 20:45:41.176: [INFO][Sync] Stopped: Sessions
2026-06-10 20:45:41.176: [INFO][Sync] Stopped: Extension settings
2026-06-10 20:45:41.176: [INFO][Sync] Stopped: History Delete Directives
2026-06-10 20:45:41.176: [INFO][Sync] Stopped: Device Info
2026-06-10 20:45:41.176: [INFO][Sync] Stopped: User Consents
2026-06-10 20:45:41.176: [INFO][Sync] Stopped: Send Tab To Self
2026-06-10 20:45:41.176: [INFO][Sync] Stopped: Web Apps
2026-06-10 20:45:41.176: [INFO][Sync] Stopped: History
2026-06-10 20:45:41.176: [INFO][Sync] Stopped: Saved Tab Group
2026-06-10 20:45:41.176: [INFO][Sync] Stopped: WebAuthn Credentials
2026-06-10 20:45:41.176: [INFO][Sync] Stopped: Edge E Drop
2026-06-10 20:45:41.176: [INFO][Sync] Stopped: Edge Hub App Usage
2026-06-10 20:45:41.176: [INFO][Sync] Stopped: Edge Wallet
2026-06-10 20:45:41.176: [INFO][Sync] Stopped: Edge Workspace
2026-06-10 20:45:41.176: [INFO][Sync] SyncState after authenticated was: NotSignedIn
2026-06-10 20:45:42.025: [INFO][Sync] Reset engine, reason: 8
2026-06-10 20:45:42.025: [INFO][Sync] Stopped: Bookmarks
2026-06-10 20:45:42.025: [INFO][Sync] Stopped: Preferences
2026-06-10 20:45:42.025: [INFO][Sync] Stopped: Passwords
2026-06-10 20:45:42.025: [INFO][Sync] Stopped: Autofill Profiles
2026-06-10 20:45:42.025: [INFO][Sync] Stopped: Autofill
2026-06-10 20:45:42.025: [INFO][Sync] Stopped: Extensions
2026-06-10 20:45:42.025: [INFO][Sync] Stopped: Sessions
2026-06-10 20:45:42.025: [INFO][Sync] Stopped: Extension settings
2026-06-10 20:45:42.025: [INFO][Sync] Stopped: History Delete Directives
2026-06-10 20:45:42.025: [INFO][Sync] Stopped: Device Info
2026-06-10 20:45:42.025: [INFO][Sync] Stopped: User Consents
2026-06-10 20:45:42.025: [INFO][Sync] Stopped: Send Tab To Self
2026-06-10 20:45:42.025: [INFO][Sync] Stopped: Web Apps
2026-06-10 20:45:42.025: [INFO][Sync] Stopped: History
2026-06-10 20:45:42.025: [INFO][Sync] Stopped: Saved Tab Group
2026-06-10 20:45:42.025: [INFO][Sync] Stopped: WebAuthn Credentials
2026-06-10 20:45:42.025: [INFO][Sync] Stopped: Edge E Drop
2026-06-10 20:45:42.025: [INFO][Sync] Stopped: Edge Hub App Usage
2026-06-10 20:45:42.025: [INFO][Sync] Stopped: Edge Wallet
2026-06-10 20:45:42.025: [INFO][Sync] Stopped: Edge Workspace
2026-06-11 04:07:14.359: [INFO][Sync] Reset engine, reason: 0
2026-06-11 06:59:43.473: [INFO][Sync] Reset engine, reason: 8
2026-06-11 06:59:43.473: [INFO][Sync] Stopped: Bookmarks
2026-06-11 06:59:43.473: [INFO][Sync] Stopped: Preferences
2026-06-11 06:59:43.473: [INFO][Sync] Stopped: Passwords
2026-06-11 06:59:43.473: [INFO][Sync] Stopped: Autofill Profiles
2026-06-11 06:59:43.473: [INFO][Sync] Stopped: Autofill
2026-06-11 06:59:43.473: [INFO][Sync] Stopped: Extensions
2026-06-11 06:59:43.473: [INFO][Sync] Stopped: Sessions
2026-06-11 06:59:43.474: [INFO][Sync] Stopped: Extension settings
2026-06-11 06:59:43.474: [INFO][Sync] Stopped: History Delete Directives
2026-06-11 06:59:43.474: [INFO][Sync] Stopped: Device Info
2026-06-11 06:59:43.474: [INFO][Sync] Stopped: User Consents
2026-06-11 06:59:43.474: [INFO][Sync] Stopped: Send Tab To Self
2026-06-11 06:59:43.474: [INFO][Sync] Stopped: Web Apps
2026-06-11 06:59:43.474: [INFO][Sync] Stopped: History
2026-06-11 06:59:43.474: [INFO][Sync] Stopped: Saved Tab Group
2026-06-11 06:59:43.474: [INFO][Sync] Stopped: WebAuthn Credentials
2026-06-11 06:59:43.474: [INFO][Sync] Stopped: Edge E Drop
2026-06-11 06:59:43.474: [INFO][Sync] Stopped: Edge Hub App Usage
2026-06-11 06:59:43.474: [INFO][Sync] Stopped: Edge Wallet
2026-06-11 06:59:43.474: [INFO][Sync] Stopped: Edge Workspace
2026-06-11 06:59:43.474: [INFO][Sync] SyncState after authenticated was: NotSignedIn
2026-06-11 06:59:44.113: [INFO][Sync] Reset engine, reason: 8
2026-06-11 06:59:44.113: [INFO][Sync] Stopped: Bookmarks
2026-06-11 06:59:44.113: [INFO][Sync] Stopped: Preferences
2026-06-11 06:59:44.113: [INFO][Sync] Stopped: Passwords
2026-06-11 06:59:44.113: [INFO][Sync] Stopped: Autofill Profiles
2026-06-11 06:59:44.113: [INFO][Sync] Stopped: Autofill
2026-06-11 06:59:44.113: [INFO][Sync] Stopped: Extensions
2026-06-11 06:59:44.113: [INFO][Sync] Stopped: Sessions
2026-06-11 06:59:44.113: [INFO][Sync] Stopped: Extension settings
2026-06-11 06:59:44.113: [INFO][Sync] Stopped: History Delete Directives
2026-06-11 06:59:44.113: [INFO][Sync] Stopped: Device Info
2026-06-11 06:59:44.113: [INFO][Sync] Stopped: User Consents
2026-06-11 06:59:44.113: [INFO][Sync] Stopped: Send Tab To Self
2026-06-11 06:59:44.113: [INFO][Sync] Stopped: Web Apps
2026-06-11 06:59:44.113: [INFO][Sync] Stopped: History
2026-06-11 06:59:44.113: [INFO][Sync] Stopped: Saved Tab Group
2026-06-11 06:59:44.113: [INFO][Sync] Stopped: WebAuthn Credentials
2026-06-11 06:59:44.113: [INFO][Sync] Stopped: Edge E Drop
2026-06-11 06:59:44.113: [INFO][Sync] Stopped: Edge Hub App Usage
2026-06-11 06:59:44.113: [INFO][Sync] Stopped: Edge Wallet
2026-06-11 06:59:44.113: [INFO][Sync] Stopped: Edge Workspace
2026-06-11 08:04:48.208: [INFO][Sync] Reset engine, reason: 0
2026-06-11 08:04:49.343: [INFO][Sync] Reset engine, reason: 8
2026-06-11 08:04:49.343: [INFO][Sync] Stopped: Bookmarks
2026-06-11 08:04:49.343: [INFO][Sync] Stopped: Preferences
2026-06-11 08:04:49.343: [INFO][Sync] Stopped: Passwords
2026-06-11 08:04:49.343: [INFO][Sync] Stopped: Autofill Profiles
2026-06-11 08:04:49.343: [INFO][Sync] Stopped: Autofill
2026-06-11 08:04:49.343: [INFO][Sync] Stopped: Extensions
2026-06-11 08:04:49.343: [INFO][Sync] Stopped: Sessions
2026-06-11 08:04:49.343: [INFO][Sync] Stopped: Extension settings
2026-06-11 08:04:49.343: [INFO][Sync] Stopped: History Delete Directives
2026-06-11 08:04:49.343: [INFO][Sync] Stopped: Device Info
2026-06-11 08:04:49.343: [INFO][Sync] Stopped: User Consents
2026-06-11 08:04:49.343: [INFO][Sync] Stopped: Send Tab To Self
2026-06-11 08:04:49.343: [INFO][Sync] Stopped: Web Apps
2026-06-11 08:04:49.343: [INFO][Sync] Stopped: History
2026-06-11 08:04:49.343: [INFO][Sync] Stopped: Saved Tab Group
2026-06-11 08:04:49.343: [INFO][Sync] Stopped: WebAuthn Credentials
2026-06-11 08:04:49.344: [INFO][Sync] Stopped: Edge E Drop
2026-06-11 08:04:49.344: [INFO][Sync] Stopped: Edge Hub App Usage
2026-06-11 08:04:49.344: [INFO][Sync] Stopped: Edge Wallet
2026-06-11 08:04:49.344: [INFO][Sync] Stopped: Edge Workspace
2026-06-11 08:04:49.344: [INFO][Sync] SyncState after authenticated was: NotSignedIn
2026-06-11 08:04:49.809: [INFO][Sync] Reset engine, reason: 8
2026-06-11 08:04:49.809: [INFO][Sync] Stopped: Bookmarks
2026-06-11 08:04:49.809: [INFO][Sync] Stopped: Preferences
2026-06-11 08:04:49.809: [INFO][Sync] Stopped: Passwords
2026-06-11 08:04:49.809: [INFO][Sync] Stopped: Autofill Profiles
2026-06-11 08:04:49.809: [INFO][Sync] Stopped: Autofill
2026-06-11 08:04:49.809: [INFO][Sync] Stopped: Extensions
2026-06-11 08:04:49.809: [INFO][Sync] Stopped: Sessions
2026-06-11 08:04:49.809: [INFO][Sync] Stopped: Extension settings
2026-06-11 08:04:49.809: [INFO][Sync] Stopped: History Delete Directives
2026-06-11 08:04:49.809: [INFO][Sync] Stopped: Device Info
2026-06-11 08:04:49.809: [INFO][Sync] Stopped: User Consents
2026-06-11 08:04:49.809: [INFO][Sync] Stopped: Send Tab To Self
2026-06-11 08:04:49.809: [INFO][Sync] Stopped: Web Apps
2026-06-11 08:04:49.809: [INFO][Sync] Stopped: History
2026-06-11 08:04:49.809: [INFO][Sync] Stopped: Saved Tab Group
2026-06-11 08:04:49.809: [INFO][Sync] Stopped: WebAuthn Credentials
2026-06-11 08:04:49.809: [INFO][Sync] Stopped: Edge E Drop
2026-06-11 08:04:49.809: [INFO][Sync] Stopped: Edge Hub App Usage
2026-06-11 08:04:49.809: [INFO][Sync] Stopped: Edge Wallet
2026-06-11 08:04:49.809: [INFO][Sync] Stopped: Edge Workspace
2026-06-11 11:38:18.462: [INFO][Sync] Reset engine, reason: 0
2026-06-11 11:38:30.352: [INFO][Sync] Reset engine, reason: 8
2026-06-11 11:38:30.352: [INFO][Sync] Stopped: Bookmarks
2026-06-11 11:38:30.352: [INFO][Sync] Stopped: Preferences
2026-06-11 11:38:30.352: [INFO][Sync] Stopped: Passwords
2026-06-11 11:38:30.352: [INFO][Sync] Stopped: Autofill Profiles
2026-06-11 11:38:30.352: [INFO][Sync] Stopped: Autofill
2026-06-11 11:38:30.352: [INFO][Sync] Stopped: Extensions
2026-06-11 11:38:30.352: [INFO][Sync] Stopped: Sessions
2026-06-11 11:38:30.352: [INFO][Sync] Stopped: Extension settings
2026-06-11 11:38:30.352: [INFO][Sync] Stopped: History Delete Directives
2026-06-11 11:38:30.352: [INFO][Sync] Stopped: Device Info
2026-06-11 11:38:30.352: [INFO][Sync] Stopped: User Consents
2026-06-11 11:38:30.352: [INFO][Sync] Stopped: Send Tab To Self
2026-06-11 11:38:30.352: [INFO][Sync] Stopped: Web Apps
2026-06-11 11:38:30.352: [INFO][Sync] Stopped: History
2026-06-11 11:38:30.352: [INFO][Sync] Stopped: Saved Tab Group
2026-06-11 11:38:30.352: [INFO][Sync] Stopped: WebAuthn Credentials
2026-06-11 11:38:30.352: [INFO][Sync] Stopped: Edge E Drop
2026-06-11 11:38:30.352: [INFO][Sync] Stopped: Edge Hub App Usage
2026-06-11 11:38:30.352: [INFO][Sync] Stopped: Edge Wallet
2026-06-11 11:38:30.352: [INFO][Sync] Stopped: Edge Workspace
2026-06-11 11:38:30.352: [INFO][Sync] SyncState after authenticated was: NotSignedIn
2026-06-11 11:38:30.787: [INFO][Sync] Reset engine, reason: 8
2026-06-11 11:38:30.787: [INFO][Sync] Stopped: Bookmarks
2026-06-11 11:38:30.787: [INFO][Sync] Stopped: Preferences
2026-06-11 11:38:30.787: [INFO][Sync] Stopped: Passwords
2026-06-11 11:38:30.787: [INFO][Sync] Stopped: Autofill Profiles
2026-06-11 11:38:30.787: [INFO][Sync] Stopped: Autofill
2026-06-11 11:38:30.787: [INFO][Sync] Stopped: Extensions
2026-06-11 11:38:30.787: [INFO][Sync] Stopped: Sessions
2026-06-11 11:38:30.787: [INFO][Sync] Stopped: Extension settings
2026-06-11 11:38:30.787: [INFO][Sync] Stopped: History Delete Directives
2026-06-11 11:38:30.787: [INFO][Sync] Stopped: Device Info
2026-06-11 11:38:30.787: [INFO][Sync] Stopped: User Consents
2026-06-11 11:38:30.787: [INFO][Sync] Stopped: Send Tab To Self
2026-06-11 11:38:30.787: [INFO][Sync] Stopped: Web Apps
2026-06-11 11:38:30.787: [INFO][Sync] Stopped: History
2026-06-11 11:38:30.787: [INFO][Sync] Stopped: Saved Tab Group
2026-06-11 11:38:30.787: [INFO][Sync] Stopped: WebAuthn Credentials
2026-06-11 11:38:30.787: [INFO][Sync] Stopped: Edge E Drop
2026-06-11 11:38:30.787: [INFO][Sync] Stopped: Edge Hub App Usage
2026-06-11 11:38:30.787: [INFO][Sync] Stopped: Edge Wallet
2026-06-11 11:38:30.787: [INFO][Sync] Stopped: Edge Workspace
2026-06-11 11:38:42.890: [INFO][Sync] Reset engine, reason: 8
2026-06-11 11:38:42.890: [INFO][Sync] Stopped: Bookmarks
2026-06-11 11:38:42.890: [INFO][Sync] Stopped: Preferences
2026-06-11 11:38:42.890: [INFO][Sync] Stopped: Passwords
2026-06-11 11:38:42.890: [INFO][Sync] Stopped: Autofill Profiles
2026-06-11 11:38:42.890: [INFO][Sync] Stopped: Autofill
2026-06-11 11:38:42.890: [INFO][Sync] Stopped: Extensions
2026-06-11 11:38:42.890: [INFO][Sync] Stopped: Sessions
2026-06-11 11:38:42.891: [INFO][Sync] Stopped: Extension settings
2026-06-11 11:38:42.891: [INFO][Sync] Stopped: History Delete Directives
2026-06-11 11:38:42.891: [INFO][Sync] Stopped: Device Info
2026-06-11 11:38:42.891: [INFO][Sync] Stopped: User Consents
2026-06-11 11:38:42.891: [INFO][Sync] Stopped: Send Tab To Self
2026-06-11 11:38:42.891: [INFO][Sync] Stopped: Web Apps
2026-06-11 11:38:42.891: [INFO][Sync] Stopped: History
2026-06-11 11:38:42.891: [INFO][Sync] Stopped: Saved Tab Group
2026-06-11 11:38:42.891: [INFO][Sync] Stopped: WebAuthn Credentials
2026-06-11 11:38:42.891: [INFO][Sync] Stopped: Edge E Drop
2026-06-11 11:38:42.891: [INFO][Sync] Stopped: Edge Hub App Usage
2026-06-11 11:38:42.891: [INFO][Sync] Stopped: Edge Wallet
2026-06-11 11:38:42.891: [INFO][Sync] Stopped: Edge Workspace
2026-06-11 11:38:42.891: [INFO][Sync] SyncState after authenticated was: NotSignedIn
2026-06-11 11:38:43.927: [INFO][Sync] Reset engine, reason: 8
2026-06-11 11:38:43.928: [INFO][Sync] Stopped: Bookmarks
2026-06-11 11:38:43.928: [INFO][Sync] Stopped: Preferences
2026-06-11 11:38:43.928: [INFO][Sync] Stopped: Passwords
2026-06-11 11:38:43.928: [INFO][Sync] Stopped: Autofill Profiles
2026-06-11 11:38:43.928: [INFO][Sync] Stopped: Autofill
2026-06-11 11:38:43.928: [INFO][Sync] Stopped: Extensions
2026-06-11 11:38:43.928: [INFO][Sync] Stopped: Sessions
2026-06-11 11:38:43.928: [INFO][Sync] Stopped: Extension settings
2026-06-11 11:38:43.928: [INFO][Sync] Stopped: History Delete Directives
2026-06-11 11:38:43.928: [INFO][Sync] Stopped: Device Info
2026-06-11 11:38:43.928: [INFO][Sync] Stopped: User Consents
2026-06-11 11:38:43.928: [INFO][Sync] Stopped: Send Tab To Self
2026-06-11 11:38:43.928: [INFO][Sync] Stopped: Web Apps
2026-06-11 11:38:43.928: [INFO][Sync] Stopped: History
2026-06-11 11:38:43.928: [INFO][Sync] Stopped: Saved Tab Group
2026-06-11 11:38:43.928: [INFO][Sync] Stopped: WebAuthn Credentials
2026-06-11 11:38:43.928: [INFO][Sync] Stopped: Edge E Drop
2026-06-11 11:38:43.928: [INFO][Sync] Stopped: Edge Hub App Usage
2026-06-11 11:38:43.928: [INFO][Sync] Stopped: Edge Wallet
2026-06-11 11:38:43.928: [INFO][Sync] Stopped: Edge Workspace
2026-06-11 19:58:29.953: [INFO][Sync] Reset engine, reason: 8
2026-06-11 19:58:29.953: [INFO][Sync] Stopped: Bookmarks
2026-06-11 19:58:29.953: [INFO][Sync] Stopped: Preferences
2026-06-11 19:58:29.953: [INFO][Sync] Stopped: Passwords
2026-06-11 19:58:29.953: [INFO][Sync] Stopped: Autofill Profiles
2026-06-11 19:58:29.953: [INFO][Sync] Stopped: Autofill
2026-06-11 19:58:29.953: [INFO][Sync] Stopped: Extensions
2026-06-11 19:58:29.953: [INFO][Sync] Stopped: Sessions
2026-06-11 19:58:29.953: [INFO][Sync] Stopped: Extension settings
2026-06-11 19:58:29.953: [INFO][Sync] Stopped: History Delete Directives
2026-06-11 19:58:29.953: [INFO][Sync] Stopped: Device Info
2026-06-11 19:58:29.953: [INFO][Sync] Stopped: User Consents
2026-06-11 19:58:29.953: [INFO][Sync] Stopped: Send Tab To Self
2026-06-11 19:58:29.954: [INFO][Sync] Stopped: Web Apps
2026-06-11 19:58:29.954: [INFO][Sync] Stopped: History
2026-06-11 19:58:29.954: [INFO][Sync] Stopped: Saved Tab Group
2026-06-11 19:58:29.954: [INFO][Sync] Stopped: WebAuthn Credentials
2026-06-11 19:58:29.954: [INFO][Sync] Stopped: Edge E Drop
2026-06-11 19:58:29.954: [INFO][Sync] Stopped: Edge Hub App Usage
2026-06-11 19:58:29.954: [INFO][Sync] Stopped: Edge Wallet
2026-06-11 19:58:29.954: [INFO][Sync] Stopped: Edge Workspace
2026-06-11 19:58:29.954: [INFO][Sync] SyncState after authenticated was: NotSignedIn
2026-06-11 19:58:30.352: [INFO][Sync] Reset engine, reason: 8
2026-06-11 19:58:30.352: [INFO][Sync] Stopped: Bookmarks
2026-06-11 19:58:30.352: [INFO][Sync] Stopped: Preferences
2026-06-11 19:58:30.353: [INFO][Sync] Stopped: Passwords
2026-06-11 19:58:30.353: [INFO][Sync] Stopped: Autofill Profiles
2026-06-11 19:58:30.353: [INFO][Sync] Stopped: Autofill
2026-06-11 19:58:30.353: [INFO][Sync] Stopped: Extensions
2026-06-11 19:58:30.353: [INFO][Sync] Stopped: Sessions
2026-06-11 19:58:30.353: [INFO][Sync] Stopped: Extension settings
2026-06-11 19:58:30.353: [INFO][Sync] Stopped: History Delete Directives
2026-06-11 19:58:30.353: [INFO][Sync] Stopped: Device Info
2026-06-11 19:58:30.353: [INFO][Sync] Stopped: User Consents
2026-06-11 19:58:30.353: [INFO][Sync] Stopped: Send Tab To Self
2026-06-11 19:58:30.353: [INFO][Sync] Stopped: Web Apps
2026-06-11 19:58:30.353: [INFO][Sync] Stopped: History
2026-06-11 19:58:30.353: [INFO][Sync] Stopped: Saved Tab Group
2026-06-11 19:58:30.353: [INFO][Sync] Stopped: WebAuthn Credentials
2026-06-11 19:58:30.353: [INFO][Sync] Stopped: Edge E Drop
2026-06-11 19:58:30.353: [INFO][Sync] Stopped: Edge Hub App Usage
2026-06-11 19:58:30.353: [INFO][Sync] Stopped: Edge Wallet
2026-06-11 19:58:30.353: [INFO][Sync] Stopped: Edge Workspace
2026-06-12 01:16:09.729: [INFO][Sync] Reset engine, reason: 0
2026-06-12 01:16:11.102: [INFO][Sync] Reset engine, reason: 8
2026-06-12 01:16:11.102: [INFO][Sync] Stopped: Bookmarks
2026-06-12 01:16:11.102: [INFO][Sync] Stopped: Preferences
2026-06-12 01:16:11.102: [INFO][Sync] Stopped: Passwords
2026-06-12 01:16:11.102: [INFO][Sync] Stopped: Autofill Profiles
2026-06-12 01:16:11.102: [INFO][Sync] Stopped: Autofill
2026-06-12 01:16:11.102: [INFO][Sync] Stopped: Extensions
2026-06-12 01:16:11.102: [INFO][Sync] Stopped: Sessions
2026-06-12 01:16:11.102: [INFO][Sync] Stopped: Extension settings
2026-06-12 01:16:11.102: [INFO][Sync] Stopped: History Delete Directives
2026-06-12 01:16:11.102: [INFO][Sync] Stopped: Device Info
2026-06-12 01:16:11.102: [INFO][Sync] Stopped: User Consents
2026-06-12 01:16:11.102: [INFO][Sync] Stopped: Send Tab To Self
2026-06-12 01:16:11.102: [INFO][Sync] Stopped: Web Apps
2026-06-12 01:16:11.102: [INFO][Sync] Stopped: History
2026-06-12 01:16:11.102: [INFO][Sync] Stopped: Saved Tab Group
2026-06-12 01:16:11.102: [INFO][Sync] Stopped: WebAuthn Credentials
2026-06-12 01:16:11.102: [INFO][Sync] Stopped: Edge E Drop
2026-06-12 01:16:11.102: [INFO][Sync] Stopped: Edge Hub App Usage
2026-06-12 01:16:11.102: [INFO][Sync] Stopped: Edge Wallet
2026-06-12 01:16:11.102: [INFO][Sync] Stopped: Edge Workspace
2026-06-12 01:16:11.103: [INFO][Sync] SyncState after authenticated was: NotSignedIn
2026-06-12 01:16:11.804: [INFO][Sync] Reset engine, reason: 8
2026-06-12 01:16:11.804: [INFO][Sync] Stopped: Bookmarks
2026-06-12 01:16:11.804: [INFO][Sync] Stopped: Preferences
2026-06-12 01:16:11.804: [INFO][Sync] Stopped: Passwords
2026-06-12 01:16:11.804: [INFO][Sync] Stopped: Autofill Profiles
2026-06-12 01:16:11.804: [INFO][Sync] Stopped: Autofill
2026-06-12 01:16:11.804: [INFO][Sync] Stopped: Extensions
2026-06-12 01:16:11.804: [INFO][Sync] Stopped: Sessions
2026-06-12 01:16:11.804: [INFO][Sync] Stopped: Extension settings
2026-06-12 01:16:11.804: [INFO][Sync] Stopped: History Delete Directives
2026-06-12 01:16:11.804: [INFO][Sync] Stopped: Device Info
2026-06-12 01:16:11.804: [INFO][Sync] Stopped: User Consents
2026-06-12 01:16:11.804: [INFO][Sync] Stopped: Send Tab To Self
2026-06-12 01:16:11.804: [INFO][Sync] Stopped: Web Apps
2026-06-12 01:16:11.804: [INFO][Sync] Stopped: History
2026-06-12 01:16:11.804: [INFO][Sync] Stopped: Saved Tab Group
2026-06-12 01:16:11.804: [INFO][Sync] Stopped: WebAuthn Credentials
2026-06-12 01:16:11.804: [INFO][Sync] Stopped: Edge E Drop
2026-06-12 01:16:11.804: [INFO][Sync] Stopped: Edge Hub App Usage
2026-06-12 01:16:11.804: [INFO][Sync] Stopped: Edge Wallet
2026-06-12 01:16:11.804: [INFO][Sync] Stopped: Edge Workspace
2026-06-12 01:16:19.711: [INFO][Sync] Reset engine, reason: 0
2026-06-12 01:16:20.533: [INFO][Sync] Reset engine, reason: 8
2026-06-12 01:16:20.533: [INFO][Sync] Stopped: Bookmarks
2026-06-12 01:16:20.533: [INFO][Sync] Stopped: Preferences
2026-06-12 01:16:20.533: [INFO][Sync] Stopped: Passwords
2026-06-12 01:16:20.533: [INFO][Sync] Stopped: Autofill Profiles
2026-06-12 01:16:20.533: [INFO][Sync] Stopped: Autofill
2026-06-12 01:16:20.533: [INFO][Sync] Stopped: Extensions
2026-06-12 01:16:20.533: [INFO][Sync] Stopped: Sessions
2026-06-12 01:16:20.533: [INFO][Sync] Stopped: Extension settings
2026-06-12 01:16:20.533: [INFO][Sync] Stopped: History Delete Directives
2026-06-12 01:16:20.533: [INFO][Sync] Stopped: Device Info
2026-06-12 01:16:20.533: [INFO][Sync] Stopped: User Consents
2026-06-12 01:16:20.533: [INFO][Sync] Stopped: Send Tab To Self
2026-06-12 01:16:20.533: [INFO][Sync] Stopped: Web Apps
2026-06-12 01:16:20.533: [INFO][Sync] Stopped: History
2026-06-12 01:16:20.533: [INFO][Sync] Stopped: Saved Tab Group
2026-06-12 01:16:20.533: [INFO][Sync] Stopped: WebAuthn Credentials
2026-06-12 01:16:20.533: [INFO][Sync] Stopped: Edge E Drop
2026-06-12 01:16:20.533: [INFO][Sync] Stopped: Edge Hub App Usage
2026-06-12 01:16:20.533: [INFO][Sync] Stopped: Edge Wallet
2026-06-12 01:16:20.533: [INFO][Sync] Stopped: Edge Workspace
2026-06-12 01:16:20.534: [INFO][Sync] SyncState after authenticated was: NotSignedIn
2026-06-12 01:16:20.970: [INFO][Sync] Reset engine, reason: 8
2026-06-12 01:16:20.971: [INFO][Sync] Stopped: Bookmarks
2026-06-12 01:16:20.971: [INFO][Sync] Stopped: Preferences
2026-06-12 01:16:20.971: [INFO][Sync] Stopped: Passwords
2026-06-12 01:16:20.971: [INFO][Sync] Stopped: Autofill Profiles
2026-06-12 01:16:20.971: [INFO][Sync] Stopped: Autofill
2026-06-12 01:16:20.971: [INFO][Sync] Stopped: Extensions
2026-06-12 01:16:20.971: [INFO][Sync] Stopped: Sessions
2026-06-12 01:16:20.971: [INFO][Sync] Stopped: Extension settings
2026-06-12 01:16:20.971: [INFO][Sync] Stopped: History Delete Directives
2026-06-12 01:16:20.971: [INFO][Sync] Stopped: Device Info
2026-06-12 01:16:20.971: [INFO][Sync] Stopped: User Consents
2026-06-12 01:16:20.971: [INFO][Sync] Stopped: Send Tab To Self
2026-06-12 01:16:20.971: [INFO][Sync] Stopped: Web Apps
2026-06-12 01:16:20.971: [INFO][Sync] Stopped: History
2026-06-12 01:16:20.971: [INFO][Sync] Stopped: Saved Tab Group
2026-06-12 01:16:20.971: [INFO][Sync] Stopped: WebAuthn Credentials
2026-06-12 01:16:20.971: [INFO][Sync] Stopped: Edge E Drop
2026-06-12 01:16:20.971: [INFO][Sync] Stopped: Edge Hub App Usage
2026-06-12 01:16:20.971: [INFO][Sync] Stopped: Edge Wallet
2026-06-12 01:16:20.971: [INFO][Sync] Stopped: Edge Workspace
2026-06-12 04:05:42.764: [INFO][Sync] Reset engine, reason: 0
2026-06-12 04:16:17.462: [INFO][Sync] Reset engine, reason: 8
2026-06-12 04:16:17.462: [INFO][Sync] Stopped: Bookmarks
2026-06-12 04:16:17.462: [INFO][Sync] Stopped: Preferences
2026-06-12 04:16:17.462: [INFO][Sync] Stopped: Passwords
2026-06-12 04:16:17.462: [INFO][Sync] Stopped: Autofill Profiles
2026-06-12 04:16:17.462: [INFO][Sync] Stopped: Autofill
2026-06-12 04:16:17.462: [INFO][Sync] Stopped: Extensions
2026-06-12 04:16:17.462: [INFO][Sync] Stopped: Sessions
2026-06-12 04:16:17.462: [INFO][Sync] Stopped: Extension settings
2026-06-12 04:16:17.462: [INFO][Sync] Stopped: History Delete Directives
2026-06-12 04:16:17.462: [INFO][Sync] Stopped: Device Info
2026-06-12 04:16:17.462: [INFO][Sync] Stopped: User Consents
2026-06-12 04:16:17.462: [INFO][Sync] Stopped: Send Tab To Self
2026-06-12 04:16:17.462: [INFO][Sync] Stopped: Web Apps
2026-06-12 04:16:17.462: [INFO][Sync] Stopped: History
2026-06-12 04:16:17.462: [INFO][Sync] Stopped: Saved Tab Group
2026-06-12 04:16:17.462: [INFO][Sync] Stopped: WebAuthn Credentials
2026-06-12 04:16:17.462: [INFO][Sync] Stopped: Edge E Drop
2026-06-12 04:16:17.462: [INFO][Sync] Stopped: Edge Hub App Usage
2026-06-12 04:16:17.462: [INFO][Sync] Stopped: Edge Wallet
2026-06-12 04:16:17.462: [INFO][Sync] Stopped: Edge Workspace
2026-06-12 04:16:17.463: [INFO][Sync] SyncState after authenticated was: NotSignedIn
2026-06-12 04:16:18.299: [INFO][Sync] Reset engine, reason: 8
2026-06-12 04:16:18.299: [INFO][Sync] Stopped: Bookmarks
2026-06-12 04:16:18.299: [INFO][Sync] Stopped: Preferences
2026-06-12 04:16:18.300: [INFO][Sync] Stopped: Passwords
2026-06-12 04:16:18.300: [INFO][Sync] Stopped: Autofill Profiles
2026-06-12 04:16:18.300: [INFO][Sync] Stopped: Autofill
2026-06-12 04:16:18.300: [INFO][Sync] Stopped: Extensions
2026-06-12 04:16:18.300: [INFO][Sync] Stopped: Sessions
2026-06-12 04:16:18.300: [INFO][Sync] Stopped: Extension settings
2026-06-12 04:16:18.300: [INFO][Sync] Stopped: History Delete Directives
2026-06-12 04:16:18.300: [INFO][Sync] Stopped: Device Info
2026-06-12 04:16:18.300: [INFO][Sync] Stopped: User Consents
2026-06-12 04:16:18.300: [INFO][Sync] Stopped: Send Tab To Self
2026-06-12 04:16:18.300: [INFO][Sync] Stopped: Web Apps
2026-06-12 04:16:18.300: [INFO][Sync] Stopped: History
2026-06-12 04:16:18.300: [INFO][Sync] Stopped: Saved Tab Group
2026-06-12 04:16:18.300: [INFO][Sync] Stopped: WebAuthn Credentials
2026-06-12 04:16:18.300: [INFO][Sync] Stopped: Edge E Drop
2026-06-12 04:16:18.300: [INFO][Sync] Stopped: Edge Hub App Usage
2026-06-12 04:16:18.300: [INFO][Sync] Stopped: Edge Wallet
2026-06-12 04:16:18.300: [INFO][Sync] Stopped: Edge Workspace
2026-06-12 04:17:04.426: [INFO][Sync] Reset engine, reason: 0
2026-06-12 04:22:53.333: [INFO][Sync] Reset engine, reason: 8
2026-06-12 04:22:53.333: [INFO][Sync] Stopped: Bookmarks
2026-06-12 04:22:53.333: [INFO][Sync] Stopped: Preferences
2026-06-12 04:22:53.333: [INFO][Sync] Stopped: Passwords
2026-06-12 04:22:53.333: [INFO][Sync] Stopped: Autofill Profiles
2026-06-12 04:22:53.333: [INFO][Sync] Stopped: Autofill
2026-06-12 04:22:53.333: [INFO][Sync] Stopped: Extensions
2026-06-12 04:22:53.333: [INFO][Sync] Stopped: Sessions
2026-06-12 04:22:53.333: [INFO][Sync] Stopped: Extension settings
2026-06-12 04:22:53.333: [INFO][Sync] Stopped: History Delete Directives
2026-06-12 04:22:53.333: [INFO][Sync] Stopped: Device Info
2026-06-12 04:22:53.333: [INFO][Sync] Stopped: User Consents
2026-06-12 04:22:53.333: [INFO][Sync] Stopped: Send Tab To Self
2026-06-12 04:22:53.333: [INFO][Sync] Stopped: Web Apps
2026-06-12 04:22:53.333: [INFO][Sync] Stopped: History
2026-06-12 04:22:53.333: [INFO][Sync] Stopped: Saved Tab Group
2026-06-12 04:22:53.333: [INFO][Sync] Stopped: WebAuthn Credentials
2026-06-12 04:22:53.334: [INFO][Sync] Stopped: Edge E Drop
2026-06-12 04:22:53.334: [INFO][Sync] Stopped: Edge Hub App Usage
2026-06-12 04:22:53.334: [INFO][Sync] Stopped: Edge Wallet
2026-06-12 04:22:53.334: [INFO][Sync] Stopped: Edge Workspace
2026-06-12 04:22:53.334: [INFO][Sync] SyncState after authenticated was: NotSignedIn
2026-06-12 04:22:53.978: [INFO][Sync] Reset engine, reason: 8
2026-06-12 04:22:53.978: [INFO][Sync] Stopped: Bookmarks
2026-06-12 04:22:53.978: [INFO][Sync] Stopped: Preferences
2026-06-12 04:22:53.978: [INFO][Sync] Stopped: Passwords
2026-06-12 04:22:53.978: [INFO][Sync] Stopped: Autofill Profiles
2026-06-12 04:22:53.978: [INFO][Sync] Stopped: Autofill
2026-06-12 04:22:53.978: [INFO][Sync] Stopped: Extensions
2026-06-12 04:22:53.978: [INFO][Sync] Stopped: Sessions
2026-06-12 04:22:53.978: [INFO][Sync] Stopped: Extension settings
2026-06-12 04:22:53.978: [INFO][Sync] Stopped: History Delete Directives
2026-06-12 04:22:53.978: [INFO][Sync] Stopped: Device Info
2026-06-12 04:22:53.978: [INFO][Sync] Stopped: User Consents
2026-06-12 04:22:53.978: [INFO][Sync] Stopped: Send Tab To Self
2026-06-12 04:22:53.978: [INFO][Sync] Stopped: Web Apps
2026-06-12 04:22:53.978: [INFO][Sync] Stopped: History
2026-06-12 04:22:53.978: [INFO][Sync] Stopped: Saved Tab Group
2026-06-12 04:22:53.978: [INFO][Sync] Stopped: WebAuthn Credentials
2026-06-12 04:22:53.978: [INFO][Sync] Stopped: Edge E Drop
2026-06-12 04:22:53.978: [INFO][Sync] Stopped: Edge Hub App Usage
2026-06-12 04:22:53.978: [INFO][Sync] Stopped: Edge Wallet
2026-06-12 04:22:53.978: [INFO][Sync] Stopped: Edge Workspace
2026-06-12 04:29:16.160: [INFO][Sync] Reset engine, reason: 0
2026-06-12 08:22:29.619: [INFO][Sync] Reset engine, reason: 8
2026-06-12 08:22:29.619: [INFO][Sync] Stopped: Bookmarks
2026-06-12 08:22:29.619: [INFO][Sync] Stopped: Preferences
2026-06-12 08:22:29.620: [INFO][Sync] Stopped: Passwords
2026-06-12 08:22:29.620: [INFO][Sync] Stopped: Autofill Profiles
2026-06-12 08:22:29.620: [INFO][Sync] Stopped: Autofill
2026-06-12 08:22:29.620: [INFO][Sync] Stopped: Extensions
2026-06-12 08:22:29.620: [INFO][Sync] Stopped: Sessions
2026-06-12 08:22:29.620: [INFO][Sync] Stopped: Extension settings
2026-06-12 08:22:29.620: [INFO][Sync] Stopped: History Delete Directives
2026-06-12 08:22:29.620: [INFO][Sync] Stopped: Device Info
2026-06-12 08:22:29.620: [INFO][Sync] Stopped: User Consents
2026-06-12 08:22:29.620: [INFO][Sync] Stopped: Send Tab To Self
2026-06-12 08:22:29.620: [INFO][Sync] Stopped: Web Apps
2026-06-12 08:22:29.620: [INFO][Sync] Stopped: History
2026-06-12 08:22:29.620: [INFO][Sync] Stopped: Saved Tab Group
2026-06-12 08:22:29.620: [INFO][Sync] Stopped: WebAuthn Credentials
2026-06-12 08:22:29.620: [INFO][Sync] Stopped: Edge E Drop
2026-06-12 08:22:29.620: [INFO][Sync] Stopped: Edge Hub App Usage
2026-06-12 08:22:29.620: [INFO][Sync] Stopped: Edge Wallet
2026-06-12 08:22:29.620: [INFO][Sync] Stopped: Edge Workspace
2026-06-12 08:22:29.620: [INFO][Sync] SyncState after authenticated was: NotSignedIn
2026-06-12 08:22:30.043: [INFO][Sync] Reset engine, reason: 8
2026-06-12 08:22:30.043: [INFO][Sync] Stopped: Bookmarks
2026-06-12 08:22:30.043: [INFO][Sync] Stopped: Preferences
2026-06-12 08:22:30.043: [INFO][Sync] Stopped: Passwords
2026-06-12 08:22:30.043: [INFO][Sync] Stopped: Autofill Profiles
2026-06-12 08:22:30.043: [INFO][Sync] Stopped: Autofill
2026-06-12 08:22:30.043: [INFO][Sync] Stopped: Extensions
2026-06-12 08:22:30.043: [INFO][Sync] Stopped: Sessions
2026-06-12 08:22:30.043: [INFO][Sync] Stopped: Extension settings
2026-06-12 08:22:30.043: [INFO][Sync] Stopped: History Delete Directives
2026-06-12 08:22:30.043: [INFO][Sync] Stopped: Device Info
2026-06-12 08:22:30.043: [INFO][Sync] Stopped: User Consents
2026-06-12 08:22:30.043: [INFO][Sync] Stopped: Send Tab To Self
2026-06-12 08:22:30.043: [INFO][Sync] Stopped: Web Apps
2026-06-12 08:22:30.043: [INFO][Sync] Stopped: History
2026-06-12 08:22:30.043: [INFO][Sync] Stopped: Saved Tab Group
2026-06-12 08:22:30.043: [INFO][Sync] Stopped: WebAuthn Credentials
2026-06-12 08:22:30.043: [INFO][Sync] Stopped: Edge E Drop
2026-06-12 08:22:30.043: [INFO][Sync] Stopped: Edge Hub App Usage
2026-06-12 08:22:30.043: [INFO][Sync] Stopped: Edge Wallet
2026-06-12 08:22:30.043: [INFO][Sync] Stopped: Edge Workspace
2026-06-12 08:22:56.455: [INFO][Sync] Reset engine, reason: 0
2026-06-12 08:22:57.277: [INFO][Sync] Reset engine, reason: 8
2026-06-12 08:22:57.277: [INFO][Sync] Stopped: Bookmarks
2026-06-12 08:22:57.277: [INFO][Sync] Stopped: Preferences
2026-06-12 08:22:57.277: [INFO][Sync] Stopped: Passwords
2026-06-12 08:22:57.277: [INFO][Sync] Stopped: Autofill Profiles
2026-06-12 08:22:57.277: [INFO][Sync] Stopped: Autofill
2026-06-12 08:22:57.277: [INFO][Sync] Stopped: Extensions
2026-06-12 08:22:57.277: [INFO][Sync] Stopped: Sessions
2026-06-12 08:22:57.277: [INFO][Sync] Stopped: Extension settings
2026-06-12 08:22:57.277: [INFO][Sync] Stopped: History Delete Directives
2026-06-12 08:22:57.277: [INFO][Sync] Stopped: Device Info
2026-06-12 08:22:57.277: [INFO][Sync] Stopped: User Consents
2026-06-12 08:22:57.277: [INFO][Sync] Stopped: Send Tab To Self
2026-06-12 08:22:57.277: [INFO][Sync] Stopped: Web Apps
2026-06-12 08:22:57.277: [INFO][Sync] Stopped: History
2026-06-12 08:22:57.277: [INFO][Sync] Stopped: Saved Tab Group
2026-06-12 08:22:57.277: [INFO][Sync] Stopped: WebAuthn Credentials
2026-06-12 08:22:57.277: [INFO][Sync] Stopped: Edge E Drop
2026-06-12 08:22:57.277: [INFO][Sync] Stopped: Edge Hub App Usage
2026-06-12 08:22:57.277: [INFO][Sync] Stopped: Edge Wallet
2026-06-12 08:22:57.277: [INFO][Sync] Stopped: Edge Workspace
2026-06-12 08:22:57.278: [INFO][Sync] SyncState after authenticated was: NotSignedIn
2026-06-12 08:22:57.762: [INFO][Sync] Reset engine, reason: 8
2026-06-12 08:22:57.762: [INFO][Sync] Stopped: Bookmarks
2026-06-12 08:22:57.762: [INFO][Sync] Stopped: Preferences
2026-06-12 08:22:57.762: [INFO][Sync] Stopped: Passwords
2026-06-12 08:22:57.762: [INFO][Sync] Stopped: Autofill Profiles
2026-06-12 08:22:57.762: [INFO][Sync] Stopped: Autofill
2026-06-12 08:22:57.762: [INFO][Sync] Stopped: Extensions
2026-06-12 08:22:57.762: [INFO][Sync] Stopped: Sessions
2026-06-12 08:22:57.762: [INFO][Sync] Stopped: Extension settings
2026-06-12 08:22:57.762: [INFO][Sync] Stopped: History Delete Directives
2026-06-12 08:22:57.762: [INFO][Sync] Stopped: Device Info
2026-06-12 08:22:57.762: [INFO][Sync] Stopped: User Consents
2026-06-12 08:22:57.762: [INFO][Sync] Stopped: Send Tab To Self
2026-06-12 08:22:57.762: [INFO][Sync] Stopped: Web Apps
2026-06-12 08:22:57.762: [INFO][Sync] Stopped: History
2026-06-12 08:22:57.762: [INFO][Sync] Stopped: Saved Tab Group
2026-06-12 08:22:57.762: [INFO][Sync] Stopped: WebAuthn Credentials
2026-06-12 08:22:57.762: [INFO][Sync] Stopped: Edge E Drop
2026-06-12 08:22:57.762: [INFO][Sync] Stopped: Edge Hub App Usage
2026-06-12 08:22:57.762: [INFO][Sync] Stopped: Edge Wallet
2026-06-12 08:22:57.762: [INFO][Sync] Stopped: Edge Workspace
2026-06-12 09:05:20.773: [INFO][Sync] Reset engine, reason: 0
2026-06-12 10:30:45.978: [INFO][Sync] Reset engine, reason: 8
2026-06-12 10:30:45.978: [INFO][Sync] Stopped: Bookmarks
2026-06-12 10:30:45.978: [INFO][Sync] Stopped: Preferences
2026-06-12 10:30:45.978: [INFO][Sync] Stopped: Passwords
2026-06-12 10:30:45.978: [INFO][Sync] Stopped: Autofill Profiles
2026-06-12 10:30:45.979: [INFO][Sync] Stopped: Autofill
2026-06-12 10:30:45.979: [INFO][Sync] Stopped: Extensions
2026-06-12 10:30:45.979: [INFO][Sync] Stopped: Sessions
2026-06-12 10:30:45.979: [INFO][Sync] Stopped: Extension settings
2026-06-12 10:30:45.979: [INFO][Sync] Stopped: History Delete Directives
2026-06-12 10:30:45.979: [INFO][Sync] Stopped: Device Info
2026-06-12 10:30:45.979: [INFO][Sync] Stopped: User Consents
2026-06-12 10:30:45.979: [INFO][Sync] Stopped: Send Tab To Self
2026-06-12 10:30:45.979: [INFO][Sync] Stopped: Web Apps
2026-06-12 10:30:45.979: [INFO][Sync] Stopped: History
2026-06-12 10:30:45.979: [INFO][Sync] Stopped: Saved Tab Group
2026-06-12 10:30:45.979: [INFO][Sync] Stopped: WebAuthn Credentials
2026-06-12 10:30:45.979: [INFO][Sync] Stopped: Edge E Drop
2026-06-12 10:30:45.979: [INFO][Sync] Stopped: Edge Hub App Usage
2026-06-12 10:30:45.979: [INFO][Sync] Stopped: Edge Wallet
2026-06-12 10:30:45.979: [INFO][Sync] Stopped: Edge Workspace
2026-06-12 10:30:45.979: [INFO][Sync] SyncState after authenticated was: NotSignedIn
2026-06-12 10:30:46.427: [INFO][Sync] Reset engine, reason: 8
2026-06-12 10:30:46.427: [INFO][Sync] Stopped: Bookmarks
2026-06-12 10:30:46.427: [INFO][Sync] Stopped: Preferences
2026-06-12 10:30:46.427: [INFO][Sync] Stopped: Passwords
2026-06-12 10:30:46.427: [INFO][Sync] Stopped: Autofill Profiles
2026-06-12 10:30:46.427: [INFO][Sync] Stopped: Autofill
2026-06-12 10:30:46.427: [INFO][Sync] Stopped: Extensions
2026-06-12 10:30:46.427: [INFO][Sync] Stopped: Sessions
2026-06-12 10:30:46.427: [INFO][Sync] Stopped: Extension settings
2026-06-12 10:30:46.427: [INFO][Sync] Stopped: History Delete Directives
2026-06-12 10:30:46.427: [INFO][Sync] Stopped: Device Info
2026-06-12 10:30:46.427: [INFO][Sync] Stopped: User Consents
2026-06-12 10:30:46.427: [INFO][Sync] Stopped: Send Tab To Self
2026-06-12 10:30:46.427: [INFO][Sync] Stopped: Web Apps
2026-06-12 10:30:46.428: [INFO][Sync] Stopped: History
2026-06-12 10:30:46.428: [INFO][Sync] Stopped: Saved Tab Group
2026-06-12 10:30:46.428: [INFO][Sync] Stopped: WebAuthn Credentials
2026-06-12 10:30:46.428: [INFO][Sync] Stopped: Edge E Drop
2026-06-12 10:30:46.428: [INFO][Sync] Stopped: Edge Hub App Usage
2026-06-12 10:30:46.428: [INFO][Sync] Stopped: Edge Wallet
2026-06-12 10:30:46.428: [INFO][Sync] Stopped: Edge Workspace
2026-06-12 11:33:07.199: [INFO][Sync] Reset engine, reason: 0
2026-06-12 21:58:04.591: [INFO][Sync] Reset engine, reason: 8
2026-06-12 21:58:04.591: [INFO][Sync] Stopped: Bookmarks
2026-06-12 21:58:04.591: [INFO][Sync] Stopped: Preferences
2026-06-12 21:58:04.591: [INFO][Sync] Stopped: Passwords
2026-06-12 21:58:04.591: [INFO][Sync] Stopped: Autofill Profiles
2026-06-12 21:58:04.591: [INFO][Sync] Stopped: Autofill
2026-06-12 21:58:04.591: [INFO][Sync] Stopped: Extensions
2026-06-12 21:58:04.591: [INFO][Sync] Stopped: Sessions
2026-06-12 21:58:04.591: [INFO][Sync] Stopped: Extension settings
2026-06-12 21:58:04.591: [INFO][Sync] Stopped: History Delete Directives
2026-06-12 21:58:04.591: [INFO][Sync] Stopped: Device Info
2026-06-12 21:58:04.591: [INFO][Sync] Stopped: User Consents
2026-06-12 21:58:04.591: [INFO][Sync] Stopped: Send Tab To Self
2026-06-12 21:58:04.591: [INFO][Sync] Stopped: Web Apps
2026-06-12 21:58:04.591: [INFO][Sync] Stopped: History
2026-06-12 21:58:04.591: [INFO][Sync] Stopped: Saved Tab Group
2026-06-12 21:58:04.591: [INFO][Sync] Stopped: WebAuthn Credentials
2026-06-12 21:58:04.591: [INFO][Sync] Stopped: Edge E Drop
2026-06-12 21:58:04.591: [INFO][Sync] Stopped: Edge Hub App Usage
2026-06-12 21:58:04.591: [INFO][Sync] Stopped: Edge Wallet
2026-06-12 21:58:04.591: [INFO][Sync] Stopped: Edge Workspace
2026-06-12 21:58:04.591: [INFO][Sync] SyncState after authenticated was: NotSignedIn
2026-06-12 21:58:05.173: [INFO][Sync] Reset engine, reason: 8
2026-06-12 21:58:05.173: [INFO][Sync] Stopped: Bookmarks
2026-06-12 21:58:05.173: [INFO][Sync] Stopped: Preferences
2026-06-12 21:58:05.173: [INFO][Sync] Stopped: Passwords
2026-06-12 21:58:05.173: [INFO][Sync] Stopped: Autofill Profiles
2026-06-12 21:58:05.173: [INFO][Sync] Stopped: Autofill
2026-06-12 21:58:05.173: [INFO][Sync] Stopped: Extensions
2026-06-12 21:58:05.173: [INFO][Sync] Stopped: Sessions
2026-06-12 21:58:05.173: [INFO][Sync] Stopped: Extension settings
2026-06-12 21:58:05.173: [INFO][Sync] Stopped: History Delete Directives
2026-06-12 21:58:05.173: [INFO][Sync] Stopped: Device Info
2026-06-12 21:58:05.173: [INFO][Sync] Stopped: User Consents
2026-06-12 21:58:05.173: [INFO][Sync] Stopped: Send Tab To Self
2026-06-12 21:58:05.173: [INFO][Sync] Stopped: Web Apps
2026-06-12 21:58:05.173: [INFO][Sync] Stopped: History
2026-06-12 21:58:05.173: [INFO][Sync] Stopped: Saved Tab Group
2026-06-12 21:58:05.173: [INFO][Sync] Stopped: WebAuthn Credentials
2026-06-12 21:58:05.173: [INFO][Sync] Stopped: Edge E Drop
2026-06-12 21:58:05.173: [INFO][Sync] Stopped: Edge Hub App Usage
2026-06-12 21:58:05.173: [INFO][Sync] Stopped: Edge Wallet
2026-06-12 21:58:05.173: [INFO][Sync] Stopped: Edge Workspace
2026-06-12 21:58:23.996: [INFO][Sync] Reset engine, reason: 0
2026-06-12 21:58:25.123: [INFO][Sync] Reset engine, reason: 8
2026-06-12 21:58:25.123: [INFO][Sync] Stopped: Bookmarks
2026-06-12 21:58:25.123: [INFO][Sync] Stopped: Preferences
2026-06-12 21:58:25.123: [INFO][Sync] Stopped: Passwords
2026-06-12 21:58:25.123: [INFO][Sync] Stopped: Autofill Profiles
2026-06-12 21:58:25.123: [INFO][Sync] Stopped: Autofill
2026-06-12 21:58:25.123: [INFO][Sync] Stopped: Extensions
2026-06-12 21:58:25.123: [INFO][Sync] Stopped: Sessions
2026-06-12 21:58:25.123: [INFO][Sync] Stopped: Extension settings
2026-06-12 21:58:25.123: [INFO][Sync] Stopped: History Delete Directives
2026-06-12 21:58:25.123: [INFO][Sync] Stopped: Device Info
2026-06-12 21:58:25.123: [INFO][Sync] Stopped: User Consents
2026-06-12 21:58:25.123: [INFO][Sync] Stopped: Send Tab To Self
2026-06-12 21:58:25.123: [INFO][Sync] Stopped: Web Apps
2026-06-12 21:58:25.123: [INFO][Sync] Stopped: History
2026-06-12 21:58:25.123: [INFO][Sync] Stopped: Saved Tab Group
2026-06-12 21:58:25.123: [INFO][Sync] Stopped: WebAuthn Credentials
2026-06-12 21:58:25.123: [INFO][Sync] Stopped: Edge E Drop
2026-06-12 21:58:25.123: [INFO][Sync] Stopped: Edge Hub App Usage
2026-06-12 21:58:25.123: [INFO][Sync] Stopped: Edge Wallet
2026-06-12 21:58:25.123: [INFO][Sync] Stopped: Edge Workspace
2026-06-12 21:58:25.123: [INFO][Sync] SyncState after authenticated was: NotSignedIn
2026-06-12 21:58:25.920: [INFO][Sync] Reset engine, reason: 8
2026-06-12 21:58:25.920: [INFO][Sync] Stopped: Bookmarks
2026-06-12 21:58:25.920: [INFO][Sync] Stopped: Preferences
2026-06-12 21:58:25.920: [INFO][Sync] Stopped: Passwords
2026-06-12 21:58:25.920: [INFO][Sync] Stopped: Autofill Profiles
2026-06-12 21:58:25.920: [INFO][Sync] Stopped: Autofill
2026-06-12 21:58:25.920: [INFO][Sync] Stopped: Extensions
2026-06-12 21:58:25.920: [INFO][Sync] Stopped: Sessions
2026-06-12 21:58:25.920: [INFO][Sync] Stopped: Extension settings
2026-06-12 21:58:25.920: [INFO][Sync] Stopped: History Delete Directives
2026-06-12 21:58:25.920: [INFO][Sync] Stopped: Device Info
2026-06-12 21:58:25.920: [INFO][Sync] Stopped: User Consents
2026-06-12 21:58:25.920: [INFO][Sync] Stopped: Send Tab To Self
2026-06-12 21:58:25.920: [INFO][Sync] Stopped: Web Apps
2026-06-12 21:58:25.920: [INFO][Sync] Stopped: History
2026-06-12 21:58:25.920: [INFO][Sync] Stopped: Saved Tab Group
2026-06-12 21:58:25.920: [INFO][Sync] Stopped: WebAuthn Credentials
2026-06-12 21:58:25.920: [INFO][Sync] Stopped: Edge E Drop
2026-06-12 21:58:25.920: [INFO][Sync] Stopped: Edge Hub App Usage
2026-06-12 21:58:25.920: [INFO][Sync] Stopped: Edge Wallet
2026-06-12 21:58:25.920: [INFO][Sync] Stopped: Edge Workspace
2026-06-12 23:13:57.094: [INFO][Sync] Reset engine, reason: 8
2026-06-12 23:13:57.094: [INFO][Sync] Stopped: Bookmarks
2026-06-12 23:13:57.094: [INFO][Sync] Stopped: Preferences
2026-06-12 23:13:57.094: [INFO][Sync] Stopped: Passwords
2026-06-12 23:13:57.094: [INFO][Sync] Stopped: Autofill Profiles
2026-06-12 23:13:57.094: [INFO][Sync] Stopped: Autofill
2026-06-12 23:13:57.094: [INFO][Sync] Stopped: Extensions
2026-06-12 23:13:57.094: [INFO][Sync] Stopped: Sessions
2026-06-12 23:13:57.094: [INFO][Sync] Stopped: Extension settings
2026-06-12 23:13:57.094: [INFO][Sync] Stopped: History Delete Directives
2026-06-12 23:13:57.094: [INFO][Sync] Stopped: Device Info
2026-06-12 23:13:57.094: [INFO][Sync] Stopped: User Consents
2026-06-12 23:13:57.094: [INFO][Sync] Stopped: Send Tab To Self
2026-06-12 23:13:57.094: [INFO][Sync] Stopped: Web Apps
2026-06-12 23:13:57.094: [INFO][Sync] Stopped: History
2026-06-12 23:13:57.094: [INFO][Sync] Stopped: Saved Tab Group
2026-06-12 23:13:57.094: [INFO][Sync] Stopped: WebAuthn Credentials
2026-06-12 23:13:57.094: [INFO][Sync] Stopped: Edge E Drop
2026-06-12 23:13:57.094: [INFO][Sync] Stopped: Edge Hub App Usage
2026-06-12 23:13:57.094: [INFO][Sync] Stopped: Edge Wallet
2026-06-12 23:13:57.094: [INFO][Sync] Stopped: Edge Workspace
2026-06-12 23:13:57.095: [INFO][Sync] SyncState after authenticated was: NotSignedIn
2026-06-12 23:13:57.647: [INFO][Sync] Reset engine, reason: 8
2026-06-12 23:13:57.647: [INFO][Sync] Stopped: Bookmarks
2026-06-12 23:13:57.647: [INFO][Sync] Stopped: Preferences
2026-06-12 23:13:57.647: [INFO][Sync] Stopped: Passwords
2026-06-12 23:13:57.647: [INFO][Sync] Stopped: Autofill Profiles
2026-06-12 23:13:57.647: [INFO][Sync] Stopped: Autofill
2026-06-12 23:13:57.647: [INFO][Sync] Stopped: Extensions
2026-06-12 23:13:57.647: [INFO][Sync] Stopped: Sessions
2026-06-12 23:13:57.647: [INFO][Sync] Stopped: Extension settings
2026-06-12 23:13:57.647: [INFO][Sync] Stopped: History Delete Directives
2026-06-12 23:13:57.647: [INFO][Sync] Stopped: Device Info
2026-06-12 23:13:57.647: [INFO][Sync] Stopped: User Consents
2026-06-12 23:13:57.647: [INFO][Sync] Stopped: Send Tab To Self
2026-06-12 23:13:57.647: [INFO][Sync] Stopped: Web Apps
2026-06-12 23:13:57.647: [INFO][Sync] Stopped: History
2026-06-12 23:13:57.647: [INFO][Sync] Stopped: Saved Tab Group
2026-06-12 23:13:57.647: [INFO][Sync] Stopped: WebAuthn Credentials
2026-06-12 23:13:57.647: [INFO][Sync] Stopped: Edge E Drop
2026-06-12 23:13:57.647: [INFO][Sync] Stopped: Edge Hub App Usage
2026-06-12 23:13:57.647: [INFO][Sync] Stopped: Edge Wallet
2026-06-12 23:13:57.647: [INFO][Sync] Stopped: Edge Workspace
2026-06-12 23:34:03.583: [INFO][Sync] Reset engine, reason: 0
2026-06-12 23:34:04.371: [INFO][Sync] Reset engine, reason: 8
2026-06-12 23:34:04.371: [INFO][Sync] Stopped: Bookmarks
2026-06-12 23:34:04.371: [INFO][Sync] Stopped: Preferences
2026-06-12 23:34:04.371: [INFO][Sync] Stopped: Passwords
2026-06-12 23:34:04.371: [INFO][Sync] Stopped: Autofill Profiles
2026-06-12 23:34:04.371: [INFO][Sync] Stopped: Autofill
2026-06-12 23:34:04.371: [INFO][Sync] Stopped: Extensions
2026-06-12 23:34:04.371: [INFO][Sync] Stopped: Sessions
2026-06-12 23:34:04.371: [INFO][Sync] Stopped: Extension settings
2026-06-12 23:34:04.371: [INFO][Sync] Stopped: History Delete Directives
2026-06-12 23:34:04.371: [INFO][Sync] Stopped: Device Info
2026-06-12 23:34:04.371: [INFO][Sync] Stopped: User Consents
2026-06-12 23:34:04.371: [INFO][Sync] Stopped: Send Tab To Self
2026-06-12 23:34:04.372: [INFO][Sync] Stopped: Web Apps
2026-06-12 23:34:04.372: [INFO][Sync] Stopped: History
2026-06-12 23:34:04.372: [INFO][Sync] Stopped: Saved Tab Group
2026-06-12 23:34:04.372: [INFO][Sync] Stopped: WebAuthn Credentials
2026-06-12 23:34:04.372: [INFO][Sync] Stopped: Edge E Drop
2026-06-12 23:34:04.372: [INFO][Sync] Stopped: Edge Hub App Usage
2026-06-12 23:34:04.372: [INFO][Sync] Stopped: Edge Wallet
2026-06-12 23:34:04.372: [INFO][Sync] Stopped: Edge Workspace
2026-06-12 23:34:04.372: [INFO][Sync] SyncState after authenticated was: NotSignedIn
2026-06-12 23:34:04.895: [INFO][Sync] Reset engine, reason: 8
2026-06-12 23:34:04.895: [INFO][Sync] Stopped: Bookmarks
2026-06-12 23:34:04.895: [INFO][Sync] Stopped: Preferences
2026-06-12 23:34:04.895: [INFO][Sync] Stopped: Passwords
2026-06-12 23:34:04.895: [INFO][Sync] Stopped: Autofill Profiles
2026-06-12 23:34:04.895: [INFO][Sync] Stopped: Autofill
2026-06-12 23:34:04.895: [INFO][Sync] Stopped: Extensions
2026-06-12 23:34:04.895: [INFO][Sync] Stopped: Sessions
2026-06-12 23:34:04.895: [INFO][Sync] Stopped: Extension settings
2026-06-12 23:34:04.895: [INFO][Sync] Stopped: History Delete Directives
2026-06-12 23:34:04.895: [INFO][Sync] Stopped: Device Info
2026-06-12 23:34:04.895: [INFO][Sync] Stopped: User Consents
2026-06-12 23:34:04.895: [INFO][Sync] Stopped: Send Tab To Self
2026-06-12 23:34:04.895: [INFO][Sync] Stopped: Web Apps
2026-06-12 23:34:04.895: [INFO][Sync] Stopped: History
2026-06-12 23:34:04.895: [INFO][Sync] Stopped: Saved Tab Group
2026-06-12 23:34:04.895: [INFO][Sync] Stopped: WebAuthn Credentials
2026-06-12 23:34:04.895: [INFO][Sync] Stopped: Edge E Drop
2026-06-12 23:34:04.895: [INFO][Sync] Stopped: Edge Hub App Usage
2026-06-12 23:34:04.895: [INFO][Sync] Stopped: Edge Wallet
2026-06-12 23:34:04.895: [INFO][Sync] Stopped: Edge Workspace
2026-06-13 08:02:05.597: [INFO][Sync] Reset engine, reason: 0
2026-06-13 08:02:07.793: [INFO][Sync] Reset engine, reason: 8
2026-06-13 08:02:07.793: [INFO][Sync] Stopped: Bookmarks
2026-06-13 08:02:07.793: [INFO][Sync] Stopped: Preferences
2026-06-13 08:02:07.793: [INFO][Sync] Stopped: Passwords
2026-06-13 08:02:07.793: [INFO][Sync] Stopped: Autofill Profiles
2026-06-13 08:02:07.793: [INFO][Sync] Stopped: Autofill
2026-06-13 08:02:07.793: [INFO][Sync] Stopped: Extensions
2026-06-13 08:02:07.793: [INFO][Sync] Stopped: Sessions
2026-06-13 08:02:07.793: [INFO][Sync] Stopped: Extension settings
2026-06-13 08:02:07.793: [INFO][Sync] Stopped: History Delete Directives
2026-06-13 08:02:07.793: [INFO][Sync] Stopped: Device Info
2026-06-13 08:02:07.793: [INFO][Sync] Stopped: User Consents
2026-06-13 08:02:07.793: [INFO][Sync] Stopped: Send Tab To Self
2026-06-13 08:02:07.793: [INFO][Sync] Stopped: Web Apps
2026-06-13 08:02:07.793: [INFO][Sync] Stopped: History
2026-06-13 08:02:07.793: [INFO][Sync] Stopped: Saved Tab Group
2026-06-13 08:02:07.793: [INFO][Sync] Stopped: WebAuthn Credentials
2026-06-13 08:02:07.793: [INFO][Sync] Stopped: Edge E Drop
2026-06-13 08:02:07.793: [INFO][Sync] Stopped: Edge Hub App Usage
2026-06-13 08:02:07.793: [INFO][Sync] Stopped: Edge Wallet
2026-06-13 08:02:07.793: [INFO][Sync] Stopped: Edge Workspace
2026-06-13 08:02:07.794: [INFO][Sync] SyncState after authenticated was: NotSignedIn
2026-06-13 10:45:28.472: [INFO][Sync] Reset engine, reason: 8
2026-06-13 10:45:28.472: [INFO][Sync] Stopped: Bookmarks
2026-06-13 10:45:28.472: [INFO][Sync] Stopped: Preferences
2026-06-13 10:45:28.472: [INFO][Sync] Stopped: Passwords
2026-06-13 10:45:28.472: [INFO][Sync] Stopped: Autofill Profiles
2026-06-13 10:45:28.472: [INFO][Sync] Stopped: Autofill
2026-06-13 10:45:28.472: [INFO][Sync] Stopped: Extensions
2026-06-13 10:45:28.472: [INFO][Sync] Stopped: Sessions
2026-06-13 10:45:28.472: [INFO][Sync] Stopped: Extension settings
2026-06-13 10:45:28.472: [INFO][Sync] Stopped: History Delete Directives
2026-06-13 10:45:28.472: [INFO][Sync] Stopped: Device Info
2026-06-13 10:45:28.472: [INFO][Sync] Stopped: User Consents
2026-06-13 10:45:28.472: [INFO][Sync] Stopped: Send Tab To Self
2026-06-13 10:45:28.472: [INFO][Sync] Stopped: Web Apps
2026-06-13 10:45:28.472: [INFO][Sync] Stopped: History
2026-06-13 10:45:28.472: [INFO][Sync] Stopped: Saved Tab Group
2026-06-13 10:45:28.472: [INFO][Sync] Stopped: WebAuthn Credentials
2026-06-13 10:45:28.472: [INFO][Sync] Stopped: Edge E Drop
2026-06-13 10:45:28.472: [INFO][Sync] Stopped: Edge Hub App Usage
2026-06-13 10:45:28.472: [INFO][Sync] Stopped: Edge Wallet
2026-06-13 10:45:28.472: [INFO][Sync] Stopped: Edge Workspace
2026-06-13 10:45:28.472: [INFO][Sync] SyncState after authenticated was: NotSignedIn
2026-06-13 10:45:29.290: [INFO][Sync] Reset engine, reason: 8
2026-06-13 10:45:29.290: [INFO][Sync] Stopped: Bookmarks
2026-06-13 10:45:29.290: [INFO][Sync] Stopped: Preferences
2026-06-13 10:45:29.290: [INFO][Sync] Stopped: Passwords
2026-06-13 10:45:29.290: [INFO][Sync] Stopped: Autofill Profiles
2026-06-13 10:45:29.290: [INFO][Sync] Stopped: Autofill
2026-06-13 10:45:29.290: [INFO][Sync] Stopped: Extensions
2026-06-13 10:45:29.290: [INFO][Sync] Stopped: Sessions
2026-06-13 10:45:29.290: [INFO][Sync] Stopped: Extension settings
2026-06-13 10:45:29.290: [INFO][Sync] Stopped: History Delete Directives
2026-06-13 10:45:29.290: [INFO][Sync] Stopped: Device Info
2026-06-13 10:45:29.290: [INFO][Sync] Stopped: User Consents
2026-06-13 10:45:29.290: [INFO][Sync] Stopped: Send Tab To Self
2026-06-13 10:45:29.290: [INFO][Sync] Stopped: Web Apps
2026-06-13 10:45:29.290: [INFO][Sync] Stopped: History
2026-06-13 10:45:29.290: [INFO][Sync] Stopped: Saved Tab Group
2026-06-13 10:45:29.290: [INFO][Sync] Stopped: WebAuthn Credentials
2026-06-13 10:45:29.290: [INFO][Sync] Stopped: Edge E Drop
2026-06-13 10:45:29.290: [INFO][Sync] Stopped: Edge Hub App Usage
2026-06-13 10:45:29.290: [INFO][Sync] Stopped: Edge Wallet
2026-06-13 10:45:29.290: [INFO][Sync] Stopped: Edge Workspace
2026-06-13 14:49:02.901: [INFO][Sync] Reset engine, reason: 0
2026-06-14 00:00:18.527: [INFO][Sync] Reset engine, reason: 8
2026-06-14 00:00:18.527: [INFO][Sync] Stopped: Bookmarks
2026-06-14 00:00:18.527: [INFO][Sync] Stopped: Preferences
2026-06-14 00:00:18.527: [INFO][Sync] Stopped: Passwords
2026-06-14 00:00:18.527: [INFO][Sync] Stopped: Autofill Profiles
2026-06-14 00:00:18.527: [INFO][Sync] Stopped: Autofill
2026-06-14 00:00:18.527: [INFO][Sync] Stopped: Extensions
2026-06-14 00:00:18.527: [INFO][Sync] Stopped: Sessions
2026-06-14 00:00:18.527: [INFO][Sync] Stopped: Extension settings
2026-06-14 00:00:18.527: [INFO][Sync] Stopped: History Delete Directives
2026-06-14 00:00:18.527: [INFO][Sync] Stopped: Device Info
2026-06-14 00:00:18.527: [INFO][Sync] Stopped: User Consents
2026-06-14 00:00:18.527: [INFO][Sync] Stopped: Send Tab To Self
2026-06-14 00:00:18.527: [INFO][Sync] Stopped: Web Apps
2026-06-14 00:00:18.527: [INFO][Sync] Stopped: History
2026-06-14 00:00:18.527: [INFO][Sync] Stopped: Saved Tab Group
2026-06-14 00:00:18.527: [INFO][Sync] Stopped: WebAuthn Credentials
2026-06-14 00:00:18.527: [INFO][Sync] Stopped: Edge E Drop
2026-06-14 00:00:18.527: [INFO][Sync] Stopped: Edge Hub App Usage
2026-06-14 00:00:18.527: [INFO][Sync] Stopped: Edge Wallet
2026-06-14 00:00:18.527: [INFO][Sync] Stopped: Edge Workspace
2026-06-14 00:00:18.527: [INFO][Sync] SyncState after authenticated was: NotSignedIn
2026-06-14 00:00:19.073: [INFO][Sync] Reset engine, reason: 8
2026-06-14 00:00:19.073: [INFO][Sync] Stopped: Bookmarks
2026-06-14 00:00:19.074: [INFO][Sync] Stopped: Preferences
2026-06-14 00:00:19.074: [INFO][Sync] Stopped: Passwords
2026-06-14 00:00:19.074: [INFO][Sync] Stopped: Autofill Profiles
2026-06-14 00:00:19.074: [INFO][Sync] Stopped: Autofill
2026-06-14 00:00:19.074: [INFO][Sync] Stopped: Extensions
2026-06-14 00:00:19.074: [INFO][Sync] Stopped: Sessions
2026-06-14 00:00:19.074: [INFO][Sync] Stopped: Extension settings
2026-06-14 00:00:19.074: [INFO][Sync] Stopped: History Delete Directives
2026-06-14 00:00:19.074: [INFO][Sync] Stopped: Device Info
2026-06-14 00:00:19.074: [INFO][Sync] Stopped: User Consents
2026-06-14 00:00:19.074: [INFO][Sync] Stopped: Send Tab To Self
2026-06-14 00:00:19.074: [INFO][Sync] Stopped: Web Apps
2026-06-14 00:00:19.074: [INFO][Sync] Stopped: History
2026-06-14 00:00:19.074: [INFO][Sync] Stopped: Saved Tab Group
2026-06-14 00:00:19.074: [INFO][Sync] Stopped: WebAuthn Credentials
2026-06-14 00:00:19.074: [INFO][Sync] Stopped: Edge E Drop
2026-06-14 00:00:19.074: [INFO][Sync] Stopped: Edge Hub App Usage
2026-06-14 00:00:19.074: [INFO][Sync] Stopped: Edge Wallet
2026-06-14 00:00:19.074: [INFO][Sync] Stopped: Edge Workspace
2026-06-14 03:15:23.870: [INFO][Sync] Reset engine, reason: 0
2026-06-14 03:15:25.474: [INFO][Sync] Reset engine, reason: 8
2026-06-14 03:15:25.474: [INFO][Sync] Stopped: Bookmarks
2026-06-14 03:15:25.474: [INFO][Sync] Stopped: Preferences
2026-06-14 03:15:25.474: [INFO][Sync] Stopped: Passwords
2026-06-14 03:15:25.474: [INFO][Sync] Stopped: Autofill Profiles
2026-06-14 03:15:25.474: [INFO][Sync] Stopped: Autofill
2026-06-14 03:15:25.474: [INFO][Sync] Stopped: Extensions
2026-06-14 03:15:25.474: [INFO][Sync] Stopped: Sessions
2026-06-14 03:15:25.474: [INFO][Sync] Stopped: Extension settings
2026-06-14 03:15:25.474: [INFO][Sync] Stopped: History Delete Directives
2026-06-14 03:15:25.474: [INFO][Sync] Stopped: Device Info
2026-06-14 03:15:25.474: [INFO][Sync] Stopped: User Consents
2026-06-14 03:15:25.474: [INFO][Sync] Stopped: Send Tab To Self
2026-06-14 03:15:25.474: [INFO][Sync] Stopped: Web Apps
2026-06-14 03:15:25.474: [INFO][Sync] Stopped: History
2026-06-14 03:15:25.474: [INFO][Sync] Stopped: Saved Tab Group
2026-06-14 03:15:25.474: [INFO][Sync] Stopped: WebAuthn Credentials
2026-06-14 03:15:25.474: [INFO][Sync] Stopped: Edge E Drop
2026-06-14 03:15:25.474: [INFO][Sync] Stopped: Edge Hub App Usage
2026-06-14 03:15:25.474: [INFO][Sync] Stopped: Edge Wallet
2026-06-14 03:15:25.474: [INFO][Sync] Stopped: Edge Workspace
2026-06-14 03:15:25.475: [INFO][Sync] SyncState after authenticated was: NotSignedIn
2026-06-14 03:15:26.326: [INFO][Sync] Reset engine, reason: 8
2026-06-14 03:15:26.326: [INFO][Sync] Stopped: Bookmarks
2026-06-14 03:15:26.326: [INFO][Sync] Stopped: Preferences
2026-06-14 03:15:26.326: [INFO][Sync] Stopped: Passwords
2026-06-14 03:15:26.326: [INFO][Sync] Stopped: Autofill Profiles
2026-06-14 03:15:26.326: [INFO][Sync] Stopped: Autofill
2026-06-14 03:15:26.326: [INFO][Sync] Stopped: Extensions
2026-06-14 03:15:26.326: [INFO][Sync] Stopped: Sessions
2026-06-14 03:15:26.326: [INFO][Sync] Stopped: Extension settings
2026-06-14 03:15:26.326: [INFO][Sync] Stopped: History Delete Directives
2026-06-14 03:15:26.326: [INFO][Sync] Stopped: Device Info
2026-06-14 03:15:26.326: [INFO][Sync] Stopped: User Consents
2026-06-14 03:15:26.326: [INFO][Sync] Stopped: Send Tab To Self
2026-06-14 03:15:26.326: [INFO][Sync] Stopped: Web Apps
2026-06-14 03:15:26.326: [INFO][Sync] Stopped: History
2026-06-14 03:15:26.326: [INFO][Sync] Stopped: Saved Tab Group
2026-06-14 03:15:26.326: [INFO][Sync] Stopped: WebAuthn Credentials
2026-06-14 03:15:26.326: [INFO][Sync] Stopped: Edge E Drop
2026-06-14 03:15:26.326: [INFO][Sync] Stopped: Edge Hub App Usage
2026-06-14 03:15:26.326: [INFO][Sync] Stopped: Edge Wallet
2026-06-14 03:15:26.326: [INFO][Sync] Stopped: Edge Workspace
2026-06-14 06:49:44.131: [INFO][Sync] Reset engine, reason: 0
2026-06-14 10:23:33.237: [INFO][Sync] Reset engine, reason: 8
2026-06-14 10:23:33.237: [INFO][Sync] Stopped: Bookmarks
2026-06-14 10:23:33.237: [INFO][Sync] Stopped: Preferences
2026-06-14 10:23:33.237: [INFO][Sync] Stopped: Passwords
2026-06-14 10:23:33.237: [INFO][Sync] Stopped: Autofill Profiles
2026-06-14 10:23:33.237: [INFO][Sync] Stopped: Autofill
2026-06-14 10:23:33.237: [INFO][Sync] Stopped: Extensions
2026-06-14 10:23:33.237: [INFO][Sync] Stopped: Sessions
2026-06-14 10:23:33.237: [INFO][Sync] Stopped: Extension settings
2026-06-14 10:23:33.237: [INFO][Sync] Stopped: History Delete Directives
2026-06-14 10:23:33.237: [INFO][Sync] Stopped: Device Info
2026-06-14 10:23:33.237: [INFO][Sync] Stopped: User Consents
2026-06-14 10:23:33.237: [INFO][Sync] Stopped: Send Tab To Self
2026-06-14 10:23:33.237: [INFO][Sync] Stopped: Web Apps
2026-06-14 10:23:33.237: [INFO][Sync] Stopped: History
2026-06-14 10:23:33.237: [INFO][Sync] Stopped: Saved Tab Group
2026-06-14 10:23:33.237: [INFO][Sync] Stopped: WebAuthn Credentials
2026-06-14 10:23:33.237: [INFO][Sync] Stopped: Edge E Drop
2026-06-14 10:23:33.237: [INFO][Sync] Stopped: Edge Hub App Usage
2026-06-14 10:23:33.237: [INFO][Sync] Stopped: Edge Wallet
2026-06-14 10:23:33.237: [INFO][Sync] Stopped: Edge Workspace
2026-06-14 10:23:33.237: [INFO][Sync] SyncState after authenticated was: NotSignedIn
2026-06-14 10:23:33.957: [INFO][Sync] Reset engine, reason: 8
2026-06-14 10:23:33.957: [INFO][Sync] Stopped: Bookmarks
2026-06-14 10:23:33.957: [INFO][Sync] Stopped: Preferences
2026-06-14 10:23:33.957: [INFO][Sync] Stopped: Passwords
2026-06-14 10:23:33.957: [INFO][Sync] Stopped: Autofill Profiles
2026-06-14 10:23:33.957: [INFO][Sync] Stopped: Autofill
2026-06-14 10:23:33.957: [INFO][Sync] Stopped: Extensions
2026-06-14 10:23:33.957: [INFO][Sync] Stopped: Sessions
2026-06-14 10:23:33.957: [INFO][Sync] Stopped: Extension settings
2026-06-14 10:23:33.957: [INFO][Sync] Stopped: History Delete Directives
2026-06-14 10:23:33.957: [INFO][Sync] Stopped: Device Info
2026-06-14 10:23:33.957: [INFO][Sync] Stopped: User Consents
2026-06-14 10:23:33.957: [INFO][Sync] Stopped: Send Tab To Self
2026-06-14 10:23:33.957: [INFO][Sync] Stopped: Web Apps
2026-06-14 10:23:33.957: [INFO][Sync] Stopped: History
2026-06-14 10:23:33.957: [INFO][Sync] Stopped: Saved Tab Group
2026-06-14 10:23:33.957: [INFO][Sync] Stopped: WebAuthn Credentials
2026-06-14 10:23:33.957: [INFO][Sync] Stopped: Edge E Drop
2026-06-14 10:23:33.957: [INFO][Sync] Stopped: Edge Hub App Usage
2026-06-14 10:23:33.957: [INFO][Sync] Stopped: Edge Wallet
2026-06-14 10:23:33.957: [INFO][Sync] Stopped: Edge Workspace
2026-06-14 10:28:57.700: [INFO][Sync] Reset engine, reason: 0
2026-06-14 22:03:10.115: [INFO][Sync] Reset engine, reason: 8
2026-06-14 22:03:10.115: [INFO][Sync] Stopped: Bookmarks
2026-06-14 22:03:10.115: [INFO][Sync] Stopped: Preferences
2026-06-14 22:03:10.115: [INFO][Sync] Stopped: Passwords
2026-06-14 22:03:10.115: [INFO][Sync] Stopped: Autofill Profiles
2026-06-14 22:03:10.115: [INFO][Sync] Stopped: Autofill
2026-06-14 22:03:10.115: [INFO][Sync] Stopped: Extensions
2026-06-14 22:03:10.115: [INFO][Sync] Stopped: Sessions
2026-06-14 22:03:10.115: [INFO][Sync] Stopped: Extension settings
2026-06-14 22:03:10.115: [INFO][Sync] Stopped: History Delete Directives
2026-06-14 22:03:10.115: [INFO][Sync] Stopped: Device Info
2026-06-14 22:03:10.115: [INFO][Sync] Stopped: User Consents
2026-06-14 22:03:10.115: [INFO][Sync] Stopped: Send Tab To Self
2026-06-14 22:03:10.115: [INFO][Sync] Stopped: Web Apps
2026-06-14 22:03:10.115: [INFO][Sync] Stopped: History
2026-06-14 22:03:10.115: [INFO][Sync] Stopped: Saved Tab Group
2026-06-14 22:03:10.115: [INFO][Sync] Stopped: WebAuthn Credentials
2026-06-14 22:03:10.115: [INFO][Sync] Stopped: Edge E Drop
2026-06-14 22:03:10.116: [INFO][Sync] Stopped: Edge Hub App Usage
2026-06-14 22:03:10.116: [INFO][Sync] Stopped: Edge Wallet
2026-06-14 22:03:10.116: [INFO][Sync] Stopped: Edge Workspace
2026-06-14 22:03:10.116: [INFO][Sync] SyncState after authenticated was: NotSignedIn
2026-06-14 22:03:11.410: [INFO][Sync] Reset engine, reason: 8
2026-06-14 22:03:11.410: [INFO][Sync] Stopped: Bookmarks
2026-06-14 22:03:11.410: [INFO][Sync] Stopped: Preferences
2026-06-14 22:03:11.410: [INFO][Sync] Stopped: Passwords
2026-06-14 22:03:11.410: [INFO][Sync] Stopped: Autofill Profiles
2026-06-14 22:03:11.410: [INFO][Sync] Stopped: Autofill
2026-06-14 22:03:11.410: [INFO][Sync] Stopped: Extensions
2026-06-14 22:03:11.410: [INFO][Sync] Stopped: Sessions
2026-06-14 22:03:11.410: [INFO][Sync] Stopped: Extension settings
2026-06-14 22:03:11.410: [INFO][Sync] Stopped: History Delete Directives
2026-06-14 22:03:11.410: [INFO][Sync] Stopped: Device Info
2026-06-14 22:03:11.410: [INFO][Sync] Stopped: User Consents
2026-06-14 22:03:11.410: [INFO][Sync] Stopped: Send Tab To Self
2026-06-14 22:03:11.410: [INFO][Sync] Stopped: Web Apps
2026-06-14 22:03:11.410: [INFO][Sync] Stopped: History
2026-06-14 22:03:11.410: [INFO][Sync] Stopped: Saved Tab Group
2026-06-14 22:03:11.410: [INFO][Sync] Stopped: WebAuthn Credentials
2026-06-14 22:03:11.410: [INFO][Sync] Stopped: Edge E Drop
2026-06-14 22:03:11.410: [INFO][Sync] Stopped: Edge Hub App Usage
2026-06-14 22:03:11.410: [INFO][Sync] Stopped: Edge Wallet
2026-06-14 22:03:11.410: [INFO][Sync] Stopped: Edge Workspace
2026-06-14 23:24:55.446: [INFO][Sync] Reset engine, reason: 0
2026-06-14 23:24:57.475: [INFO][Sync] Reset engine, reason: 8
2026-06-14 23:24:57.475: [INFO][Sync] Stopped: Bookmarks
2026-06-14 23:24:57.475: [INFO][Sync] Stopped: Preferences
2026-06-14 23:24:57.475: [INFO][Sync] Stopped: Passwords
2026-06-14 23:24:57.475: [INFO][Sync] Stopped: Autofill Profiles
2026-06-14 23:24:57.475: [INFO][Sync] Stopped: Autofill
2026-06-14 23:24:57.475: [INFO][Sync] Stopped: Extensions
2026-06-14 23:24:57.475: [INFO][Sync] Stopped: Sessions
2026-06-14 23:24:57.475: [INFO][Sync] Stopped: Extension settings
2026-06-14 23:24:57.475: [INFO][Sync] Stopped: History Delete Directives
2026-06-14 23:24:57.475: [INFO][Sync] Stopped: Device Info
2026-06-14 23:24:57.475: [INFO][Sync] Stopped: User Consents
2026-06-14 23:24:57.475: [INFO][Sync] Stopped: Send Tab To Self
2026-06-14 23:24:57.475: [INFO][Sync] Stopped: Web Apps
2026-06-14 23:24:57.475: [INFO][Sync] Stopped: History
2026-06-14 23:24:57.475: [INFO][Sync] Stopped: Saved Tab Group
2026-06-14 23:24:57.475: [INFO][Sync] Stopped: WebAuthn Credentials
2026-06-14 23:24:57.475: [INFO][Sync] Stopped: Edge E Drop
2026-06-14 23:24:57.475: [INFO][Sync] Stopped: Edge Hub App Usage
2026-06-14 23:24:57.475: [INFO][Sync] Stopped: Edge Wallet
2026-06-14 23:24:57.475: [INFO][Sync] Stopped: Edge Workspace
2026-06-14 23:24:57.475: [INFO][Sync] SyncState after authenticated was: NotSignedIn
2026-06-14 23:24:58.102: [INFO][Sync] Reset engine, reason: 8
2026-06-14 23:24:58.102: [INFO][Sync] Stopped: Bookmarks
2026-06-14 23:24:58.102: [INFO][Sync] Stopped: Preferences
2026-06-14 23:24:58.102: [INFO][Sync] Stopped: Passwords
2026-06-14 23:24:58.102: [INFO][Sync] Stopped: Autofill Profiles
2026-06-14 23:24:58.103: [INFO][Sync] Stopped: Autofill
2026-06-14 23:24:58.103: [INFO][Sync] Stopped: Extensions
2026-06-14 23:24:58.103: [INFO][Sync] Stopped: Sessions
2026-06-14 23:24:58.103: [INFO][Sync] Stopped: Extension settings
2026-06-14 23:24:58.103: [INFO][Sync] Stopped: History Delete Directives
2026-06-14 23:24:58.103: [INFO][Sync] Stopped: Device Info
2026-06-14 23:24:58.103: [INFO][Sync] Stopped: User Consents
2026-06-14 23:24:58.103: [INFO][Sync] Stopped: Send Tab To Self
2026-06-14 23:24:58.103: [INFO][Sync] Stopped: Web Apps
2026-06-14 23:24:58.103: [INFO][Sync] Stopped: History
2026-06-14 23:24:58.103: [INFO][Sync] Stopped: Saved Tab Group
2026-06-14 23:24:58.103: [INFO][Sync] Stopped: WebAuthn Credentials
2026-06-14 23:24:58.103: [INFO][Sync] Stopped: Edge E Drop
2026-06-14 23:24:58.103: [INFO][Sync] Stopped: Edge Hub App Usage
2026-06-14 23:24:58.103: [INFO][Sync] Stopped: Edge Wallet
2026-06-14 23:24:58.103: [INFO][Sync] Stopped: Edge Workspace
2026-06-15 00:22:28.181: [INFO][Sync] Reset engine, reason: 0
2026-06-15 00:22:29.672: [INFO][Sync] Reset engine, reason: 8
2026-06-15 00:22:29.672: [INFO][Sync] Stopped: Bookmarks
2026-06-15 00:22:29.672: [INFO][Sync] Stopped: Preferences
2026-06-15 00:22:29.672: [INFO][Sync] Stopped: Passwords
2026-06-15 00:22:29.672: [INFO][Sync] Stopped: Autofill Profiles
2026-06-15 00:22:29.672: [INFO][Sync] Stopped: Autofill
2026-06-15 00:22:29.672: [INFO][Sync] Stopped: Extensions
2026-06-15 00:22:29.672: [INFO][Sync] Stopped: Sessions
2026-06-15 00:22:29.672: [INFO][Sync] Stopped: Extension settings
2026-06-15 00:22:29.672: [INFO][Sync] Stopped: History Delete Directives
2026-06-15 00:22:29.672: [INFO][Sync] Stopped: Device Info
2026-06-15 00:22:29.672: [INFO][Sync] Stopped: User Consents
2026-06-15 00:22:29.672: [INFO][Sync] Stopped: Send Tab To Self
2026-06-15 00:22:29.672: [INFO][Sync] Stopped: Web Apps
2026-06-15 00:22:29.672: [INFO][Sync] Stopped: History
2026-06-15 00:22:29.672: [INFO][Sync] Stopped: Saved Tab Group
2026-06-15 00:22:29.672: [INFO][Sync] Stopped: WebAuthn Credentials
2026-06-15 00:22:29.672: [INFO][Sync] Stopped: Edge E Drop
2026-06-15 00:22:29.672: [INFO][Sync] Stopped: Edge Hub App Usage
2026-06-15 00:22:29.672: [INFO][Sync] Stopped: Edge Wallet
2026-06-15 00:22:29.672: [INFO][Sync] Stopped: Edge Workspace
2026-06-15 00:22:29.672: [INFO][Sync] SyncState after authenticated was: NotSignedIn
2026-06-15 00:22:30.759: [INFO][Sync] Reset engine, reason: 8
2026-06-15 00:22:30.759: [INFO][Sync] Stopped: Bookmarks
2026-06-15 00:22:30.759: [INFO][Sync] Stopped: Preferences
2026-06-15 00:22:30.759: [INFO][Sync] Stopped: Passwords
2026-06-15 00:22:30.759: [INFO][Sync] Stopped: Autofill Profiles
2026-06-15 00:22:30.759: [INFO][Sync] Stopped: Autofill
2026-06-15 00:22:30.759: [INFO][Sync] Stopped: Extensions
2026-06-15 00:22:30.760: [INFO][Sync] Stopped: Sessions
2026-06-15 00:22:30.760: [INFO][Sync] Stopped: Extension settings
2026-06-15 00:22:30.760: [INFO][Sync] Stopped: History Delete Directives
2026-06-15 00:22:30.760: [INFO][Sync] Stopped: Device Info
2026-06-15 00:22:30.760: [INFO][Sync] Stopped: User Consents
2026-06-15 00:22:30.760: [INFO][Sync] Stopped: Send Tab To Self
2026-06-15 00:22:30.760: [INFO][Sync] Stopped: Web Apps
2026-06-15 00:22:30.760: [INFO][Sync] Stopped: History
2026-06-15 00:22:30.760: [INFO][Sync] Stopped: Saved Tab Group
2026-06-15 00:22:30.760: [INFO][Sync] Stopped: WebAuthn Credentials
2026-06-15 00:22:30.760: [INFO][Sync] Stopped: Edge E Drop
2026-06-15 00:22:30.760: [INFO][Sync] Stopped: Edge Hub App Usage
2026-06-15 00:22:30.760: [INFO][Sync] Stopped: Edge Wallet
2026-06-15 00:22:30.760: [INFO][Sync] Stopped: Edge Workspace
2026-06-15 00:24:29.696: [INFO][Sync] Reset engine, reason: 0
2026-06-15 00:24:30.635: [INFO][Sync] Reset engine, reason: 8
2026-06-15 00:24:30.635: [INFO][Sync] Stopped: Bookmarks
2026-06-15 00:24:30.636: [INFO][Sync] Stopped: Preferences
2026-06-15 00:24:30.636: [INFO][Sync] Stopped: Passwords
2026-06-15 00:24:30.636: [INFO][Sync] Stopped: Autofill Profiles
2026-06-15 00:24:30.636: [INFO][Sync] Stopped: Autofill
2026-06-15 00:24:30.636: [INFO][Sync] Stopped: Extensions
2026-06-15 00:24:30.636: [INFO][Sync] Stopped: Sessions
2026-06-15 00:24:30.636: [INFO][Sync] Stopped: Extension settings
2026-06-15 00:24:30.636: [INFO][Sync] Stopped: History Delete Directives
2026-06-15 00:24:30.636: [INFO][Sync] Stopped: Device Info
2026-06-15 00:24:30.636: [INFO][Sync] Stopped: User Consents
2026-06-15 00:24:30.636: [INFO][Sync] Stopped: Send Tab To Self
2026-06-15 00:24:30.636: [INFO][Sync] Stopped: Web Apps
2026-06-15 00:24:30.636: [INFO][Sync] Stopped: History
2026-06-15 00:24:30.636: [INFO][Sync] Stopped: Saved Tab Group
2026-06-15 00:24:30.636: [INFO][Sync] Stopped: WebAuthn Credentials
2026-06-15 00:24:30.636: [INFO][Sync] Stopped: Edge E Drop
2026-06-15 00:24:30.636: [INFO][Sync] Stopped: Edge Hub App Usage
2026-06-15 00:24:30.636: [INFO][Sync] Stopped: Edge Wallet
2026-06-15 00:24:30.636: [INFO][Sync] Stopped: Edge Workspace
2026-06-15 00:24:30.636: [INFO][Sync] SyncState after authenticated was: NotSignedIn
2026-06-15 00:24:31.421: [INFO][Sync] Reset engine, reason: 8
2026-06-15 00:24:31.421: [INFO][Sync] Stopped: Bookmarks
2026-06-15 00:24:31.421: [INFO][Sync] Stopped: Preferences
2026-06-15 00:24:31.421: [INFO][Sync] Stopped: Passwords
2026-06-15 00:24:31.421: [INFO][Sync] Stopped: Autofill Profiles
2026-06-15 00:24:31.421: [INFO][Sync] Stopped: Autofill
2026-06-15 00:24:31.421: [INFO][Sync] Stopped: Extensions
2026-06-15 00:24:31.421: [INFO][Sync] Stopped: Sessions
2026-06-15 00:24:31.421: [INFO][Sync] Stopped: Extension settings
2026-06-15 00:24:31.421: [INFO][Sync] Stopped: History Delete Directives
2026-06-15 00:24:31.421: [INFO][Sync] Stopped: Device Info
2026-06-15 00:24:31.421: [INFO][Sync] Stopped: User Consents
2026-06-15 00:24:31.421: [INFO][Sync] Stopped: Send Tab To Self
2026-06-15 00:24:31.421: [INFO][Sync] Stopped: Web Apps
2026-06-15 00:24:31.421: [INFO][Sync] Stopped: History
2026-06-15 00:24:31.421: [INFO][Sync] Stopped: Saved Tab Group
2026-06-15 00:24:31.421: [INFO][Sync] Stopped: WebAuthn Credentials
2026-06-15 00:24:31.421: [INFO][Sync] Stopped: Edge E Drop
2026-06-15 00:24:31.421: [INFO][Sync] Stopped: Edge Hub App Usage
2026-06-15 00:24:31.422: [INFO][Sync] Stopped: Edge Wallet
2026-06-15 00:24:31.422: [INFO][Sync] Stopped: Edge Workspace
2026-06-15 09:04:31.266: [INFO][Sync] Reset engine, reason: 0
2026-06-15 11:39:12.358: [INFO][Sync] Reset engine, reason: 8
2026-06-15 11:39:12.359: [INFO][Sync] Stopped: Bookmarks
2026-06-15 11:39:12.359: [INFO][Sync] Stopped: Preferences
2026-06-15 11:39:12.359: [INFO][Sync] Stopped: Passwords
2026-06-15 11:39:12.359: [INFO][Sync] Stopped: Autofill Profiles
2026-06-15 11:39:12.359: [INFO][Sync] Stopped: Autofill
2026-06-15 11:39:12.359: [INFO][Sync] Stopped: Extensions
2026-06-15 11:39:12.359: [INFO][Sync] Stopped: Sessions
2026-06-15 11:39:12.359: [INFO][Sync] Stopped: Extension settings
2026-06-15 11:39:12.359: [INFO][Sync] Stopped: History Delete Directives
2026-06-15 11:39:12.359: [INFO][Sync] Stopped: Device Info
2026-06-15 11:39:12.359: [INFO][Sync] Stopped: User Consents
2026-06-15 11:39:12.359: [INFO][Sync] Stopped: Send Tab To Self
2026-06-15 11:39:12.359: [INFO][Sync] Stopped: Web Apps
2026-06-15 11:39:12.359: [INFO][Sync] Stopped: History
2026-06-15 11:39:12.359: [INFO][Sync] Stopped: Saved Tab Group
2026-06-15 11:39:12.359: [INFO][Sync] Stopped: WebAuthn Credentials
2026-06-15 11:39:12.359: [INFO][Sync] Stopped: Edge E Drop
2026-06-15 11:39:12.359: [INFO][Sync] Stopped: Edge Hub App Usage
2026-06-15 11:39:12.359: [INFO][Sync] Stopped: Edge Wallet
2026-06-15 11:39:12.359: [INFO][Sync] Stopped: Edge Workspace
2026-06-15 11:39:12.359: [INFO][Sync] SyncState after authenticated was: NotSignedIn
2026-06-15 11:39:12.930: [INFO][Sync] Reset engine, reason: 8
2026-06-15 11:39:12.930: [INFO][Sync] Stopped: Bookmarks
2026-06-15 11:39:12.930: [INFO][Sync] Stopped: Preferences
2026-06-15 11:39:12.930: [INFO][Sync] Stopped: Passwords
2026-06-15 11:39:12.930: [INFO][Sync] Stopped: Autofill Profiles
2026-06-15 11:39:12.930: [INFO][Sync] Stopped: Autofill
2026-06-15 11:39:12.930: [INFO][Sync] Stopped: Extensions
2026-06-15 11:39:12.930: [INFO][Sync] Stopped: Sessions
2026-06-15 11:39:12.930: [INFO][Sync] Stopped: Extension settings
2026-06-15 11:39:12.930: [INFO][Sync] Stopped: History Delete Directives
2026-06-15 11:39:12.930: [INFO][Sync] Stopped: Device Info
2026-06-15 11:39:12.930: [INFO][Sync] Stopped: User Consents
2026-06-15 11:39:12.930: [INFO][Sync] Stopped: Send Tab To Self
2026-06-15 11:39:12.930: [INFO][Sync] Stopped: Web Apps
2026-06-15 11:39:12.930: [INFO][Sync] Stopped: History
2026-06-15 11:39:12.930: [INFO][Sync] Stopped: Saved Tab Group
2026-06-15 11:39:12.930: [INFO][Sync] Stopped: WebAuthn Credentials
2026-06-15 11:39:12.930: [INFO][Sync] Stopped: Edge E Drop
2026-06-15 11:39:12.930: [INFO][Sync] Stopped: Edge Hub App Usage
2026-06-15 11:39:12.930: [INFO][Sync] Stopped: Edge Wallet
2026-06-15 11:39:12.930: [INFO][Sync] Stopped: Edge Workspace
2026-06-15 16:03:52.465: [INFO][Sync] Reset engine, reason: 0
2026-06-15 16:03:54.181: [INFO][Sync] Reset engine, reason: 8
2026-06-15 16:03:54.181: [INFO][Sync] Stopped: Bookmarks
2026-06-15 16:03:54.181: [INFO][Sync] Stopped: Preferences
2026-06-15 16:03:54.181: [INFO][Sync] Stopped: Passwords
2026-06-15 16:03:54.181: [INFO][Sync] Stopped: Autofill Profiles
2026-06-15 16:03:54.181: [INFO][Sync] Stopped: Autofill
2026-06-15 16:03:54.181: [INFO][Sync] Stopped: Extensions
2026-06-15 16:03:54.181: [INFO][Sync] Stopped: Sessions
2026-06-15 16:03:54.181: [INFO][Sync] Stopped: Extension settings
2026-06-15 16:03:54.181: [INFO][Sync] Stopped: History Delete Directives
2026-06-15 16:03:54.181: [INFO][Sync] Stopped: Device Info
2026-06-15 16:03:54.181: [INFO][Sync] Stopped: User Consents
2026-06-15 16:03:54.181: [INFO][Sync] Stopped: Send Tab To Self
2026-06-15 16:03:54.181: [INFO][Sync] Stopped: Web Apps
2026-06-15 16:03:54.181: [INFO][Sync] Stopped: History
2026-06-15 16:03:54.181: [INFO][Sync] Stopped: Saved Tab Group
2026-06-15 16:03:54.181: [INFO][Sync] Stopped: WebAuthn Credentials
2026-06-15 16:03:54.181: [INFO][Sync] Stopped: Edge E Drop
2026-06-15 16:03:54.181: [INFO][Sync] Stopped: Edge Hub App Usage
2026-06-15 16:03:54.181: [INFO][Sync] Stopped: Edge Wallet
2026-06-15 16:03:54.181: [INFO][Sync] Stopped: Edge Workspace
2026-06-15 16:03:54.181: [INFO][Sync] SyncState after authenticated was: NotSignedIn
2026-06-15 16:03:54.771: [INFO][Sync] Reset engine, reason: 8
2026-06-15 16:03:54.771: [INFO][Sync] Stopped: Bookmarks
2026-06-15 16:03:54.771: [INFO][Sync] Stopped: Preferences
2026-06-15 16:03:54.771: [INFO][Sync] Stopped: Passwords
2026-06-15 16:03:54.771: [INFO][Sync] Stopped: Autofill Profiles
2026-06-15 16:03:54.771: [INFO][Sync] Stopped: Autofill
2026-06-15 16:03:54.771: [INFO][Sync] Stopped: Extensions
2026-06-15 16:03:54.771: [INFO][Sync] Stopped: Sessions
2026-06-15 16:03:54.771: [INFO][Sync] Stopped: Extension settings
2026-06-15 16:03:54.771: [INFO][Sync] Stopped: History Delete Directives
2026-06-15 16:03:54.771: [INFO][Sync] Stopped: Device Info
2026-06-15 16:03:54.771: [INFO][Sync] Stopped: User Consents
2026-06-15 16:03:54.771: [INFO][Sync] Stopped: Send Tab To Self
2026-06-15 16:03:54.771: [INFO][Sync] Stopped: Web Apps
2026-06-15 16:03:54.771: [INFO][Sync] Stopped: History
2026-06-15 16:03:54.771: [INFO][Sync] Stopped: Saved Tab Group
2026-06-15 16:03:54.771: [INFO][Sync] Stopped: WebAuthn Credentials
2026-06-15 16:03:54.771: [INFO][Sync] Stopped: Edge E Drop
2026-06-15 16:03:54.771: [INFO][Sync] Stopped: Edge Hub App Usage
2026-06-15 16:03:54.771: [INFO][Sync] Stopped: Edge Wallet
2026-06-15 16:03:54.771: [INFO][Sync] Stopped: Edge Workspace
2026-06-15 22:03:24.832: [INFO][Sync] Reset engine, reason: 8
2026-06-15 22:03:24.832: [INFO][Sync] Stopped: Bookmarks
2026-06-15 22:03:24.832: [INFO][Sync] Stopped: Preferences
2026-06-15 22:03:24.832: [INFO][Sync] Stopped: Passwords
2026-06-15 22:03:24.832: [INFO][Sync] Stopped: Autofill Profiles
2026-06-15 22:03:24.832: [INFO][Sync] Stopped: Autofill
2026-06-15 22:03:24.832: [INFO][Sync] Stopped: Extensions
2026-06-15 22:03:24.832: [INFO][Sync] Stopped: Sessions
2026-06-15 22:03:24.832: [INFO][Sync] Stopped: Extension settings
2026-06-15 22:03:24.832: [INFO][Sync] Stopped: History Delete Directives
2026-06-15 22:03:24.832: [INFO][Sync] Stopped: Device Info
2026-06-15 22:03:24.832: [INFO][Sync] Stopped: User Consents
2026-06-15 22:03:24.832: [INFO][Sync] Stopped: Send Tab To Self
2026-06-15 22:03:24.832: [INFO][Sync] Stopped: Web Apps
2026-06-15 22:03:24.832: [INFO][Sync] Stopped: History
2026-06-15 22:03:24.832: [INFO][Sync] Stopped: Saved Tab Group
2026-06-15 22:03:24.832: [INFO][Sync] Stopped: WebAuthn Credentials
2026-06-15 22:03:24.832: [INFO][Sync] Stopped: Edge E Drop
2026-06-15 22:03:24.832: [INFO][Sync] Stopped: Edge Hub App Usage
2026-06-15 22:03:24.832: [INFO][Sync] Stopped: Edge Wallet
2026-06-15 22:03:24.832: [INFO][Sync] Stopped: Edge Workspace
2026-06-15 22:03:24.833: [INFO][Sync] SyncState after authenticated was: NotSignedIn
2026-06-15 22:03:25.377: [INFO][Sync] Reset engine, reason: 8
2026-06-15 22:03:25.377: [INFO][Sync] Stopped: Bookmarks
2026-06-15 22:03:25.377: [INFO][Sync] Stopped: Preferences
2026-06-15 22:03:25.377: [INFO][Sync] Stopped: Passwords
2026-06-15 22:03:25.377: [INFO][Sync] Stopped: Autofill Profiles
2026-06-15 22:03:25.377: [INFO][Sync] Stopped: Autofill
2026-06-15 22:03:25.377: [INFO][Sync] Stopped: Extensions
2026-06-15 22:03:25.377: [INFO][Sync] Stopped: Sessions
2026-06-15 22:03:25.377: [INFO][Sync] Stopped: Extension settings
2026-06-15 22:03:25.377: [INFO][Sync] Stopped: History Delete Directives
2026-06-15 22:03:25.377: [INFO][Sync] Stopped: Device Info
2026-06-15 22:03:25.377: [INFO][Sync] Stopped: User Consents
2026-06-15 22:03:25.377: [INFO][Sync] Stopped: Send Tab To Self
2026-06-15 22:03:25.377: [INFO][Sync] Stopped: Web Apps
2026-06-15 22:03:25.377: [INFO][Sync] Stopped: History
2026-06-15 22:03:25.377: [INFO][Sync] Stopped: Saved Tab Group
2026-06-15 22:03:25.377: [INFO][Sync] Stopped: WebAuthn Credentials
2026-06-15 22:03:25.377: [INFO][Sync] Stopped: Edge E Drop
2026-06-15 22:03:25.377: [INFO][Sync] Stopped: Edge Hub App Usage
2026-06-15 22:03:25.377: [INFO][Sync] Stopped: Edge Wallet
2026-06-15 22:03:25.377: [INFO][Sync] Stopped: Edge Workspace
2026-06-16 00:26:43.047: [INFO][Sync] Reset engine, reason: 0
2026-06-16 00:26:44.330: [INFO][Sync] Reset engine, reason: 8
2026-06-16 00:26:44.330: [INFO][Sync] Stopped: Bookmarks
2026-06-16 00:26:44.330: [INFO][Sync] Stopped: Preferences
2026-06-16 00:26:44.330: [INFO][Sync] Stopped: Passwords
2026-06-16 00:26:44.330: [INFO][Sync] Stopped: Autofill Profiles
2026-06-16 00:26:44.330: [INFO][Sync] Stopped: Autofill
2026-06-16 00:26:44.330: [INFO][Sync] Stopped: Extensions
2026-06-16 00:26:44.331: [INFO][Sync] Stopped: Sessions
2026-06-16 00:26:44.331: [INFO][Sync] Stopped: Extension settings
2026-06-16 00:26:44.331: [INFO][Sync] Stopped: History Delete Directives
2026-06-16 00:26:44.331: [INFO][Sync] Stopped: Device Info
2026-06-16 00:26:44.331: [INFO][Sync] Stopped: User Consents
2026-06-16 00:26:44.331: [INFO][Sync] Stopped: Send Tab To Self
2026-06-16 00:26:44.331: [INFO][Sync] Stopped: Web Apps
2026-06-16 00:26:44.331: [INFO][Sync] Stopped: History
2026-06-16 00:26:44.331: [INFO][Sync] Stopped: Saved Tab Group
2026-06-16 00:26:44.331: [INFO][Sync] Stopped: WebAuthn Credentials
2026-06-16 00:26:44.331: [INFO][Sync] Stopped: Edge E Drop
2026-06-16 00:26:44.331: [INFO][Sync] Stopped: Edge Hub App Usage
2026-06-16 00:26:44.331: [INFO][Sync] Stopped: Edge Wallet
2026-06-16 00:26:44.331: [INFO][Sync] Stopped: Edge Workspace
2026-06-16 00:26:44.331: [INFO][Sync] SyncState after authenticated was: NotSignedIn
2026-06-16 00:26:45.658: [INFO][Sync] Reset engine, reason: 8
2026-06-16 00:26:45.658: [INFO][Sync] Stopped: Bookmarks
2026-06-16 00:26:45.658: [INFO][Sync] Stopped: Preferences
2026-06-16 00:26:45.658: [INFO][Sync] Stopped: Passwords
2026-06-16 00:26:45.658: [INFO][Sync] Stopped: Autofill Profiles
2026-06-16 00:26:45.658: [INFO][Sync] Stopped: Autofill
2026-06-16 00:26:45.658: [INFO][Sync] Stopped: Extensions
2026-06-16 00:26:45.658: [INFO][Sync] Stopped: Sessions
2026-06-16 00:26:45.658: [INFO][Sync] Stopped: Extension settings
2026-06-16 00:26:45.658: [INFO][Sync] Stopped: History Delete Directives
2026-06-16 00:26:45.658: [INFO][Sync] Stopped: Device Info
2026-06-16 00:26:45.658: [INFO][Sync] Stopped: User Consents
2026-06-16 00:26:45.658: [INFO][Sync] Stopped: Send Tab To Self
2026-06-16 00:26:45.658: [INFO][Sync] Stopped: Web Apps
2026-06-16 00:26:45.658: [INFO][Sync] Stopped: History
2026-06-16 00:26:45.658: [INFO][Sync] Stopped: Saved Tab Group
2026-06-16 00:26:45.658: [INFO][Sync] Stopped: WebAuthn Credentials
2026-06-16 00:26:45.658: [INFO][Sync] Stopped: Edge E Drop
2026-06-16 00:26:45.658: [INFO][Sync] Stopped: Edge Hub App Usage
2026-06-16 00:26:45.658: [INFO][Sync] Stopped: Edge Wallet
2026-06-16 00:26:45.658: [INFO][Sync] Stopped: Edge Workspace
2026-06-16 02:31:16.863: [INFO][Sync] Reset engine, reason: 0
2026-06-16 02:31:18.188: [INFO][Sync] Reset engine, reason: 8
2026-06-16 02:31:18.188: [INFO][Sync] Stopped: Bookmarks
2026-06-16 02:31:18.188: [INFO][Sync] Stopped: Preferences
2026-06-16 02:31:18.188: [INFO][Sync] Stopped: Passwords
2026-06-16 02:31:18.188: [INFO][Sync] Stopped: Autofill Profiles
2026-06-16 02:31:18.188: [INFO][Sync] Stopped: Autofill
2026-06-16 02:31:18.188: [INFO][Sync] Stopped: Extensions
2026-06-16 02:31:18.188: [INFO][Sync] Stopped: Sessions
2026-06-16 02:31:18.188: [INFO][Sync] Stopped: Extension settings
2026-06-16 02:31:18.188: [INFO][Sync] Stopped: History Delete Directives
2026-06-16 02:31:18.188: [INFO][Sync] Stopped: Device Info
2026-06-16 02:31:18.188: [INFO][Sync] Stopped: User Consents
2026-06-16 02:31:18.188: [INFO][Sync] Stopped: Send Tab To Self
2026-06-16 02:31:18.188: [INFO][Sync] Stopped: Web Apps
2026-06-16 02:31:18.188: [INFO][Sync] Stopped: History
2026-06-16 02:31:18.188: [INFO][Sync] Stopped: Saved Tab Group
2026-06-16 02:31:18.188: [INFO][Sync] Stopped: WebAuthn Credentials
2026-06-16 02:31:18.188: [INFO][Sync] Stopped: Edge E Drop
2026-06-16 02:31:18.188: [INFO][Sync] Stopped: Edge Hub App Usage
2026-06-16 02:31:18.188: [INFO][Sync] Stopped: Edge Wallet
2026-06-16 02:31:18.188: [INFO][Sync] Stopped: Edge Workspace
2026-06-16 02:31:18.189: [INFO][Sync] SyncState after authenticated was: NotSignedIn
2026-06-16 02:31:24.214: [INFO][Sync] Reset engine, reason: 8
2026-06-16 02:31:24.215: [INFO][Sync] Stopped: Bookmarks
2026-06-16 02:31:24.215: [INFO][Sync] Stopped: Preferences
2026-06-16 02:31:24.215: [INFO][Sync] Stopped: Passwords
2026-06-16 02:31:24.215: [INFO][Sync] Stopped: Autofill Profiles
2026-06-16 02:31:24.215: [INFO][Sync] Stopped: Autofill
2026-06-16 02:31:24.215: [INFO][Sync] Stopped: Extensions
2026-06-16 02:31:24.215: [INFO][Sync] Stopped: Sessions
2026-06-16 02:31:24.215: [INFO][Sync] Stopped: Extension settings
2026-06-16 02:31:24.215: [INFO][Sync] Stopped: History Delete Directives
2026-06-16 02:31:24.215: [INFO][Sync] Stopped: Device Info
2026-06-16 02:31:24.215: [INFO][Sync] Stopped: User Consents
2026-06-16 02:31:24.215: [INFO][Sync] Stopped: Send Tab To Self
2026-06-16 02:31:24.215: [INFO][Sync] Stopped: Web Apps
2026-06-16 02:31:24.215: [INFO][Sync] Stopped: History
2026-06-16 02:31:24.215: [INFO][Sync] Stopped: Saved Tab Group
2026-06-16 02:31:24.215: [INFO][Sync] Stopped: WebAuthn Credentials
2026-06-16 02:31:24.215: [INFO][Sync] Stopped: Edge E Drop
2026-06-16 02:31:24.215: [INFO][Sync] Stopped: Edge Hub App Usage
2026-06-16 02:31:24.215: [INFO][Sync] Stopped: Edge Wallet
2026-06-16 02:31:24.215: [INFO][Sync] Stopped: Edge Workspace
2026-06-16 04:31:47.890: [INFO][Sync] Reset engine, reason: 0
2026-06-16 08:24:57.406: [INFO][Sync] Reset engine, reason: 8
2026-06-16 08:24:57.406: [INFO][Sync] Stopped: Bookmarks
2026-06-16 08:24:57.406: [INFO][Sync] Stopped: Preferences
2026-06-16 08:24:57.406: [INFO][Sync] Stopped: Passwords
2026-06-16 08:24:57.406: [INFO][Sync] Stopped: Autofill Profiles
2026-06-16 08:24:57.406: [INFO][Sync] Stopped: Autofill
2026-06-16 08:24:57.406: [INFO][Sync] Stopped: Extensions
2026-06-16 08:24:57.406: [INFO][Sync] Stopped: Sessions
2026-06-16 08:24:57.406: [INFO][Sync] Stopped: Extension settings
2026-06-16 08:24:57.406: [INFO][Sync] Stopped: History Delete Directives
2026-06-16 08:24:57.406: [INFO][Sync] Stopped: Device Info
2026-06-16 08:24:57.406: [INFO][Sync] Stopped: User Consents
2026-06-16 08:24:57.406: [INFO][Sync] Stopped: Send Tab To Self
2026-06-16 08:24:57.406: [INFO][Sync] Stopped: Web Apps
2026-06-16 08:24:57.406: [INFO][Sync] Stopped: History
2026-06-16 08:24:57.406: [INFO][Sync] Stopped: Saved Tab Group
2026-06-16 08:24:57.406: [INFO][Sync] Stopped: WebAuthn Credentials
2026-06-16 08:24:57.406: [INFO][Sync] Stopped: Edge E Drop
2026-06-16 08:24:57.406: [INFO][Sync] Stopped: Edge Hub App Usage
2026-06-16 08:24:57.406: [INFO][Sync] Stopped: Edge Wallet
2026-06-16 08:24:57.406: [INFO][Sync] Stopped: Edge Workspace
2026-06-16 08:24:57.406: [INFO][Sync] SyncState after authenticated was: NotSignedIn
2026-06-16 08:24:57.985: [INFO][Sync] Reset engine, reason: 8
2026-06-16 08:24:57.985: [INFO][Sync] Stopped: Bookmarks
2026-06-16 08:24:57.985: [INFO][Sync] Stopped: Preferences
2026-06-16 08:24:57.985: [INFO][Sync] Stopped: Passwords
2026-06-16 08:24:57.985: [INFO][Sync] Stopped: Autofill Profiles
2026-06-16 08:24:57.985: [INFO][Sync] Stopped: Autofill
2026-06-16 08:24:57.985: [INFO][Sync] Stopped: Extensions
2026-06-16 08:24:57.985: [INFO][Sync] Stopped: Sessions
2026-06-16 08:24:57.985: [INFO][Sync] Stopped: Extension settings
2026-06-16 08:24:57.985: [INFO][Sync] Stopped: History Delete Directives
2026-06-16 08:24:57.985: [INFO][Sync] Stopped: Device Info
2026-06-16 08:24:57.985: [INFO][Sync] Stopped: User Consents
2026-06-16 08:24:57.985: [INFO][Sync] Stopped: Send Tab To Self
2026-06-16 08:24:57.985: [INFO][Sync] Stopped: Web Apps
2026-06-16 08:24:57.985: [INFO][Sync] Stopped: History
2026-06-16 08:24:57.985: [INFO][Sync] Stopped: Saved Tab Group
2026-06-16 08:24:57.985: [INFO][Sync] Stopped: WebAuthn Credentials
2026-06-16 08:24:57.985: [INFO][Sync] Stopped: Edge E Drop
2026-06-16 08:24:57.985: [INFO][Sync] Stopped: Edge Hub App Usage
2026-06-16 08:24:57.985: [INFO][Sync] Stopped: Edge Wallet
2026-06-16 08:24:57.985: [INFO][Sync] Stopped: Edge Workspace
2026-06-16 12:08:22.963: [INFO][Sync] Reset engine, reason: 0
2026-06-16 12:08:24.407: [INFO][Sync] Reset engine, reason: 8
2026-06-16 12:08:24.407: [INFO][Sync] Stopped: Bookmarks
2026-06-16 12:08:24.407: [INFO][Sync] Stopped: Preferences
2026-06-16 12:08:24.407: [INFO][Sync] Stopped: Passwords
2026-06-16 12:08:24.407: [INFO][Sync] Stopped: Autofill Profiles
2026-06-16 12:08:24.407: [INFO][Sync] Stopped: Autofill
2026-06-16 12:08:24.407: [INFO][Sync] Stopped: Extensions
2026-06-16 12:08:24.407: [INFO][Sync] Stopped: Sessions
2026-06-16 12:08:24.407: [INFO][Sync] Stopped: Extension settings
2026-06-16 12:08:24.407: [INFO][Sync] Stopped: History Delete Directives
2026-06-16 12:08:24.407: [INFO][Sync] Stopped: Device Info
2026-06-16 12:08:24.407: [INFO][Sync] Stopped: User Consents
2026-06-16 12:08:24.407: [INFO][Sync] Stopped: Send Tab To Self
2026-06-16 12:08:24.407: [INFO][Sync] Stopped: Web Apps
2026-06-16 12:08:24.407: [INFO][Sync] Stopped: History
2026-06-16 12:08:24.407: [INFO][Sync] Stopped: Saved Tab Group
2026-06-16 12:08:24.407: [INFO][Sync] Stopped: WebAuthn Credentials
2026-06-16 12:08:24.407: [INFO][Sync] Stopped: Edge E Drop
2026-06-16 12:08:24.407: [INFO][Sync] Stopped: Edge Hub App Usage
2026-06-16 12:08:24.407: [INFO][Sync] Stopped: Edge Wallet
2026-06-16 12:08:24.407: [INFO][Sync] Stopped: Edge Workspace
2026-06-16 12:08:24.407: [INFO][Sync] SyncState after authenticated was: NotSignedIn
2026-06-16 12:08:25.042: [INFO][Sync] Reset engine, reason: 8
2026-06-16 12:08:25.042: [INFO][Sync] Stopped: Bookmarks
2026-06-16 12:08:25.042: [INFO][Sync] Stopped: Preferences
2026-06-16 12:08:25.042: [INFO][Sync] Stopped: Passwords
2026-06-16 12:08:25.042: [INFO][Sync] Stopped: Autofill Profiles
2026-06-16 12:08:25.042: [INFO][Sync] Stopped: Autofill
2026-06-16 12:08:25.042: [INFO][Sync] Stopped: Extensions
2026-06-16 12:08:25.042: [INFO][Sync] Stopped: Sessions
2026-06-16 12:08:25.042: [INFO][Sync] Stopped: Extension settings
2026-06-16 12:08:25.042: [INFO][Sync] Stopped: History Delete Directives
2026-06-16 12:08:25.042: [INFO][Sync] Stopped: Device Info
2026-06-16 12:08:25.042: [INFO][Sync] Stopped: User Consents
2026-06-16 12:08:25.042: [INFO][Sync] Stopped: Send Tab To Self
2026-06-16 12:08:25.042: [INFO][Sync] Stopped: Web Apps
2026-06-16 12:08:25.042: [INFO][Sync] Stopped: History
2026-06-16 12:08:25.042: [INFO][Sync] Stopped: Saved Tab Group
2026-06-16 12:08:25.042: [INFO][Sync] Stopped: WebAuthn Credentials
2026-06-16 12:08:25.042: [INFO][Sync] Stopped: Edge E Drop
2026-06-16 12:08:25.042: [INFO][Sync] Stopped: Edge Hub App Usage
2026-06-16 12:08:25.042: [INFO][Sync] Stopped: Edge Wallet
2026-06-16 12:08:25.042: [INFO][Sync] Stopped: Edge Workspace
2026-06-16 13:22:41.574: [INFO][Sync] Reset engine, reason: 0
2026-06-16 13:41:26.863: [INFO][Sync] Reset engine, reason: 8
2026-06-16 13:41:26.863: [INFO][Sync] Stopped: Bookmarks
2026-06-16 13:41:26.863: [INFO][Sync] Stopped: Preferences
2026-06-16 13:41:26.863: [INFO][Sync] Stopped: Passwords
2026-06-16 13:41:26.863: [INFO][Sync] Stopped: Autofill Profiles
2026-06-16 13:41:26.863: [INFO][Sync] Stopped: Autofill
2026-06-16 13:41:26.863: [INFO][Sync] Stopped: Extensions
2026-06-16 13:41:26.863: [INFO][Sync] Stopped: Sessions
2026-06-16 13:41:26.863: [INFO][Sync] Stopped: Extension settings
2026-06-16 13:41:26.863: [INFO][Sync] Stopped: History Delete Directives
2026-06-16 13:41:26.863: [INFO][Sync] Stopped: Device Info
2026-06-16 13:41:26.863: [INFO][Sync] Stopped: User Consents
2026-06-16 13:41:26.863: [INFO][Sync] Stopped: Send Tab To Self
2026-06-16 13:41:26.863: [INFO][Sync] Stopped: Web Apps
2026-06-16 13:41:26.863: [INFO][Sync] Stopped: History
2026-06-16 13:41:26.863: [INFO][Sync] Stopped: Saved Tab Group
2026-06-16 13:41:26.863: [INFO][Sync] Stopped: WebAuthn Credentials
2026-06-16 13:41:26.863: [INFO][Sync] Stopped: Edge E Drop
2026-06-16 13:41:26.863: [INFO][Sync] Stopped: Edge Hub App Usage
2026-06-16 13:41:26.863: [INFO][Sync] Stopped: Edge Wallet
2026-06-16 13:41:26.863: [INFO][Sync] Stopped: Edge Workspace
2026-06-16 13:41:26.863: [INFO][Sync] SyncState after authenticated was: NotSignedIn
2026-06-16 13:41:28.025: [INFO][Sync] Reset engine, reason: 8
2026-06-16 13:41:28.025: [INFO][Sync] Stopped: Bookmarks
2026-06-16 13:41:28.025: [INFO][Sync] Stopped: Preferences
2026-06-16 13:41:28.025: [INFO][Sync] Stopped: Passwords
2026-06-16 13:41:28.025: [INFO][Sync] Stopped: Autofill Profiles
2026-06-16 13:41:28.025: [INFO][Sync] Stopped: Autofill
2026-06-16 13:41:28.025: [INFO][Sync] Stopped: Extensions
2026-06-16 13:41:28.025: [INFO][Sync] Stopped: Sessions
2026-06-16 13:41:28.025: [INFO][Sync] Stopped: Extension settings
2026-06-16 13:41:28.025: [INFO][Sync] Stopped: History Delete Directives
2026-06-16 13:41:28.025: [INFO][Sync] Stopped: Device Info
2026-06-16 13:41:28.025: [INFO][Sync] Stopped: User Consents
2026-06-16 13:41:28.025: [INFO][Sync] Stopped: Send Tab To Self
2026-06-16 13:41:28.025: [INFO][Sync] Stopped: Web Apps
2026-06-16 13:41:28.025: [INFO][Sync] Stopped: History
2026-06-16 13:41:28.025: [INFO][Sync] Stopped: Saved Tab Group
2026-06-16 13:41:28.025: [INFO][Sync] Stopped: WebAuthn Credentials
2026-06-16 13:41:28.025: [INFO][Sync] Stopped: Edge E Drop
2026-06-16 13:41:28.025: [INFO][Sync] Stopped: Edge Hub App Usage
2026-06-16 13:41:28.025: [INFO][Sync] Stopped: Edge Wallet
2026-06-16 13:41:28.025: [INFO][Sync] Stopped: Edge Workspace
2026-06-16 14:58:41.225: [INFO][Sync] Reset engine, reason: 0
2026-06-16 14:58:42.345: [INFO][Sync] Reset engine, reason: 8
2026-06-16 14:58:42.346: [INFO][Sync] Stopped: Bookmarks
2026-06-16 14:58:42.346: [INFO][Sync] Stopped: Preferences
2026-06-16 14:58:42.346: [INFO][Sync] Stopped: Passwords
2026-06-16 14:58:42.346: [INFO][Sync] Stopped: Autofill Profiles
2026-06-16 14:58:42.346: [INFO][Sync] Stopped: Autofill
2026-06-16 14:58:42.346: [INFO][Sync] Stopped: Extensions
2026-06-16 14:58:42.346: [INFO][Sync] Stopped: Sessions
2026-06-16 14:58:42.346: [INFO][Sync] Stopped: Extension settings
2026-06-16 14:58:42.346: [INFO][Sync] Stopped: History Delete Directives
2026-06-16 14:58:42.347: [INFO][Sync] Stopped: Device Info
2026-06-16 14:58:42.347: [INFO][Sync] Stopped: User Consents
2026-06-16 14:58:42.347: [INFO][Sync] Stopped: Send Tab To Self
2026-06-16 14:58:42.347: [INFO][Sync] Stopped: Web Apps
2026-06-16 14:58:42.347: [INFO][Sync] Stopped: History
2026-06-16 14:58:42.347: [INFO][Sync] Stopped: Saved Tab Group
2026-06-16 14:58:42.347: [INFO][Sync] Stopped: WebAuthn Credentials
2026-06-16 14:58:42.347: [INFO][Sync] Stopped: Edge E Drop
2026-06-16 14:58:42.347: [INFO][Sync] Stopped: Edge Hub App Usage
2026-06-16 14:58:42.347: [INFO][Sync] Stopped: Edge Wallet
2026-06-16 14:58:42.347: [INFO][Sync] Stopped: Edge Workspace
2026-06-16 14:58:42.347: [INFO][Sync] SyncState after authenticated was: NotSignedIn
2026-06-16 14:58:43.032: [INFO][Sync] Reset engine, reason: 8
2026-06-16 14:58:43.032: [INFO][Sync] Stopped: Bookmarks
2026-06-16 14:58:43.032: [INFO][Sync] Stopped: Preferences
2026-06-16 14:58:43.032: [INFO][Sync] Stopped: Passwords
2026-06-16 14:58:43.032: [INFO][Sync] Stopped: Autofill Profiles
2026-06-16 14:58:43.032: [INFO][Sync] Stopped: Autofill
2026-06-16 14:58:43.032: [INFO][Sync] Stopped: Extensions
2026-06-16 14:58:43.032: [INFO][Sync] Stopped: Sessions
2026-06-16 14:58:43.032: [INFO][Sync] Stopped: Extension settings
2026-06-16 14:58:43.032: [INFO][Sync] Stopped: History Delete Directives
2026-06-16 14:58:43.032: [INFO][Sync] Stopped: Device Info
2026-06-16 14:58:43.033: [INFO][Sync] Stopped: User Consents
2026-06-16 14:58:43.033: [INFO][Sync] Stopped: Send Tab To Self
2026-06-16 14:58:43.033: [INFO][Sync] Stopped: Web Apps
2026-06-16 14:58:43.033: [INFO][Sync] Stopped: History
2026-06-16 14:58:43.033: [INFO][Sync] Stopped: Saved Tab Group
2026-06-16 14:58:43.033: [INFO][Sync] Stopped: WebAuthn Credentials
2026-06-16 14:58:43.033: [INFO][Sync] Stopped: Edge E Drop
2026-06-16 14:58:43.033: [INFO][Sync] Stopped: Edge Hub App Usage
2026-06-16 14:58:43.033: [INFO][Sync] Stopped: Edge Wallet
2026-06-16 14:58:43.033: [INFO][Sync] Stopped: Edge Workspace
2026-06-17 04:58:42.489: [INFO][Sync] Reset engine, reason: 8
2026-06-17 04:58:42.489: [INFO][Sync] Stopped: Bookmarks
2026-06-17 04:58:42.489: [INFO][Sync] Stopped: Preferences
2026-06-17 04:58:42.489: [INFO][Sync] Stopped: Passwords
2026-06-17 04:58:42.489: [INFO][Sync] Stopped: Autofill Profiles
2026-06-17 04:58:42.489: [INFO][Sync] Stopped: Autofill
2026-06-17 04:58:42.489: [INFO][Sync] Stopped: Extensions
2026-06-17 04:58:42.489: [INFO][Sync] Stopped: Sessions
2026-06-17 04:58:42.489: [INFO][Sync] Stopped: Extension settings
2026-06-17 04:58:42.489: [INFO][Sync] Stopped: History Delete Directives
2026-06-17 04:58:42.489: [INFO][Sync] Stopped: Device Info
2026-06-17 04:58:42.489: [INFO][Sync] Stopped: User Consents
2026-06-17 04:58:42.489: [INFO][Sync] Stopped: Send Tab To Self
2026-06-17 04:58:42.489: [INFO][Sync] Stopped: Web Apps
2026-06-17 04:58:42.489: [INFO][Sync] Stopped: History
2026-06-17 04:58:42.489: [INFO][Sync] Stopped: Saved Tab Group
2026-06-17 04:58:42.489: [INFO][Sync] Stopped: WebAuthn Credentials
2026-06-17 04:58:42.489: [INFO][Sync] Stopped: Edge E Drop
2026-06-17 04:58:42.489: [INFO][Sync] Stopped: Edge Hub App Usage
2026-06-17 04:58:42.489: [INFO][Sync] Stopped: Edge Wallet
2026-06-17 04:58:42.489: [INFO][Sync] Stopped: Edge Workspace
2026-06-17 04:58:42.489: [INFO][Sync] SyncState after authenticated was: NotSignedIn
2026-06-17 04:58:43.129: [INFO][Sync] Reset engine, reason: 8
2026-06-17 04:58:43.129: [INFO][Sync] Stopped: Bookmarks
2026-06-17 04:58:43.129: [INFO][Sync] Stopped: Preferences
2026-06-17 04:58:43.129: [INFO][Sync] Stopped: Passwords
2026-06-17 04:58:43.129: [INFO][Sync] Stopped: Autofill Profiles
2026-06-17 04:58:43.129: [INFO][Sync] Stopped: Autofill
2026-06-17 04:58:43.129: [INFO][Sync] Stopped: Extensions
2026-06-17 04:58:43.129: [INFO][Sync] Stopped: Sessions
2026-06-17 04:58:43.129: [INFO][Sync] Stopped: Extension settings
2026-06-17 04:58:43.129: [INFO][Sync] Stopped: History Delete Directives
2026-06-17 04:58:43.129: [INFO][Sync] Stopped: Device Info
2026-06-17 04:58:43.129: [INFO][Sync] Stopped: User Consents
2026-06-17 04:58:43.129: [INFO][Sync] Stopped: Send Tab To Self
2026-06-17 04:58:43.129: [INFO][Sync] Stopped: Web Apps
2026-06-17 04:58:43.129: [INFO][Sync] Stopped: History
2026-06-17 04:58:43.129: [INFO][Sync] Stopped: Saved Tab Group
2026-06-17 04:58:43.129: [INFO][Sync] Stopped: WebAuthn Credentials
2026-06-17 04:58:43.129: [INFO][Sync] Stopped: Edge E Drop
2026-06-17 04:58:43.129: [INFO][Sync] Stopped: Edge Hub App Usage
2026-06-17 04:58:43.129: [INFO][Sync] Stopped: Edge Wallet
2026-06-17 04:58:43.129: [INFO][Sync] Stopped: Edge Workspace
2026-06-17 07:28:56.287: [INFO][Sync] Reset engine, reason: 0
2026-06-17 07:52:27.669: [INFO][Sync] Reset engine, reason: 8
2026-06-17 07:52:27.669: [INFO][Sync] Stopped: Bookmarks
2026-06-17 07:52:27.669: [INFO][Sync] Stopped: Preferences
2026-06-17 07:52:27.669: [INFO][Sync] Stopped: Passwords
2026-06-17 07:52:27.669: [INFO][Sync] Stopped: Autofill Profiles
2026-06-17 07:52:27.669: [INFO][Sync] Stopped: Autofill
2026-06-17 07:52:27.669: [INFO][Sync] Stopped: Extensions
2026-06-17 07:52:27.669: [INFO][Sync] Stopped: Sessions
2026-06-17 07:52:27.669: [INFO][Sync] Stopped: Extension settings
2026-06-17 07:52:27.669: [INFO][Sync] Stopped: History Delete Directives
2026-06-17 07:52:27.669: [INFO][Sync] Stopped: Device Info
2026-06-17 07:52:27.669: [INFO][Sync] Stopped: User Consents
2026-06-17 07:52:27.669: [INFO][Sync] Stopped: Send Tab To Self
2026-06-17 07:52:27.669: [INFO][Sync] Stopped: Web Apps
2026-06-17 07:52:27.669: [INFO][Sync] Stopped: History
2026-06-17 07:52:27.669: [INFO][Sync] Stopped: Saved Tab Group
2026-06-17 07:52:27.669: [INFO][Sync] Stopped: WebAuthn Credentials
2026-06-17 07:52:27.669: [INFO][Sync] Stopped: Edge E Drop
2026-06-17 07:52:27.669: [INFO][Sync] Stopped: Edge Hub App Usage
2026-06-17 07:52:27.669: [INFO][Sync] Stopped: Edge Wallet
2026-06-17 07:52:27.669: [INFO][Sync] Stopped: Edge Workspace
2026-06-17 07:52:27.669: [INFO][Sync] SyncState after authenticated was: NotSignedIn
2026-06-17 07:52:28.297: [INFO][Sync] Reset engine, reason: 8
2026-06-17 07:52:28.298: [INFO][Sync] Stopped: Bookmarks
2026-06-17 07:52:28.298: [INFO][Sync] Stopped: Preferences
2026-06-17 07:52:31.730: [INFO][Sync] Reset engine, reason: 8
2026-06-17 07:52:31.730: [INFO][Sync] Stopped: Bookmarks
2026-06-17 07:52:31.730: [INFO][Sync] Stopped: Preferences
2026-06-17 07:52:31.730: [INFO][Sync] Stopped: Passwords
2026-06-17 07:52:31.730: [INFO][Sync] Stopped: Autofill Profiles
2026-06-17 07:52:31.730: [INFO][Sync] Stopped: Autofill
2026-06-17 07:52:31.730: [INFO][Sync] Stopped: Extensions
2026-06-17 07:52:31.730: [INFO][Sync] Stopped: Sessions
2026-06-17 07:52:31.730: [INFO][Sync] Stopped: Extension settings
2026-06-17 07:52:31.730: [INFO][Sync] Stopped: History Delete Directives
2026-06-17 07:52:31.730: [INFO][Sync] Stopped: Device Info
2026-06-17 07:52:31.730: [INFO][Sync] Stopped: User Consents
2026-06-17 07:52:31.730: [INFO][Sync] Stopped: Send Tab To Self
2026-06-17 07:52:31.730: [INFO][Sync] Stopped: Web Apps
2026-06-17 07:52:31.730: [INFO][Sync] Stopped: History
2026-06-17 07:52:31.730: [INFO][Sync] Stopped: Saved Tab Group
2026-06-17 07:52:31.730: [INFO][Sync] Stopped: WebAuthn Credentials
2026-06-17 07:52:31.730: [INFO][Sync] Stopped: Edge E Drop
2026-06-17 07:52:31.730: [INFO][Sync] Stopped: Edge Hub App Usage
2026-06-17 07:52:31.730: [INFO][Sync] Stopped: Edge Wallet
2026-06-17 07:52:31.730: [INFO][Sync] Stopped: Edge Workspace
2026-06-17 07:52:31.731: [INFO][Sync] SyncState after authenticated was: NotSignedIn
2026-06-17 07:52:32.329: [INFO][Sync] Reset engine, reason: 8
2026-06-17 07:52:32.329: [INFO][Sync] Stopped: Bookmarks
2026-06-17 07:52:32.329: [INFO][Sync] Stopped: Preferences
2026-06-17 07:52:32.329: [INFO][Sync] Stopped: Passwords
2026-06-17 07:52:32.329: [INFO][Sync] Stopped: Autofill Profiles
2026-06-17 07:52:32.329: [INFO][Sync] Stopped: Autofill
2026-06-17 07:52:32.329: [INFO][Sync] Stopped: Extensions
2026-06-17 07:52:32.329: [INFO][Sync] Stopped: Sessions
2026-06-17 07:52:32.329: [INFO][Sync] Stopped: Extension settings
2026-06-17 07:52:32.329: [INFO][Sync] Stopped: History Delete Directives
2026-06-17 07:52:32.329: [INFO][Sync] Stopped: Device Info
2026-06-17 07:52:32.329: [INFO][Sync] Stopped: User Consents
2026-06-17 07:52:32.329: [INFO][Sync] Stopped: Send Tab To Self
2026-06-17 07:52:32.329: [INFO][Sync] Stopped: Web Apps
2026-06-17 07:52:32.329: [INFO][Sync] Stopped: History
2026-06-17 07:52:32.329: [INFO][Sync] Stopped: Saved Tab Group
2026-06-17 07:52:32.329: [INFO][Sync] Stopped: WebAuthn Credentials
2026-06-17 07:52:32.329: [INFO][Sync] Stopped: Edge E Drop
2026-06-17 07:52:32.329: [INFO][Sync] Stopped: Edge Hub App Usage
2026-06-17 07:52:32.329: [INFO][Sync] Stopped: Edge Wallet
2026-06-17 07:52:32.329: [INFO][Sync] Stopped: Edge Workspace
2026-06-17 08:39:41.019: [INFO][Sync] Reset engine, reason: 0
2026-06-17 09:13:39.723: [INFO][Sync] Reset engine, reason: 8
2026-06-17 09:13:39.723: [INFO][Sync] Stopped: Bookmarks
2026-06-17 09:13:39.723: [INFO][Sync] Stopped: Preferences
2026-06-17 09:13:39.723: [INFO][Sync] Stopped: Passwords
2026-06-17 09:13:39.723: [INFO][Sync] Stopped: Autofill Profiles
2026-06-17 09:13:39.723: [INFO][Sync] Stopped: Autofill
2026-06-17 09:13:39.723: [INFO][Sync] Stopped: Extensions
2026-06-17 09:13:39.723: [INFO][Sync] Stopped: Sessions
2026-06-17 09:13:39.723: [INFO][Sync] Stopped: Extension settings
2026-06-17 09:13:39.723: [INFO][Sync] Stopped: History Delete Directives
2026-06-17 09:13:39.723: [INFO][Sync] Stopped: Device Info
2026-06-17 09:13:39.723: [INFO][Sync] Stopped: User Consents
2026-06-17 09:13:39.723: [INFO][Sync] Stopped: Send Tab To Self
2026-06-17 09:13:39.723: [INFO][Sync] Stopped: Web Apps
2026-06-17 09:13:39.723: [INFO][Sync] Stopped: History
2026-06-17 09:13:39.723: [INFO][Sync] Stopped: Saved Tab Group
2026-06-17 09:13:39.723: [INFO][Sync] Stopped: WebAuthn Credentials
2026-06-17 09:13:39.723: [INFO][Sync] Stopped: Edge E Drop
2026-06-17 09:13:39.723: [INFO][Sync] Stopped: Edge Hub App Usage
2026-06-17 09:13:39.723: [INFO][Sync] Stopped: Edge Wallet
2026-06-17 09:13:39.723: [INFO][Sync] Stopped: Edge Workspace
2026-06-17 09:13:39.723: [INFO][Sync] SyncState after authenticated was: NotSignedIn
2026-06-17 09:13:40.518: [INFO][Sync] Reset engine, reason: 8
2026-06-17 09:13:40.518: [INFO][Sync] Stopped: Bookmarks
2026-06-17 09:13:40.518: [INFO][Sync] Stopped: Preferences
2026-06-17 09:13:40.518: [INFO][Sync] Stopped: Passwords
2026-06-17 09:13:40.518: [INFO][Sync] Stopped: Autofill Profiles
2026-06-17 09:13:40.518: [INFO][Sync] Stopped: Autofill
2026-06-17 09:13:40.518: [INFO][Sync] Stopped: Extensions
2026-06-17 09:13:40.518: [INFO][Sync] Stopped: Sessions
2026-06-17 09:13:40.518: [INFO][Sync] Stopped: Extension settings
2026-06-17 09:13:40.518: [INFO][Sync] Stopped: History Delete Directives
2026-06-17 09:13:40.518: [INFO][Sync] Stopped: Device Info
2026-06-17 09:13:40.518: [INFO][Sync] Stopped: User Consents
2026-06-17 09:13:40.518: [INFO][Sync] Stopped: Send Tab To Self
2026-06-17 09:13:40.518: [INFO][Sync] Stopped: Web Apps
2026-06-17 09:13:40.518: [INFO][Sync] Stopped: History
2026-06-17 09:13:40.518: [INFO][Sync] Stopped: Saved Tab Group
2026-06-17 09:13:40.518: [INFO][Sync] Stopped: WebAuthn Credentials
2026-06-17 09:13:40.518: [INFO][Sync] Stopped: Edge E Drop
2026-06-17 09:13:40.518: [INFO][Sync] Stopped: Edge Hub App Usage
2026-06-17 09:13:40.518: [INFO][Sync] Stopped: Edge Wallet
2026-06-17 09:13:40.518: [INFO][Sync] Stopped: Edge Workspace
2026-06-17 09:15:55.344: [INFO][Sync] Reset engine, reason: 0
2026-06-17 09:15:56.372: [INFO][Sync] Reset engine, reason: 8
2026-06-17 09:15:56.372: [INFO][Sync] Stopped: Bookmarks
2026-06-17 09:15:56.373: [INFO][Sync] Stopped: Preferences
2026-06-17 09:15:56.373: [INFO][Sync] Stopped: Passwords
2026-06-17 09:15:56.373: [INFO][Sync] Stopped: Autofill Profiles
2026-06-17 09:15:56.373: [INFO][Sync] Stopped: Autofill
2026-06-17 09:15:56.373: [INFO][Sync] Stopped: Extensions
2026-06-17 09:15:56.373: [INFO][Sync] Stopped: Sessions
2026-06-17 09:15:56.373: [INFO][Sync] Stopped: Extension settings
2026-06-17 09:15:56.373: [INFO][Sync] Stopped: History Delete Directives
2026-06-17 09:15:56.373: [INFO][Sync] Stopped: Device Info
2026-06-17 09:15:56.373: [INFO][Sync] Stopped: User Consents
2026-06-17 09:15:56.373: [INFO][Sync] Stopped: Send Tab To Self
2026-06-17 09:15:56.373: [INFO][Sync] Stopped: Web Apps
2026-06-17 09:15:56.373: [INFO][Sync] Stopped: History
2026-06-17 09:15:56.373: [INFO][Sync] Stopped: Saved Tab Group
2026-06-17 09:15:56.373: [INFO][Sync] Stopped: WebAuthn Credentials
2026-06-17 09:15:56.373: [INFO][Sync] Stopped: Edge E Drop
2026-06-17 09:15:56.373: [INFO][Sync] Stopped: Edge Hub App Usage
2026-06-17 09:15:56.373: [INFO][Sync] Stopped: Edge Wallet
2026-06-17 09:15:56.373: [INFO][Sync] Stopped: Edge Workspace
2026-06-17 09:15:56.373: [INFO][Sync] SyncState after authenticated was: NotSignedIn
2026-06-17 09:15:57.011: [INFO][Sync] Reset engine, reason: 8
2026-06-17 09:15:57.011: [INFO][Sync] Stopped: Bookmarks
2026-06-17 09:15:57.011: [INFO][Sync] Stopped: Preferences
2026-06-17 09:15:57.011: [INFO][Sync] Stopped: Passwords
2026-06-17 09:15:57.011: [INFO][Sync] Stopped: Autofill Profiles
2026-06-17 09:15:57.011: [INFO][Sync] Stopped: Autofill
2026-06-17 09:15:57.011: [INFO][Sync] Stopped: Extensions
2026-06-17 09:15:57.011: [INFO][Sync] Stopped: Sessions
2026-06-17 09:15:57.011: [INFO][Sync] Stopped: Extension settings
2026-06-17 09:15:57.011: [INFO][Sync] Stopped: History Delete Directives
2026-06-17 09:15:57.011: [INFO][Sync] Stopped: Device Info
2026-06-17 09:15:57.011: [INFO][Sync] Stopped: User Consents
2026-06-17 09:15:57.011: [INFO][Sync] Stopped: Send Tab To Self
2026-06-17 09:15:57.011: [INFO][Sync] Stopped: Web Apps
2026-06-17 09:15:57.011: [INFO][Sync] Stopped: History
2026-06-17 09:15:57.011: [INFO][Sync] Stopped: Saved Tab Group
2026-06-17 09:15:57.011: [INFO][Sync] Stopped: WebAuthn Credentials
2026-06-17 09:15:57.011: [INFO][Sync] Stopped: Edge E Drop
2026-06-17 09:15:57.011: [INFO][Sync] Stopped: Edge Hub App Usage
2026-06-17 09:15:57.011: [INFO][Sync] Stopped: Edge Wallet
2026-06-17 09:15:57.011: [INFO][Sync] Stopped: Edge Workspace
2026-06-17 09:21:46.841: [INFO][Sync] Reset engine, reason: 0
2026-06-17 09:21:47.671: [INFO][Sync] Reset engine, reason: 8
2026-06-17 09:21:47.671: [INFO][Sync] Stopped: Bookmarks
2026-06-17 09:21:47.671: [INFO][Sync] Stopped: Preferences
2026-06-17 09:21:47.671: [INFO][Sync] Stopped: Passwords
2026-06-17 09:21:47.671: [INFO][Sync] Stopped: Autofill Profiles
2026-06-17 09:21:47.671: [INFO][Sync] Stopped: Autofill
2026-06-17 09:21:47.671: [INFO][Sync] Stopped: Extensions
2026-06-17 09:21:47.671: [INFO][Sync] Stopped: Sessions
2026-06-17 09:21:47.671: [INFO][Sync] Stopped: Extension settings
2026-06-17 09:21:47.671: [INFO][Sync] Stopped: History Delete Directives
2026-06-17 09:21:47.671: [INFO][Sync] Stopped: Device Info
2026-06-17 09:21:47.671: [INFO][Sync] Stopped: User Consents
2026-06-17 09:21:47.671: [INFO][Sync] Stopped: Send Tab To Self
2026-06-17 09:21:47.671: [INFO][Sync] Stopped: Web Apps
2026-06-17 09:21:47.671: [INFO][Sync] Stopped: History
2026-06-17 09:21:47.671: [INFO][Sync] Stopped: Saved Tab Group
2026-06-17 09:21:47.671: [INFO][Sync] Stopped: WebAuthn Credentials
2026-06-17 09:21:47.671: [INFO][Sync] Stopped: Edge E Drop
2026-06-17 09:21:47.671: [INFO][Sync] Stopped: Edge Hub App Usage
2026-06-17 09:21:47.671: [INFO][Sync] Stopped: Edge Wallet
2026-06-17 09:21:47.671: [INFO][Sync] Stopped: Edge Workspace
2026-06-17 09:21:47.671: [INFO][Sync] SyncState after authenticated was: NotSignedIn
2026-06-17 09:21:48.189: [INFO][Sync] Reset engine, reason: 8
2026-06-17 09:21:48.189: [INFO][Sync] Stopped: Bookmarks
2026-06-17 09:21:48.189: [INFO][Sync] Stopped: Preferences
2026-06-17 09:21:48.189: [INFO][Sync] Stopped: Passwords
2026-06-17 09:21:48.189: [INFO][Sync] Stopped: Autofill Profiles
2026-06-17 09:21:48.189: [INFO][Sync] Stopped: Autofill
2026-06-17 09:21:48.189: [INFO][Sync] Stopped: Extensions
2026-06-17 09:21:48.189: [INFO][Sync] Stopped: Sessions
2026-06-17 09:21:48.189: [INFO][Sync] Stopped: Extension settings
2026-06-17 09:21:48.189: [INFO][Sync] Stopped: History Delete Directives
2026-06-17 09:21:48.189: [INFO][Sync] Stopped: Device Info
2026-06-17 09:21:48.189: [INFO][Sync] Stopped: User Consents
2026-06-17 09:21:48.189: [INFO][Sync] Stopped: Send Tab To Self
2026-06-17 09:21:48.189: [INFO][Sync] Stopped: Web Apps
2026-06-17 09:21:48.189: [INFO][Sync] Stopped: History
2026-06-17 09:21:48.189: [INFO][Sync] Stopped: Saved Tab Group
2026-06-17 09:21:48.189: [INFO][Sync] Stopped: WebAuthn Credentials
2026-06-17 09:21:48.189: [INFO][Sync] Stopped: Edge E Drop
2026-06-17 09:21:48.189: [INFO][Sync] Stopped: Edge Hub App Usage
2026-06-17 09:21:48.189: [INFO][Sync] Stopped: Edge Wallet
2026-06-17 09:21:48.189: [INFO][Sync] Stopped: Edge Workspace
2026-06-17 09:21:52.449: [INFO][Sync] Reset engine, reason: 0
2026-06-17 09:21:53.295: [INFO][Sync] Reset engine, reason: 8
2026-06-17 09:21:53.295: [INFO][Sync] Stopped: Bookmarks
2026-06-17 09:21:53.295: [INFO][Sync] Stopped: Preferences
2026-06-17 09:21:53.296: [INFO][Sync] Stopped: Passwords
2026-06-17 09:21:53.296: [INFO][Sync] Stopped: Autofill Profiles
2026-06-17 09:21:53.296: [INFO][Sync] Stopped: Autofill
2026-06-17 09:21:53.296: [INFO][Sync] Stopped: Extensions
2026-06-17 09:21:53.296: [INFO][Sync] Stopped: Sessions
2026-06-17 09:21:53.296: [INFO][Sync] Stopped: Extension settings
2026-06-17 09:21:53.296: [INFO][Sync] Stopped: History Delete Directives
2026-06-17 09:21:53.296: [INFO][Sync] Stopped: Device Info
2026-06-17 09:21:53.296: [INFO][Sync] Stopped: User Consents
2026-06-17 09:21:53.296: [INFO][Sync] Stopped: Send Tab To Self
2026-06-17 09:21:53.296: [INFO][Sync] Stopped: Web Apps
2026-06-17 09:21:53.296: [INFO][Sync] Stopped: History
2026-06-17 09:21:53.296: [INFO][Sync] Stopped: Saved Tab Group
2026-06-17 09:21:53.296: [INFO][Sync] Stopped: WebAuthn Credentials
2026-06-17 09:21:53.296: [INFO][Sync] Stopped: Edge E Drop
2026-06-17 09:21:53.296: [INFO][Sync] Stopped: Edge Hub App Usage
2026-06-17 09:21:53.296: [INFO][Sync] Stopped: Edge Wallet
2026-06-17 09:21:53.296: [INFO][Sync] Stopped: Edge Workspace
2026-06-17 09:21:53.296: [INFO][Sync] SyncState after authenticated was: NotSignedIn
2026-06-17 09:21:54.721: [INFO][Sync] Reset engine, reason: 8
2026-06-17 09:21:54.721: [INFO][Sync] Stopped: Bookmarks
2026-06-17 09:21:54.721: [INFO][Sync] Stopped: Preferences
2026-06-17 09:21:54.721: [INFO][Sync] Stopped: Passwords
2026-06-17 09:21:54.721: [INFO][Sync] Stopped: Autofill Profiles
2026-06-17 09:21:54.721: [INFO][Sync] Stopped: Autofill
2026-06-17 09:21:54.721: [INFO][Sync] Stopped: Extensions
2026-06-17 09:21:54.721: [INFO][Sync] Stopped: Sessions
2026-06-17 09:21:54.721: [INFO][Sync] Stopped: Extension settings
2026-06-17 09:21:54.721: [INFO][Sync] Stopped: History Delete Directives
2026-06-17 09:21:54.721: [INFO][Sync] Stopped: Device Info
2026-06-17 09:21:54.721: [INFO][Sync] Stopped: User Consents
2026-06-17 09:21:54.721: [INFO][Sync] Stopped: Send Tab To Self
2026-06-17 09:21:54.721: [INFO][Sync] Stopped: Web Apps
2026-06-17 09:21:54.721: [INFO][Sync] Stopped: History
2026-06-17 09:21:54.721: [INFO][Sync] Stopped: Saved Tab Group
2026-06-17 09:21:54.721: [INFO][Sync] Stopped: WebAuthn Credentials
2026-06-17 09:21:54.721: [INFO][Sync] Stopped: Edge E Drop
2026-06-17 09:21:54.721: [INFO][Sync] Stopped: Edge Hub App Usage
2026-06-17 09:21:54.721: [INFO][Sync] Stopped: Edge Wallet
2026-06-17 09:21:54.721: [INFO][Sync] Stopped: Edge Workspace
2026-06-17 09:49:02.042: [INFO][Sync] Reset engine, reason: 0
2026-06-18 09:57:37.509: [INFO][Sync] Reset engine, reason: 8
2026-06-18 09:57:37.509: [INFO][Sync] Stopped: Bookmarks
2026-06-18 09:57:37.509: [INFO][Sync] Stopped: Preferences
2026-06-18 09:57:37.509: [INFO][Sync] Stopped: Passwords
2026-06-18 09:57:37.509: [INFO][Sync] Stopped: Autofill Profiles
2026-06-18 09:57:37.509: [INFO][Sync] Stopped: Autofill
2026-06-18 09:57:37.509: [INFO][Sync] Stopped: Extensions
2026-06-18 09:57:37.509: [INFO][Sync] Stopped: Sessions
2026-06-18 09:57:37.509: [INFO][Sync] Stopped: Extension settings
2026-06-18 09:57:37.509: [INFO][Sync] Stopped: History Delete Directives
2026-06-18 09:57:37.509: [INFO][Sync] Stopped: Device Info
2026-06-18 09:57:37.509: [INFO][Sync] Stopped: User Consents
2026-06-18 09:57:37.509: [INFO][Sync] Stopped: Send Tab To Self
2026-06-18 09:57:37.509: [INFO][Sync] Stopped: Web Apps
2026-06-18 09:57:37.509: [INFO][Sync] Stopped: History
2026-06-18 09:57:37.509: [INFO][Sync] Stopped: Saved Tab Group
2026-06-18 09:57:37.509: [INFO][Sync] Stopped: WebAuthn Credentials
2026-06-18 09:57:37.509: [INFO][Sync] Stopped: Edge E Drop
2026-06-18 09:57:37.509: [INFO][Sync] Stopped: Edge Hub App Usage
2026-06-18 09:57:37.509: [INFO][Sync] Stopped: Edge Wallet
2026-06-18 09:57:37.509: [INFO][Sync] Stopped: Edge Workspace
2026-06-18 09:57:37.509: [INFO][Sync] SyncState after authenticated was: NotSignedIn
2026-06-18 09:57:38.355: [INFO][Sync] Reset engine, reason: 8
2026-06-18 09:57:38.355: [INFO][Sync] Stopped: Bookmarks
2026-06-18 09:57:38.355: [INFO][Sync] Stopped: Preferences
2026-06-18 09:57:38.355: [INFO][Sync] Stopped: Passwords
2026-06-18 09:57:38.355: [INFO][Sync] Stopped: Autofill Profiles
2026-06-18 09:57:38.355: [INFO][Sync] Stopped: Autofill
2026-06-18 09:57:38.355: [INFO][Sync] Stopped: Extensions
2026-06-18 09:57:38.355: [INFO][Sync] Stopped: Sessions
2026-06-18 09:57:38.355: [INFO][Sync] Stopped: Extension settings
2026-06-18 09:57:38.355: [INFO][Sync] Stopped: History Delete Directives
2026-06-18 09:57:38.355: [INFO][Sync] Stopped: Device Info
2026-06-18 09:57:38.355: [INFO][Sync] Stopped: User Consents
2026-06-18 09:57:38.355: [INFO][Sync] Stopped: Send Tab To Self
2026-06-18 09:57:38.355: [INFO][Sync] Stopped: Web Apps
2026-06-18 09:57:38.355: [INFO][Sync] Stopped: History
2026-06-18 09:57:38.355: [INFO][Sync] Stopped: Saved Tab Group
2026-06-18 09:57:38.355: [INFO][Sync] Stopped: WebAuthn Credentials
2026-06-18 09:57:38.355: [INFO][Sync] Stopped: Edge E Drop
2026-06-18 09:57:38.355: [INFO][Sync] Stopped: Edge Hub App Usage
2026-06-18 09:57:38.355: [INFO][Sync] Stopped: Edge Wallet
2026-06-18 09:57:38.355: [INFO][Sync] Stopped: Edge Workspace
2026-06-18 12:59:17.421: [INFO][Sync] Reset engine, reason: 0
2026-06-18 12:59:18.663: [INFO][Sync] Reset engine, reason: 8
2026-06-18 12:59:18.663: [INFO][Sync] Stopped: Bookmarks
2026-06-18 12:59:18.664: [INFO][Sync] Stopped: Preferences
2026-06-18 12:59:18.664: [INFO][Sync] Stopped: Passwords
2026-06-18 12:59:18.664: [INFO][Sync] Stopped: Autofill Profiles
2026-06-18 12:59:18.664: [INFO][Sync] Stopped: Autofill
2026-06-18 12:59:18.664: [INFO][Sync] Stopped: Extensions
2026-06-18 12:59:18.664: [INFO][Sync] Stopped: Sessions
2026-06-18 12:59:18.664: [INFO][Sync] Stopped: Extension settings
2026-06-18 12:59:18.664: [INFO][Sync] Stopped: History Delete Directives
2026-06-18 12:59:18.664: [INFO][Sync] Stopped: Device Info
2026-06-18 12:59:18.664: [INFO][Sync] Stopped: User Consents
2026-06-18 12:59:18.664: [INFO][Sync] Stopped: Send Tab To Self
2026-06-18 12:59:18.664: [INFO][Sync] Stopped: Web Apps
2026-06-18 12:59:18.664: [INFO][Sync] Stopped: History
2026-06-18 12:59:18.664: [INFO][Sync] Stopped: Saved Tab Group
2026-06-18 12:59:18.664: [INFO][Sync] Stopped: WebAuthn Credentials
2026-06-18 12:59:18.664: [INFO][Sync] Stopped: Edge E Drop
2026-06-18 12:59:18.664: [INFO][Sync] Stopped: Edge Hub App Usage
2026-06-18 12:59:18.664: [INFO][Sync] Stopped: Edge Wallet
2026-06-18 12:59:18.664: [INFO][Sync] Stopped: Edge Workspace
2026-06-18 12:59:18.664: [INFO][Sync] SyncState after authenticated was: NotSignedIn
2026-06-18 12:59:19.146: [INFO][Sync] Reset engine, reason: 8
2026-06-18 12:59:19.146: [INFO][Sync] Stopped: Bookmarks
2026-06-18 12:59:19.146: [INFO][Sync] Stopped: Preferences
2026-06-18 12:59:19.146: [INFO][Sync] Stopped: Passwords
2026-06-18 12:59:19.146: [INFO][Sync] Stopped: Autofill Profiles
2026-06-18 12:59:19.146: [INFO][Sync] Stopped: Autofill
2026-06-18 12:59:19.146: [INFO][Sync] Stopped: Extensions
2026-06-18 12:59:19.146: [INFO][Sync] Stopped: Sessions
2026-06-18 12:59:19.146: [INFO][Sync] Stopped: Extension settings
2026-06-18 12:59:19.146: [INFO][Sync] Stopped: History Delete Directives
2026-06-18 12:59:19.146: [INFO][Sync] Stopped: Device Info
2026-06-18 12:59:19.146: [INFO][Sync] Stopped: User Consents
2026-06-18 12:59:19.146: [INFO][Sync] Stopped: Send Tab To Self
2026-06-18 12:59:19.146: [INFO][Sync] Stopped: Web Apps
2026-06-18 12:59:19.146: [INFO][Sync] Stopped: History
2026-06-18 12:59:19.146: [INFO][Sync] Stopped: Saved Tab Group
2026-06-18 12:59:19.146: [INFO][Sync] Stopped: WebAuthn Credentials
2026-06-18 12:59:19.146: [INFO][Sync] Stopped: Edge E Drop
2026-06-18 12:59:19.146: [INFO][Sync] Stopped: Edge Hub App Usage
2026-06-18 12:59:19.146: [INFO][Sync] Stopped: Edge Wallet
2026-06-18 12:59:19.146: [INFO][Sync] Stopped: Edge Workspace
2026-06-18 13:57:27.784: [INFO][Sync] Reset engine, reason: 0
2026-06-19 03:47:40.162: [INFO][Sync] Reset engine, reason: 8
2026-06-19 03:47:40.162: [INFO][Sync] Stopped: Bookmarks
2026-06-19 03:47:40.162: [INFO][Sync] Stopped: Preferences
2026-06-19 03:47:40.162: [INFO][Sync] Stopped: Passwords
2026-06-19 03:47:40.162: [INFO][Sync] Stopped: Autofill Profiles
2026-06-19 03:47:40.162: [INFO][Sync] Stopped: Autofill
2026-06-19 03:47:40.162: [INFO][Sync] Stopped: Extensions
2026-06-19 03:47:40.162: [INFO][Sync] Stopped: Sessions
2026-06-19 03:47:40.162: [INFO][Sync] Stopped: Extension settings
2026-06-19 03:47:40.162: [INFO][Sync] Stopped: History Delete Directives
2026-06-19 03:47:40.162: [INFO][Sync] Stopped: Device Info
2026-06-19 03:47:40.162: [INFO][Sync] Stopped: User Consents
2026-06-19 03:47:40.162: [INFO][Sync] Stopped: Send Tab To Self
2026-06-19 03:47:40.162: [INFO][Sync] Stopped: Web Apps
2026-06-19 03:47:40.162: [INFO][Sync] Stopped: History
2026-06-19 03:47:40.162: [INFO][Sync] Stopped: Saved Tab Group
2026-06-19 03:47:40.162: [INFO][Sync] Stopped: WebAuthn Credentials
2026-06-19 03:47:40.162: [INFO][Sync] Stopped: Edge E Drop
2026-06-19 03:47:40.162: [INFO][Sync] Stopped: Edge Hub App Usage
2026-06-19 03:47:40.162: [INFO][Sync] Stopped: Edge Wallet
2026-06-19 03:47:40.162: [INFO][Sync] Stopped: Edge Workspace
2026-06-19 03:47:40.162: [INFO][Sync] SyncState after authenticated was: NotSignedIn
2026-06-19 03:47:40.709: [INFO][Sync] Reset engine, reason: 8
2026-06-19 03:47:40.709: [INFO][Sync] Stopped: Bookmarks
2026-06-19 03:47:40.709: [INFO][Sync] Stopped: Preferences
2026-06-19 03:47:40.709: [INFO][Sync] Stopped: Passwords
2026-06-19 03:47:40.709: [INFO][Sync] Stopped: Autofill Profiles
2026-06-19 03:47:40.709: [INFO][Sync] Stopped: Autofill
2026-06-19 03:47:40.709: [INFO][Sync] Stopped: Extensions
2026-06-19 03:47:40.709: [INFO][Sync] Stopped: Sessions
2026-06-19 03:47:40.710: [INFO][Sync] Stopped: Extension settings
2026-06-19 03:47:40.710: [INFO][Sync] Stopped: History Delete Directives
2026-06-19 03:47:40.710: [INFO][Sync] Stopped: Device Info
2026-06-19 03:47:40.710: [INFO][Sync] Stopped: User Consents
2026-06-19 03:47:40.710: [INFO][Sync] Stopped: Send Tab To Self
2026-06-19 03:47:40.710: [INFO][Sync] Stopped: Web Apps
2026-06-19 03:47:40.710: [INFO][Sync] Stopped: History
2026-06-19 03:47:40.710: [INFO][Sync] Stopped: Saved Tab Group
2026-06-19 03:47:40.710: [INFO][Sync] Stopped: WebAuthn Credentials
2026-06-19 03:47:40.710: [INFO][Sync] Stopped: Edge E Drop
2026-06-19 03:47:40.710: [INFO][Sync] Stopped: Edge Hub App Usage
2026-06-19 03:47:40.710: [INFO][Sync] Stopped: Edge Wallet
2026-06-19 03:47:40.710: [INFO][Sync] Stopped: Edge Workspace
2026-06-19 09:43:33.298: [INFO][Sync] Reset engine, reason: 0
2026-06-19 19:22:46.454: [INFO][Sync] Reset engine, reason: 8
2026-06-19 19:22:46.454: [INFO][Sync] Stopped: Bookmarks
2026-06-19 19:22:46.454: [INFO][Sync] Stopped: Preferences
2026-06-19 19:22:46.455: [INFO][Sync] Stopped: Passwords
2026-06-19 19:22:46.455: [INFO][Sync] Stopped: Autofill Profiles
2026-06-19 19:22:46.455: [INFO][Sync] Stopped: Autofill
2026-06-19 19:22:46.455: [INFO][Sync] Stopped: Extensions
2026-06-19 19:22:46.455: [INFO][Sync] Stopped: Sessions
2026-06-19 19:22:46.455: [INFO][Sync] Stopped: Extension settings
2026-06-19 19:22:46.455: [INFO][Sync] Stopped: History Delete Directives
2026-06-19 19:22:46.455: [INFO][Sync] Stopped: Device Info
2026-06-19 19:22:46.455: [INFO][Sync] Stopped: User Consents
2026-06-19 19:22:46.455: [INFO][Sync] Stopped: Send Tab To Self
2026-06-19 19:22:46.455: [INFO][Sync] Stopped: Web Apps
2026-06-19 19:22:46.455: [INFO][Sync] Stopped: History
2026-06-19 19:22:46.455: [INFO][Sync] Stopped: Saved Tab Group
2026-06-19 19:22:46.455: [INFO][Sync] Stopped: WebAuthn Credentials
2026-06-19 19:22:46.455: [INFO][Sync] Stopped: Edge E Drop
2026-06-19 19:22:46.455: [INFO][Sync] Stopped: Edge Hub App Usage
2026-06-19 19:22:46.455: [INFO][Sync] Stopped: Edge Wallet
2026-06-19 19:22:46.455: [INFO][Sync] Stopped: Edge Workspace
2026-06-19 19:22:46.456: [INFO][Sync] SyncState after authenticated was: NotSignedIn
2026-06-19 19:22:47.124: [INFO][Sync] Reset engine, reason: 8
2026-06-19 19:22:47.124: [INFO][Sync] Stopped: Bookmarks
2026-06-19 19:22:47.125: [INFO][Sync] Stopped: Preferences
2026-06-19 19:22:47.125: [INFO][Sync] Stopped: Passwords
2026-06-19 19:22:47.125: [INFO][Sync] Stopped: Autofill Profiles
2026-06-19 19:22:47.125: [INFO][Sync] Stopped: Autofill
2026-06-19 19:22:47.125: [INFO][Sync] Stopped: Extensions
2026-06-19 19:22:47.125: [INFO][Sync] Stopped: Sessions
2026-06-19 19:22:47.125: [INFO][Sync] Stopped: Extension settings
2026-06-19 19:22:47.125: [INFO][Sync] Stopped: History Delete Directives
2026-06-19 19:22:47.125: [INFO][Sync] Stopped: Device Info
2026-06-19 19:22:47.125: [INFO][Sync] Stopped: User Consents
2026-06-19 19:22:47.125: [INFO][Sync] Stopped: Send Tab To Self
2026-06-19 19:22:47.125: [INFO][Sync] Stopped: Web Apps
2026-06-19 19:22:47.125: [INFO][Sync] Stopped: History
2026-06-19 19:22:47.125: [INFO][Sync] Stopped: Saved Tab Group
2026-06-19 19:22:47.125: [INFO][Sync] Stopped: WebAuthn Credentials
2026-06-19 19:22:47.125: [INFO][Sync] Stopped: Edge E Drop
2026-06-19 19:22:47.125: [INFO][Sync] Stopped: Edge Hub App Usage
2026-06-19 19:22:47.125: [INFO][Sync] Stopped: Edge Wallet
2026-06-19 19:22:47.125: [INFO][Sync] Stopped: Edge Workspace
2026-06-19 19:22:48.901: [INFO][Sync] Reset engine, reason: 0
2026-06-19 19:22:50.358: [INFO][Sync] Reset engine, reason: 8
2026-06-19 19:22:50.358: [INFO][Sync] Stopped: Bookmarks
2026-06-19 19:22:50.358: [INFO][Sync] Stopped: Preferences
2026-06-19 19:22:50.358: [INFO][Sync] Stopped: Passwords
2026-06-19 19:22:50.358: [INFO][Sync] Stopped: Autofill Profiles
2026-06-19 19:22:50.358: [INFO][Sync] Stopped: Autofill
2026-06-19 19:22:50.358: [INFO][Sync] Stopped: Extensions
2026-06-19 19:22:50.358: [INFO][Sync] Stopped: Sessions
2026-06-19 19:22:50.358: [INFO][Sync] Stopped: Extension settings
2026-06-19 19:22:50.358: [INFO][Sync] Stopped: History Delete Directives
2026-06-19 19:22:50.358: [INFO][Sync] Stopped: Device Info
2026-06-19 19:22:50.358: [INFO][Sync] Stopped: User Consents
2026-06-19 19:22:50.358: [INFO][Sync] Stopped: Send Tab To Self
2026-06-19 19:22:50.358: [INFO][Sync] Stopped: Web Apps
2026-06-19 19:22:50.358: [INFO][Sync] Stopped: History
2026-06-19 19:22:50.358: [INFO][Sync] Stopped: Saved Tab Group
2026-06-19 19:22:50.358: [INFO][Sync] Stopped: WebAuthn Credentials
2026-06-19 19:22:50.358: [INFO][Sync] Stopped: Edge E Drop
2026-06-19 19:22:50.358: [INFO][Sync] Stopped: Edge Hub App Usage
2026-06-19 19:22:50.358: [INFO][Sync] Stopped: Edge Wallet
2026-06-19 19:22:50.358: [INFO][Sync] Stopped: Edge Workspace
2026-06-19 19:22:50.358: [INFO][Sync] SyncState after authenticated was: NotSignedIn
2026-06-19 19:22:50.852: [INFO][Sync] Reset engine, reason: 8
2026-06-19 19:22:50.852: [INFO][Sync] Stopped: Bookmarks
2026-06-19 19:22:50.852: [INFO][Sync] Stopped: Preferences
2026-06-19 19:22:50.852: [INFO][Sync] Stopped: Passwords
2026-06-19 19:22:50.852: [INFO][Sync] Stopped: Autofill Profiles
2026-06-19 19:22:50.852: [INFO][Sync] Stopped: Autofill
2026-06-19 19:22:50.852: [INFO][Sync] Stopped: Extensions
2026-06-19 19:22:50.852: [INFO][Sync] Stopped: Sessions
2026-06-19 19:22:50.852: [INFO][Sync] Stopped: Extension settings
2026-06-19 19:22:50.852: [INFO][Sync] Stopped: History Delete Directives
2026-06-19 19:22:50.852: [INFO][Sync] Stopped: Device Info
2026-06-19 19:22:50.852: [INFO][Sync] Stopped: User Consents
2026-06-19 19:22:50.852: [INFO][Sync] Stopped: Send Tab To Self
2026-06-19 19:22:50.852: [INFO][Sync] Stopped: Web Apps
2026-06-19 19:22:50.852: [INFO][Sync] Stopped: History
2026-06-19 19:22:50.852: [INFO][Sync] Stopped: Saved Tab Group
2026-06-19 19:22:50.852: [INFO][Sync] Stopped: WebAuthn Credentials
2026-06-19 19:22:50.852: [INFO][Sync] Stopped: Edge E Drop
2026-06-19 19:22:50.852: [INFO][Sync] Stopped: Edge Hub App Usage
2026-06-19 19:22:50.852: [INFO][Sync] Stopped: Edge Wallet
2026-06-19 19:22:50.852: [INFO][Sync] Stopped: Edge Workspace
2026-06-19 19:23:17.013: [INFO][Sync] Reset engine, reason: 0
2026-06-19 19:44:39.654: [INFO][Sync] Reset engine, reason: 8
2026-06-19 19:44:39.654: [INFO][Sync] Stopped: Bookmarks
2026-06-19 19:44:39.654: [INFO][Sync] Stopped: Preferences
2026-06-19 19:44:39.654: [INFO][Sync] Stopped: Passwords
2026-06-19 19:44:39.654: [INFO][Sync] Stopped: Autofill Profiles
2026-06-19 19:44:39.654: [INFO][Sync] Stopped: Autofill
2026-06-19 19:44:39.654: [INFO][Sync] Stopped: Extensions
2026-06-19 19:44:39.654: [INFO][Sync] Stopped: Sessions
2026-06-19 19:44:39.654: [INFO][Sync] Stopped: Extension settings
2026-06-19 19:44:39.655: [INFO][Sync] Stopped: History Delete Directives
2026-06-19 19:44:39.655: [INFO][Sync] Stopped: Device Info
2026-06-19 19:44:39.655: [INFO][Sync] Stopped: User Consents
2026-06-19 19:44:39.655: [INFO][Sync] Stopped: Send Tab To Self
2026-06-19 19:44:39.655: [INFO][Sync] Stopped: Web Apps
2026-06-19 19:44:39.655: [INFO][Sync] Stopped: History
2026-06-19 19:44:39.655: [INFO][Sync] Stopped: Saved Tab Group
2026-06-19 19:44:39.655: [INFO][Sync] Stopped: WebAuthn Credentials
2026-06-19 19:44:39.655: [INFO][Sync] Stopped: Edge E Drop
2026-06-19 19:44:39.655: [INFO][Sync] Stopped: Edge Hub App Usage
2026-06-19 19:44:39.655: [INFO][Sync] Stopped: Edge Wallet
2026-06-19 19:44:39.655: [INFO][Sync] Stopped: Edge Workspace
2026-06-19 19:44:39.655: [INFO][Sync] SyncState after authenticated was: NotSignedIn
2026-06-19 19:44:40.156: [INFO][Sync] Reset engine, reason: 8
2026-06-19 19:44:40.156: [INFO][Sync] Stopped: Bookmarks
2026-06-19 19:44:40.156: [INFO][Sync] Stopped: Preferences
2026-06-19 19:44:40.156: [INFO][Sync] Stopped: Passwords
2026-06-19 19:44:40.156: [INFO][Sync] Stopped: Autofill Profiles
2026-06-19 19:44:40.156: [INFO][Sync] Stopped: Autofill
2026-06-19 19:44:40.156: [INFO][Sync] Stopped: Extensions
2026-06-19 19:44:40.156: [INFO][Sync] Stopped: Sessions
2026-06-19 19:44:40.156: [INFO][Sync] Stopped: Extension settings
2026-06-19 19:44:40.156: [INFO][Sync] Stopped: History Delete Directives
2026-06-19 19:44:40.156: [INFO][Sync] Stopped: Device Info
2026-06-19 19:44:40.156: [INFO][Sync] Stopped: User Consents
2026-06-19 19:44:40.156: [INFO][Sync] Stopped: Send Tab To Self
2026-06-19 19:44:40.156: [INFO][Sync] Stopped: Web Apps
2026-06-19 19:44:40.156: [INFO][Sync] Stopped: History
2026-06-19 19:44:40.156: [INFO][Sync] Stopped: Saved Tab Group
2026-06-19 19:44:40.156: [INFO][Sync] Stopped: WebAuthn Credentials
2026-06-19 19:44:40.156: [INFO][Sync] Stopped: Edge E Drop
2026-06-19 19:44:40.156: [INFO][Sync] Stopped: Edge Hub App Usage
2026-06-19 19:44:40.156: [INFO][Sync] Stopped: Edge Wallet
2026-06-19 19:44:40.156: [INFO][Sync] Stopped: Edge Workspace
2026-06-20 00:42:45.853: [INFO][Sync] Reset engine, reason: 0
2026-06-20 00:42:48.337: [INFO][Sync] Reset engine, reason: 8
2026-06-20 00:42:48.337: [INFO][Sync] Stopped: Bookmarks
2026-06-20 00:42:48.337: [INFO][Sync] Stopped: Preferences
2026-06-20 00:42:48.338: [INFO][Sync] Stopped: Passwords
2026-06-20 00:42:48.338: [INFO][Sync] Stopped: Autofill Profiles
2026-06-20 00:42:48.338: [INFO][Sync] Stopped: Autofill
2026-06-20 00:42:48.338: [INFO][Sync] Stopped: Extensions
2026-06-20 00:42:48.338: [INFO][Sync] Stopped: Sessions
2026-06-20 00:42:48.338: [INFO][Sync] Stopped: Extension settings
2026-06-20 00:42:48.338: [INFO][Sync] Stopped: History Delete Directives
2026-06-20 00:42:48.338: [INFO][Sync] Stopped: Device Info
2026-06-20 00:42:48.338: [INFO][Sync] Stopped: User Consents
2026-06-20 00:42:48.338: [INFO][Sync] Stopped: Send Tab To Self
2026-06-20 00:42:48.338: [INFO][Sync] Stopped: Web Apps
2026-06-20 00:42:48.338: [INFO][Sync] Stopped: History
2026-06-20 00:42:48.338: [INFO][Sync] Stopped: Saved Tab Group
2026-06-20 00:42:48.338: [INFO][Sync] Stopped: WebAuthn Credentials
2026-06-20 00:42:48.338: [INFO][Sync] Stopped: Edge E Drop
2026-06-20 00:42:48.338: [INFO][Sync] Stopped: Edge Hub App Usage
2026-06-20 00:42:48.338: [INFO][Sync] Stopped: Edge Wallet
2026-06-20 00:42:48.338: [INFO][Sync] Stopped: Edge Workspace
2026-06-20 00:42:48.338: [INFO][Sync] SyncState after authenticated was: NotSignedIn
2026-06-20 11:06:53.992: [INFO][Sync] Reset engine, reason: 8
2026-06-20 11:06:53.992: [INFO][Sync] Stopped: Bookmarks
2026-06-20 11:06:53.992: [INFO][Sync] Stopped: Preferences
2026-06-20 11:06:53.992: [INFO][Sync] Stopped: Passwords
2026-06-20 11:06:53.992: [INFO][Sync] Stopped: Autofill Profiles
2026-06-20 11:06:53.992: [INFO][Sync] Stopped: Autofill
2026-06-20 11:06:53.992: [INFO][Sync] Stopped: Extensions
2026-06-20 11:06:53.992: [INFO][Sync] Stopped: Sessions
2026-06-20 11:06:53.992: [INFO][Sync] Stopped: Extension settings
2026-06-20 11:06:53.992: [INFO][Sync] Stopped: History Delete Directives
2026-06-20 11:06:53.992: [INFO][Sync] Stopped: Device Info
2026-06-20 11:06:53.992: [INFO][Sync] Stopped: User Consents
2026-06-20 11:06:53.993: [INFO][Sync] Stopped: Send Tab To Self
2026-06-20 11:06:53.993: [INFO][Sync] Stopped: Web Apps
2026-06-20 11:06:53.993: [INFO][Sync] Stopped: History
2026-06-20 11:06:53.993: [INFO][Sync] Stopped: Saved Tab Group
2026-06-20 11:06:53.993: [INFO][Sync] Stopped: WebAuthn Credentials
2026-06-20 11:06:53.993: [INFO][Sync] Stopped: Edge E Drop
2026-06-20 11:06:53.993: [INFO][Sync] Stopped: Edge Hub App Usage
2026-06-20 11:06:53.993: [INFO][Sync] Stopped: Edge Wallet
2026-06-20 11:06:53.993: [INFO][Sync] Stopped: Edge Workspace
2026-06-20 11:06:53.993: [INFO][Sync] SyncState after authenticated was: NotSignedIn
2026-06-20 11:06:54.524: [INFO][Sync] Reset engine, reason: 8
2026-06-20 11:06:54.524: [INFO][Sync] Stopped: Bookmarks
2026-06-20 11:06:54.524: [INFO][Sync] Stopped: Preferences
2026-06-20 11:06:54.524: [INFO][Sync] Stopped: Passwords
2026-06-20 11:06:54.524: [INFO][Sync] Stopped: Autofill Profiles
2026-06-20 11:06:54.525: [INFO][Sync] Stopped: Autofill
2026-06-20 11:06:54.525: [INFO][Sync] Stopped: Extensions
2026-06-20 11:06:54.525: [INFO][Sync] Stopped: Sessions
2026-06-20 11:06:54.525: [INFO][Sync] Stopped: Extension settings
2026-06-20 11:06:54.525: [INFO][Sync] Stopped: History Delete Directives
2026-06-20 11:06:54.525: [INFO][Sync] Stopped: Device Info
2026-06-20 11:06:54.525: [INFO][Sync] Stopped: User Consents
2026-06-20 11:06:54.525: [INFO][Sync] Stopped: Send Tab To Self
2026-06-20 11:06:54.525: [INFO][Sync] Stopped: Web Apps
2026-06-20 11:06:54.525: [INFO][Sync] Stopped: History
2026-06-20 11:06:54.525: [INFO][Sync] Stopped: Saved Tab Group
2026-06-20 11:06:54.525: [INFO][Sync] Stopped: WebAuthn Credentials
2026-06-20 11:06:54.525: [INFO][Sync] Stopped: Edge E Drop
2026-06-20 11:06:54.525: [INFO][Sync] Stopped: Edge Hub App Usage
2026-06-20 11:06:54.525: [INFO][Sync] Stopped: Edge Wallet
2026-06-20 11:06:54.525: [INFO][Sync] Stopped: Edge Workspace
2026-06-20 14:16:41.277: [INFO][Sync] Reset engine, reason: 0
2026-06-20 16:56:35.200: [INFO][Sync] Reset engine, reason: 8
2026-06-20 16:56:35.200: [INFO][Sync] Stopped: Bookmarks
2026-06-20 16:56:35.200: [INFO][Sync] Stopped: Preferences
2026-06-20 16:56:35.200: [INFO][Sync] Stopped: Passwords
2026-06-20 16:56:35.200: [INFO][Sync] Stopped: Autofill Profiles
2026-06-20 16:56:35.200: [INFO][Sync] Stopped: Autofill
2026-06-20 16:56:35.200: [INFO][Sync] Stopped: Extensions
2026-06-20 16:56:35.200: [INFO][Sync] Stopped: Sessions
2026-06-20 16:56:35.200: [INFO][Sync] Stopped: Extension settings
2026-06-20 16:56:35.200: [INFO][Sync] Stopped: History Delete Directives
2026-06-20 16:56:35.200: [INFO][Sync] Stopped: Device Info
2026-06-20 16:56:35.200: [INFO][Sync] Stopped: User Consents
2026-06-20 16:56:35.200: [INFO][Sync] Stopped: Send Tab To Self
2026-06-20 16:56:35.200: [INFO][Sync] Stopped: Web Apps
2026-06-20 16:56:35.200: [INFO][Sync] Stopped: History
2026-06-20 16:56:35.200: [INFO][Sync] Stopped: Saved Tab Group
2026-06-20 16:56:35.200: [INFO][Sync] Stopped: WebAuthn Credentials
2026-06-20 16:56:35.200: [INFO][Sync] Stopped: Edge E Drop
2026-06-20 16:56:35.200: [INFO][Sync] Stopped: Edge Hub App Usage
2026-06-20 16:56:35.200: [INFO][Sync] Stopped: Edge Wallet
2026-06-20 16:56:35.200: [INFO][Sync] Stopped: Edge Workspace
2026-06-20 16:56:35.201: [INFO][Sync] SyncState after authenticated was: NotSignedIn
2026-06-20 16:56:35.762: [INFO][Sync] Reset engine, reason: 8
2026-06-20 16:56:35.762: [INFO][Sync] Stopped: Bookmarks
2026-06-20 16:56:35.762: [INFO][Sync] Stopped: Preferences
2026-06-20 16:56:35.762: [INFO][Sync] Stopped: Passwords
2026-06-20 16:56:35.762: [INFO][Sync] Stopped: Autofill Profiles
2026-06-20 16:56:35.762: [INFO][Sync] Stopped: Autofill
2026-06-20 16:56:35.762: [INFO][Sync] Stopped: Extensions
2026-06-20 16:56:35.762: [INFO][Sync] Stopped: Sessions
2026-06-20 16:56:35.762: [INFO][Sync] Stopped: Extension settings
2026-06-20 16:56:35.762: [INFO][Sync] Stopped: History Delete Directives
2026-06-20 16:56:35.762: [INFO][Sync] Stopped: Device Info
2026-06-20 16:56:35.762: [INFO][Sync] Stopped: User Consents
2026-06-20 16:56:35.762: [INFO][Sync] Stopped: Send Tab To Self
2026-06-20 16:56:35.762: [INFO][Sync] Stopped: Web Apps
2026-06-20 16:56:35.763: [INFO][Sync] Stopped: History
2026-06-20 16:56:35.763: [INFO][Sync] Stopped: Saved Tab Group
2026-06-20 16:56:35.763: [INFO][Sync] Stopped: WebAuthn Credentials
2026-06-20 16:56:35.763: [INFO][Sync] Stopped: Edge E Drop
2026-06-20 16:56:35.763: [INFO][Sync] Stopped: Edge Hub App Usage
2026-06-20 16:56:35.763: [INFO][Sync] Stopped: Edge Wallet
2026-06-20 16:56:35.763: [INFO][Sync] Stopped: Edge Workspace
2026-06-21 07:21:11.537: [INFO][Sync] Reset engine, reason: 0
2026-06-21 07:21:12.959: [INFO][Sync] Reset engine, reason: 8
2026-06-21 07:21:12.959: [INFO][Sync] Stopped: Bookmarks
2026-06-21 07:21:12.959: [INFO][Sync] Stopped: Preferences
2026-06-21 07:21:12.959: [INFO][Sync] Stopped: Passwords
2026-06-21 07:21:12.959: [INFO][Sync] Stopped: Autofill Profiles
2026-06-21 07:21:12.959: [INFO][Sync] Stopped: Autofill
2026-06-21 07:21:12.959: [INFO][Sync] Stopped: Extensions
2026-06-21 07:21:12.959: [INFO][Sync] Stopped: Sessions
2026-06-21 07:21:12.959: [INFO][Sync] Stopped: Extension settings
2026-06-21 07:21:12.959: [INFO][Sync] Stopped: History Delete Directives
2026-06-21 07:21:12.959: [INFO][Sync] Stopped: Device Info
2026-06-21 07:21:12.959: [INFO][Sync] Stopped: User Consents
2026-06-21 07:21:12.959: [INFO][Sync] Stopped: Send Tab To Self
2026-06-21 07:21:12.959: [INFO][Sync] Stopped: Web Apps
2026-06-21 07:21:12.959: [INFO][Sync] Stopped: History
2026-06-21 07:21:12.959: [INFO][Sync] Stopped: Saved Tab Group
2026-06-21 07:21:12.959: [INFO][Sync] Stopped: WebAuthn Credentials
2026-06-21 07:21:12.959: [INFO][Sync] Stopped: Edge E Drop
2026-06-21 07:21:12.959: [INFO][Sync] Stopped: Edge Hub App Usage
2026-06-21 07:21:12.959: [INFO][Sync] Stopped: Edge Wallet
2026-06-21 07:21:12.959: [INFO][Sync] Stopped: Edge Workspace
2026-06-21 07:21:12.959: [INFO][Sync] SyncState after authenticated was: NotSignedIn
2026-06-21 07:21:13.606: [INFO][Sync] Reset engine, reason: 8
2026-06-21 07:21:13.606: [INFO][Sync] Stopped: Bookmarks
2026-06-21 07:21:13.606: [INFO][Sync] Stopped: Preferences
2026-06-21 07:21:13.606: [INFO][Sync] Stopped: Passwords
2026-06-21 07:21:13.606: [INFO][Sync] Stopped: Autofill Profiles
2026-06-21 07:21:13.606: [INFO][Sync] Stopped: Autofill
2026-06-21 07:21:13.606: [INFO][Sync] Stopped: Extensions
2026-06-21 07:21:13.606: [INFO][Sync] Stopped: Sessions
2026-06-21 07:21:13.606: [INFO][Sync] Stopped: Extension settings
2026-06-21 07:21:13.606: [INFO][Sync] Stopped: History Delete Directives
2026-06-21 07:21:13.606: [INFO][Sync] Stopped: Device Info
2026-06-21 07:21:13.607: [INFO][Sync] Stopped: User Consents
2026-06-21 07:21:13.607: [INFO][Sync] Stopped: Send Tab To Self
2026-06-21 07:21:13.607: [INFO][Sync] Stopped: Web Apps
2026-06-21 07:21:13.607: [INFO][Sync] Stopped: History
2026-06-21 07:21:13.607: [INFO][Sync] Stopped: Saved Tab Group
2026-06-21 07:21:13.607: [INFO][Sync] Stopped: WebAuthn Credentials
2026-06-21 07:21:13.607: [INFO][Sync] Stopped: Edge E Drop
2026-06-21 07:21:13.607: [INFO][Sync] Stopped: Edge Hub App Usage
2026-06-21 07:21:13.607: [INFO][Sync] Stopped: Edge Wallet
2026-06-21 07:21:13.607: [INFO][Sync] Stopped: Edge Workspace
2026-06-21 11:14:55.382: [INFO][Sync] Reset engine, reason: 0
2026-06-23 10:44:36.605: [INFO][Sync] Reset engine, reason: 8
2026-06-23 10:44:36.605: [INFO][Sync] Stopped: Bookmarks
2026-06-23 10:44:36.605: [INFO][Sync] Stopped: Preferences
2026-06-23 10:44:36.605: [INFO][Sync] Stopped: Passwords
2026-06-23 10:44:36.605: [INFO][Sync] Stopped: Autofill Profiles
2026-06-23 10:44:36.605: [INFO][Sync] Stopped: Autofill
2026-06-23 10:44:36.605: [INFO][Sync] Stopped: Extensions
2026-06-23 10:44:36.605: [INFO][Sync] Stopped: Sessions
2026-06-23 10:44:36.605: [INFO][Sync] Stopped: Extension settings
2026-06-23 10:44:36.605: [INFO][Sync] Stopped: History Delete Directives
2026-06-23 10:44:36.605: [INFO][Sync] Stopped: Device Info
2026-06-23 10:44:36.605: [INFO][Sync] Stopped: User Consents
2026-06-23 10:44:36.605: [INFO][Sync] Stopped: Send Tab To Self
2026-06-23 10:44:36.605: [INFO][Sync] Stopped: Web Apps
2026-06-23 10:44:36.605: [INFO][Sync] Stopped: History
2026-06-23 10:44:36.605: [INFO][Sync] Stopped: Saved Tab Group
2026-06-23 10:44:36.605: [INFO][Sync] Stopped: WebAuthn Credentials
2026-06-23 10:44:36.605: [INFO][Sync] Stopped: Edge E Drop
2026-06-23 10:44:36.605: [INFO][Sync] Stopped: Edge Hub App Usage
2026-06-23 10:44:36.605: [INFO][Sync] Stopped: Edge Wallet
2026-06-23 10:44:36.605: [INFO][Sync] Stopped: Edge Workspace
2026-06-23 10:44:36.605: [INFO][Sync] SyncState after authenticated was: NotSignedIn
2026-06-23 10:44:37.146: [INFO][Sync] Reset engine, reason: 8
2026-06-23 10:44:37.146: [INFO][Sync] Stopped: Bookmarks
2026-06-23 10:44:37.146: [INFO][Sync] Stopped: Preferences
2026-06-23 10:44:37.146: [INFO][Sync] Stopped: Passwords
2026-06-23 10:44:37.146: [INFO][Sync] Stopped: Autofill Profiles
2026-06-23 10:44:37.146: [INFO][Sync] Stopped: Autofill
2026-06-23 10:44:37.146: [INFO][Sync] Stopped: Extensions
2026-06-23 10:44:37.146: [INFO][Sync] Stopped: Sessions
2026-06-23 10:44:37.146: [INFO][Sync] Stopped: Extension settings
2026-06-23 10:44:37.146: [INFO][Sync] Stopped: History Delete Directives
2026-06-23 10:44:37.146: [INFO][Sync] Stopped: Device Info
2026-06-23 10:44:37.146: [INFO][Sync] Stopped: User Consents
2026-06-23 10:44:37.146: [INFO][Sync] Stopped: Send Tab To Self
2026-06-23 10:44:37.146: [INFO][Sync] Stopped: Web Apps
2026-06-23 10:44:37.146: [INFO][Sync] Stopped: History
2026-06-23 10:44:37.146: [INFO][Sync] Stopped: Saved Tab Group
2026-06-23 10:44:37.146: [INFO][Sync] Stopped: WebAuthn Credentials
2026-06-23 10:44:37.146: [INFO][Sync] Stopped: Edge E Drop
2026-06-23 10:44:37.146: [INFO][Sync] Stopped: Edge Hub App Usage
2026-06-23 10:44:37.146: [INFO][Sync] Stopped: Edge Wallet
2026-06-23 10:44:37.146: [INFO][Sync] Stopped: Edge Workspace
2026-06-23 10:44:38.336: [INFO][Sync] Reset engine, reason: 0
2026-06-24 17:16:46.936: [INFO][Sync] Reset engine, reason: 8
2026-06-24 17:16:46.936: [INFO][Sync] Stopped: Bookmarks
2026-06-24 17:16:46.936: [INFO][Sync] Stopped: Preferences
2026-06-24 17:16:46.936: [INFO][Sync] Stopped: Passwords
2026-06-24 17:16:46.936: [INFO][Sync] Stopped: Autofill Profiles
2026-06-24 17:16:46.936: [INFO][Sync] Stopped: Autofill
2026-06-24 17:16:46.936: [INFO][Sync] Stopped: Extensions
2026-06-24 17:16:46.936: [INFO][Sync] Stopped: Sessions
2026-06-24 17:16:46.937: [INFO][Sync] Stopped: Extension settings
2026-06-24 17:16:46.937: [INFO][Sync] Stopped: History Delete Directives
2026-06-24 17:16:46.937: [INFO][Sync] Stopped: Device Info
2026-06-24 17:16:46.937: [INFO][Sync] Stopped: User Consents
2026-06-24 17:16:46.937: [INFO][Sync] Stopped: Send Tab To Self
2026-06-24 17:16:46.937: [INFO][Sync] Stopped: Web Apps
2026-06-24 17:16:46.937: [INFO][Sync] Stopped: History
2026-06-24 17:16:46.937: [INFO][Sync] Stopped: Saved Tab Group
2026-06-24 17:16:46.937: [INFO][Sync] Stopped: WebAuthn Credentials
2026-06-24 17:16:46.937: [INFO][Sync] Stopped: Edge E Drop
2026-06-24 17:16:46.937: [INFO][Sync] Stopped: Edge Hub App Usage
2026-06-24 17:16:46.937: [INFO][Sync] Stopped: Edge Wallet
2026-06-24 17:16:46.937: [INFO][Sync] Stopped: Edge Workspace
2026-06-24 17:16:46.937: [INFO][Sync] SyncState after authenticated was: NotSignedIn
2026-06-24 17:16:47.596: [INFO][Sync] Reset engine, reason: 8
2026-06-24 17:16:47.596: [INFO][Sync] Stopped: Bookmarks
2026-06-24 17:16:47.596: [INFO][Sync] Stopped: Preferences
2026-06-24 17:16:47.596: [INFO][Sync] Stopped: Passwords
2026-06-24 17:16:47.596: [INFO][Sync] Stopped: Autofill Profiles
2026-06-24 17:16:47.596: [INFO][Sync] Stopped: Autofill
2026-06-24 17:16:47.596: [INFO][Sync] Stopped: Extensions
2026-06-24 17:16:47.596: [INFO][Sync] Stopped: Sessions
2026-06-24 17:16:47.596: [INFO][Sync] Stopped: Extension settings
2026-06-24 17:16:47.596: [INFO][Sync] Stopped: History Delete Directives
2026-06-24 17:16:47.596: [INFO][Sync] Stopped: Device Info
2026-06-24 17:16:47.596: [INFO][Sync] Stopped: User Consents
2026-06-24 17:16:47.596: [INFO][Sync] Stopped: Send Tab To Self
2026-06-24 17:16:47.596: [INFO][Sync] Stopped: Web Apps
2026-06-24 17:16:47.596: [INFO][Sync] Stopped: History
2026-06-24 17:16:47.596: [INFO][Sync] Stopped: Saved Tab Group
2026-06-24 17:16:47.596: [INFO][Sync] Stopped: WebAuthn Credentials
2026-06-24 17:16:47.596: [INFO][Sync] Stopped: Edge E Drop
2026-06-24 17:16:47.596: [INFO][Sync] Stopped: Edge Hub App Usage
2026-06-24 17:16:47.596: [INFO][Sync] Stopped: Edge Wallet
2026-06-24 17:16:47.596: [INFO][Sync] Stopped: Edge Workspace
2026-06-24 17:35:44.230: [INFO][Sync] Reset engine, reason: 0
2026-06-24 17:35:45.425: [INFO][Sync] Reset engine, reason: 8
2026-06-24 17:35:45.425: [INFO][Sync] Stopped: Bookmarks
2026-06-24 17:35:45.425: [INFO][Sync] Stopped: Preferences
2026-06-24 17:35:45.425: [INFO][Sync] Stopped: Passwords
2026-06-24 17:35:45.425: [INFO][Sync] Stopped: Autofill Profiles
2026-06-24 17:35:45.425: [INFO][Sync] Stopped: Autofill
2026-06-24 17:35:45.425: [INFO][Sync] Stopped: Extensions
2026-06-24 17:35:45.425: [INFO][Sync] Stopped: Sessions
2026-06-24 17:35:45.425: [INFO][Sync] Stopped: Extension settings
2026-06-24 17:35:45.425: [INFO][Sync] Stopped: History Delete Directives
2026-06-24 17:35:45.425: [INFO][Sync] Stopped: Device Info
2026-06-24 17:35:45.425: [INFO][Sync] Stopped: User Consents
2026-06-24 17:35:45.425: [INFO][Sync] Stopped: Send Tab To Self
2026-06-24 17:35:45.425: [INFO][Sync] Stopped: Web Apps
2026-06-24 17:35:45.425: [INFO][Sync] Stopped: History
2026-06-24 17:35:45.425: [INFO][Sync] Stopped: Saved Tab Group
2026-06-24 17:35:45.425: [INFO][Sync] Stopped: WebAuthn Credentials
2026-06-24 17:35:45.425: [INFO][Sync] Stopped: Edge E Drop
2026-06-24 17:35:45.425: [INFO][Sync] Stopped: Edge Hub App Usage
2026-06-24 17:35:45.425: [INFO][Sync] Stopped: Edge Wallet
2026-06-24 17:35:45.425: [INFO][Sync] Stopped: Edge Workspace
2026-06-24 17:35:45.425: [INFO][Sync] SyncState after authenticated was: NotSignedIn
2026-06-24 21:54:02.216: [INFO][Sync] Reset engine, reason: 8
2026-06-24 21:54:02.216: [INFO][Sync] Stopped: Bookmarks
2026-06-24 21:54:02.216: [INFO][Sync] Stopped: Preferences
2026-06-24 21:54:02.216: [INFO][Sync] Stopped: Passwords
2026-06-24 21:54:02.216: [INFO][Sync] Stopped: Autofill Profiles
2026-06-24 21:54:02.216: [INFO][Sync] Stopped: Autofill
2026-06-24 21:54:02.216: [INFO][Sync] Stopped: Extensions
2026-06-24 21:54:02.216: [INFO][Sync] Stopped: Sessions
2026-06-24 21:54:02.216: [INFO][Sync] Stopped: Extension settings
2026-06-24 21:54:02.216: [INFO][Sync] Stopped: History Delete Directives
2026-06-24 21:54:02.216: [INFO][Sync] Stopped: Device Info
2026-06-24 21:54:02.216: [INFO][Sync] Stopped: User Consents
2026-06-24 21:54:02.216: [INFO][Sync] Stopped: Send Tab To Self
2026-06-24 21:54:02.216: [INFO][Sync] Stopped: Web Apps
2026-06-24 21:54:02.216: [INFO][Sync] Stopped: History
2026-06-24 21:54:02.216: [INFO][Sync] Stopped: Saved Tab Group
2026-06-24 21:54:02.216: [INFO][Sync] Stopped: WebAuthn Credentials
2026-06-24 21:54:02.216: [INFO][Sync] Stopped: Edge E Drop
2026-06-24 21:54:02.216: [INFO][Sync] Stopped: Edge Hub App Usage
2026-06-24 21:54:02.216: [INFO][Sync] Stopped: Edge Wallet
2026-06-24 21:54:02.216: [INFO][Sync] Stopped: Edge Workspace
2026-06-24 21:54:02.217: [INFO][Sync] SyncState after authenticated was: NotSignedIn
2026-06-24 21:54:02.860: [INFO][Sync] Reset engine, reason: 8
2026-06-24 21:54:02.860: [INFO][Sync] Stopped: Bookmarks
2026-06-24 21:54:02.860: [INFO][Sync] Stopped: Preferences
2026-06-24 21:54:02.860: [INFO][Sync] Stopped: Passwords
2026-06-24 21:54:02.860: [INFO][Sync] Stopped: Autofill Profiles
2026-06-24 21:54:02.860: [INFO][Sync] Stopped: Autofill
2026-06-24 21:54:02.860: [INFO][Sync] Stopped: Extensions
2026-06-24 21:54:02.860: [INFO][Sync] Stopped: Sessions
2026-06-24 21:54:02.860: [INFO][Sync] Stopped: Extension settings
2026-06-24 21:54:02.860: [INFO][Sync] Stopped: History Delete Directives
2026-06-24 21:54:02.860: [INFO][Sync] Stopped: Device Info
2026-06-24 21:54:02.860: [INFO][Sync] Stopped: User Consents
2026-06-24 21:54:02.860: [INFO][Sync] Stopped: Send Tab To Self
2026-06-24 21:54:02.860: [INFO][Sync] Stopped: Web Apps
2026-06-24 21:54:02.860: [INFO][Sync] Stopped: History
2026-06-24 21:54:02.860: [INFO][Sync] Stopped: Saved Tab Group
2026-06-24 21:54:02.860: [INFO][Sync] Stopped: WebAuthn Credentials
2026-06-24 21:54:02.860: [INFO][Sync] Stopped: Edge E Drop
2026-06-24 21:54:02.860: [INFO][Sync] Stopped: Edge Hub App Usage
2026-06-24 21:54:02.860: [INFO][Sync] Stopped: Edge Wallet
2026-06-24 21:54:02.860: [INFO][Sync] Stopped: Edge Workspace
2026-06-24 22:20:14.612: [INFO][Sync] Reset engine, reason: 0
2026-06-24 22:20:15.496: [INFO][Sync] Reset engine, reason: 8
2026-06-24 22:20:15.496: [INFO][Sync] Stopped: Bookmarks
2026-06-24 22:20:15.496: [INFO][Sync] Stopped: Preferences
2026-06-24 22:20:15.496: [INFO][Sync] Stopped: Passwords
2026-06-24 22:20:15.496: [INFO][Sync] Stopped: Autofill Profiles
2026-06-24 22:20:15.496: [INFO][Sync] Stopped: Autofill
2026-06-24 22:20:15.496: [INFO][Sync] Stopped: Extensions
2026-06-24 22:20:15.496: [INFO][Sync] Stopped: Sessions
2026-06-24 22:20:15.496: [INFO][Sync] Stopped: Extension settings
2026-06-24 22:20:15.496: [INFO][Sync] Stopped: History Delete Directives
2026-06-24 22:20:15.496: [INFO][Sync] Stopped: Device Info
2026-06-24 22:20:15.496: [INFO][Sync] Stopped: User Consents
2026-06-24 22:20:15.496: [INFO][Sync] Stopped: Send Tab To Self
2026-06-24 22:20:15.496: [INFO][Sync] Stopped: Web Apps
2026-06-24 22:20:15.496: [INFO][Sync] Stopped: History
2026-06-24 22:20:15.496: [INFO][Sync] Stopped: Saved Tab Group
2026-06-24 22:20:15.496: [INFO][Sync] Stopped: WebAuthn Credentials
2026-06-24 22:20:15.496: [INFO][Sync] Stopped: Edge E Drop
2026-06-24 22:20:15.496: [INFO][Sync] Stopped: Edge Hub App Usage
2026-06-24 22:20:15.496: [INFO][Sync] Stopped: Edge Wallet
2026-06-24 22:20:15.496: [INFO][Sync] Stopped: Edge Workspace
2026-06-24 22:20:15.496: [INFO][Sync] SyncState after authenticated was: NotSignedIn
2026-06-24 22:20:16.138: [INFO][Sync] Reset engine, reason: 8
2026-06-24 22:20:16.138: [INFO][Sync] Stopped: Bookmarks
2026-06-24 22:20:16.138: [INFO][Sync] Stopped: Preferences
2026-06-24 22:20:16.139: [INFO][Sync] Stopped: Passwords
2026-06-24 22:20:16.139: [INFO][Sync] Stopped: Autofill Profiles
2026-06-24 22:20:16.139: [INFO][Sync] Stopped: Autofill
2026-06-24 22:20:16.139: [INFO][Sync] Stopped: Extensions
2026-06-24 22:20:16.139: [INFO][Sync] Stopped: Sessions
2026-06-24 22:20:16.139: [INFO][Sync] Stopped: Extension settings
2026-06-24 22:20:16.139: [INFO][Sync] Stopped: History Delete Directives
2026-06-24 22:20:16.139: [INFO][Sync] Stopped: Device Info
2026-06-24 22:20:16.139: [INFO][Sync] Stopped: User Consents
2026-06-24 22:20:16.139: [INFO][Sync] Stopped: Send Tab To Self
2026-06-24 22:20:16.139: [INFO][Sync] Stopped: Web Apps
2026-06-24 22:20:16.139: [INFO][Sync] Stopped: History
2026-06-24 22:20:16.139: [INFO][Sync] Stopped: Saved Tab Group
2026-06-24 22:20:16.139: [INFO][Sync] Stopped: WebAuthn Credentials
2026-06-24 22:20:16.139: [INFO][Sync] Stopped: Edge E Drop
2026-06-24 22:20:16.139: [INFO][Sync] Stopped: Edge Hub App Usage
2026-06-24 22:20:16.139: [INFO][Sync] Stopped: Edge Wallet
2026-06-24 22:20:16.139: [INFO][Sync] Stopped: Edge Workspace
2026-06-25 00:45:16.445: [INFO][Sync] Reset engine, reason: 0
2026-06-26 19:14:24.284: [INFO][Sync] Reset engine, reason: 8
2026-06-26 19:14:24.284: [INFO][Sync] Stopped: Bookmarks
2026-06-26 19:14:24.284: [INFO][Sync] Stopped: Preferences
2026-06-26 19:14:24.284: [INFO][Sync] Stopped: Passwords
2026-06-26 19:14:24.284: [INFO][Sync] Stopped: Autofill Profiles
2026-06-26 19:14:24.284: [INFO][Sync] Stopped: Autofill
2026-06-26 19:14:24.284: [INFO][Sync] Stopped: Extensions
2026-06-26 19:14:24.284: [INFO][Sync] Stopped: Sessions
2026-06-26 19:14:24.284: [INFO][Sync] Stopped: Extension settings
2026-06-26 19:14:24.284: [INFO][Sync] Stopped: History Delete Directives
2026-06-26 19:14:24.284: [INFO][Sync] Stopped: Device Info
2026-06-26 19:14:24.284: [INFO][Sync] Stopped: User Consents
2026-06-26 19:14:24.284: [INFO][Sync] Stopped: Send Tab To Self
2026-06-26 19:14:24.284: [INFO][Sync] Stopped: Web Apps
2026-06-26 19:14:24.284: [INFO][Sync] Stopped: History
2026-06-26 19:14:24.284: [INFO][Sync] Stopped: Saved Tab Group
2026-06-26 19:14:24.284: [INFO][Sync] Stopped: WebAuthn Credentials
2026-06-26 19:14:24.284: [INFO][Sync] Stopped: Edge E Drop
2026-06-26 19:14:24.284: [INFO][Sync] Stopped: Edge Hub App Usage
2026-06-26 19:14:24.284: [INFO][Sync] Stopped: Edge Wallet
2026-06-26 19:14:24.284: [INFO][Sync] Stopped: Edge Workspace
2026-06-26 19:14:24.285: [INFO][Sync] SyncState after authenticated was: NotSignedIn
2026-06-26 19:14:25.490: [INFO][Sync] Reset engine, reason: 8
2026-06-26 19:14:25.490: [INFO][Sync] Stopped: Bookmarks
2026-06-26 19:14:25.490: [INFO][Sync] Stopped: Preferences
2026-06-26 19:14:25.490: [INFO][Sync] Stopped: Passwords
2026-06-26 19:14:25.490: [INFO][Sync] Stopped: Autofill Profiles
2026-06-26 19:14:25.490: [INFO][Sync] Stopped: Autofill
2026-06-26 19:14:25.490: [INFO][Sync] Stopped: Extensions
2026-06-26 19:14:25.490: [INFO][Sync] Stopped: Sessions
2026-06-26 19:14:25.490: [INFO][Sync] Stopped: Extension settings
2026-06-26 19:14:25.490: [INFO][Sync] Stopped: History Delete Directives
2026-06-26 19:14:25.490: [INFO][Sync] Stopped: Device Info
2026-06-26 19:14:25.490: [INFO][Sync] Stopped: User Consents
2026-06-26 19:14:25.490: [INFO][Sync] Stopped: Send Tab To Self
2026-06-26 19:14:25.490: [INFO][Sync] Stopped: Web Apps
2026-06-26 19:14:25.490: [INFO][Sync] Stopped: History
2026-06-26 19:14:25.490: [INFO][Sync] Stopped: Saved Tab Group
2026-06-26 19:14:25.490: [INFO][Sync] Stopped: WebAuthn Credentials
2026-06-26 19:14:25.490: [INFO][Sync] Stopped: Edge E Drop
2026-06-26 19:14:25.490: [INFO][Sync] Stopped: Edge Hub App Usage
2026-06-26 19:14:25.490: [INFO][Sync] Stopped: Edge Wallet
2026-06-26 19:14:25.490: [INFO][Sync] Stopped: Edge Workspace
2026-06-26 21:52:00.849: [INFO][Sync] Reset engine, reason: 0
2026-06-26 21:52:02.543: [INFO][Sync] Reset engine, reason: 8
2026-06-26 21:52:02.543: [INFO][Sync] Stopped: Bookmarks
2026-06-26 21:52:02.543: [INFO][Sync] Stopped: Preferences
2026-06-26 21:52:02.544: [INFO][Sync] Stopped: Passwords
2026-06-26 21:52:02.544: [INFO][Sync] Stopped: Autofill Profiles
2026-06-26 21:52:02.544: [INFO][Sync] Stopped: Autofill
2026-06-26 21:52:02.544: [INFO][Sync] Stopped: Extensions
2026-06-26 21:52:02.544: [INFO][Sync] Stopped: Sessions
2026-06-26 21:52:02.544: [INFO][Sync] Stopped: Extension settings
2026-06-26 21:52:02.544: [INFO][Sync] Stopped: History Delete Directives
2026-06-26 21:52:02.544: [INFO][Sync] Stopped: Device Info
2026-06-26 21:52:02.544: [INFO][Sync] Stopped: User Consents
2026-06-26 21:52:02.544: [INFO][Sync] Stopped: Send Tab To Self
2026-06-26 21:52:02.544: [INFO][Sync] Stopped: Web Apps
2026-06-26 21:52:02.544: [INFO][Sync] Stopped: History
2026-06-26 21:52:02.544: [INFO][Sync] Stopped: Saved Tab Group
2026-06-26 21:52:02.544: [INFO][Sync] Stopped: WebAuthn Credentials
2026-06-26 21:52:02.544: [INFO][Sync] Stopped: Edge E Drop
2026-06-26 21:52:02.544: [INFO][Sync] Stopped: Edge Hub App Usage
2026-06-26 21:52:02.544: [INFO][Sync] Stopped: Edge Wallet
2026-06-26 21:52:02.544: [INFO][Sync] Stopped: Edge Workspace
2026-06-26 21:52:02.544: [INFO][Sync] SyncState after authenticated was: NotSignedIn
2026-06-26 21:52:03.266: [INFO][Sync] Reset engine, reason: 8
2026-06-26 21:52:03.266: [INFO][Sync] Stopped: Bookmarks
2026-06-26 21:52:03.266: [INFO][Sync] Stopped: Preferences
2026-06-26 21:52:03.266: [INFO][Sync] Stopped: Passwords
2026-06-26 21:52:03.266: [INFO][Sync] Stopped: Autofill Profiles
2026-06-26 21:52:03.266: [INFO][Sync] Stopped: Autofill
2026-06-26 21:52:03.266: [INFO][Sync] Stopped: Extensions
2026-06-26 21:52:03.266: [INFO][Sync] Stopped: Sessions
2026-06-26 21:52:03.266: [INFO][Sync] Stopped: Extension settings
2026-06-26 21:52:03.266: [INFO][Sync] Stopped: History Delete Directives
2026-06-26 21:52:03.266: [INFO][Sync] Stopped: Device Info
2026-06-26 21:52:03.266: [INFO][Sync] Stopped: User Consents
2026-06-26 21:52:03.266: [INFO][Sync] Stopped: Send Tab To Self
2026-06-26 21:52:03.266: [INFO][Sync] Stopped: Web Apps
2026-06-26 21:52:03.266: [INFO][Sync] Stopped: History
2026-06-26 21:52:03.266: [INFO][Sync] Stopped: Saved Tab Group
2026-06-26 21:52:03.266: [INFO][Sync] Stopped: WebAuthn Credentials
2026-06-26 21:52:03.266: [INFO][Sync] Stopped: Edge E Drop
2026-06-26 21:52:03.266: [INFO][Sync] Stopped: Edge Hub App Usage
2026-06-26 21:52:03.266: [INFO][Sync] Stopped: Edge Wallet
2026-06-26 21:52:03.266: [INFO][Sync] Stopped: Edge Workspace
2026-06-26 23:00:50.731: [INFO][Sync] Reset engine, reason: 0
2026-06-26 23:00:51.599: [INFO][Sync] Reset engine, reason: 8
2026-06-26 23:00:51.599: [INFO][Sync] Stopped: Bookmarks
2026-06-26 23:00:51.599: [INFO][Sync] Stopped: Preferences
2026-06-26 23:00:51.599: [INFO][Sync] Stopped: Passwords
2026-06-26 23:00:51.599: [INFO][Sync] Stopped: Autofill Profiles
2026-06-26 23:00:51.599: [INFO][Sync] Stopped: Autofill
2026-06-26 23:00:51.599: [INFO][Sync] Stopped: Extensions
2026-06-26 23:00:51.599: [INFO][Sync] Stopped: Sessions
2026-06-26 23:00:51.599: [INFO][Sync] Stopped: Extension settings
2026-06-26 23:00:51.599: [INFO][Sync] Stopped: History Delete Directives
2026-06-26 23:00:51.599: [INFO][Sync] Stopped: Device Info
2026-06-26 23:00:51.599: [INFO][Sync] Stopped: User Consents
2026-06-26 23:00:51.599: [INFO][Sync] Stopped: Send Tab To Self
2026-06-26 23:00:51.599: [INFO][Sync] Stopped: Web Apps
2026-06-26 23:00:51.599: [INFO][Sync] Stopped: History
2026-06-26 23:00:51.599: [INFO][Sync] Stopped: Saved Tab Group
2026-06-26 23:00:51.599: [INFO][Sync] Stopped: WebAuthn Credentials
2026-06-26 23:00:51.599: [INFO][Sync] Stopped: Edge E Drop
2026-06-26 23:00:51.599: [INFO][Sync] Stopped: Edge Hub App Usage
2026-06-26 23:00:51.599: [INFO][Sync] Stopped: Edge Wallet
2026-06-26 23:00:51.599: [INFO][Sync] Stopped: Edge Workspace
2026-06-26 23:00:51.599: [INFO][Sync] SyncState after authenticated was: NotSignedIn
2026-06-26 23:00:52.175: [INFO][Sync] Reset engine, reason: 8
2026-06-26 23:00:52.175: [INFO][Sync] Stopped: Bookmarks
2026-06-26 23:00:52.175: [INFO][Sync] Stopped: Preferences
2026-06-26 23:00:52.175: [INFO][Sync] Stopped: Passwords
2026-06-26 23:00:52.175: [INFO][Sync] Stopped: Autofill Profiles
2026-06-26 23:00:52.175: [INFO][Sync] Stopped: Autofill
2026-06-26 23:00:52.175: [INFO][Sync] Stopped: Extensions
2026-06-26 23:00:52.175: [INFO][Sync] Stopped: Sessions
2026-06-26 23:00:52.175: [INFO][Sync] Stopped: Extension settings
2026-06-26 23:00:52.175: [INFO][Sync] Stopped: History Delete Directives
2026-06-26 23:00:52.175: [INFO][Sync] Stopped: Device Info
2026-06-26 23:00:52.175: [INFO][Sync] Stopped: User Consents
2026-06-26 23:00:52.175: [INFO][Sync] Stopped: Send Tab To Self
2026-06-26 23:00:52.175: [INFO][Sync] Stopped: Web Apps
2026-06-26 23:00:52.175: [INFO][Sync] Stopped: History
2026-06-26 23:00:52.175: [INFO][Sync] Stopped: Saved Tab Group
2026-06-26 23:00:52.175: [INFO][Sync] Stopped: WebAuthn Credentials
2026-06-26 23:00:52.175: [INFO][Sync] Stopped: Edge E Drop
2026-06-26 23:00:52.175: [INFO][Sync] Stopped: Edge Hub App Usage
2026-06-26 23:00:52.175: [INFO][Sync] Stopped: Edge Wallet
2026-06-26 23:00:52.175: [INFO][Sync] Stopped: Edge Workspace
2026-06-27 08:25:03.955: [INFO][Sync] Reset engine, reason: 0
2026-06-29 03:04:51.310: [INFO][Sync] Reset engine, reason: 8
2026-06-29 03:04:51.310: [INFO][Sync] Stopped: Bookmarks
2026-06-29 03:04:51.310: [INFO][Sync] Stopped: Preferences
2026-06-29 03:04:51.310: [INFO][Sync] Stopped: Passwords
2026-06-29 03:04:51.310: [INFO][Sync] Stopped: Autofill Profiles
2026-06-29 03:04:51.310: [INFO][Sync] Stopped: Autofill
2026-06-29 03:04:51.310: [INFO][Sync] Stopped: Extensions
2026-06-29 03:04:51.310: [INFO][Sync] Stopped: Sessions
2026-06-29 03:04:51.310: [INFO][Sync] Stopped: Extension settings
2026-06-29 03:04:51.310: [INFO][Sync] Stopped: History Delete Directives
2026-06-29 03:04:51.310: [INFO][Sync] Stopped: Device Info
2026-06-29 03:04:51.310: [INFO][Sync] Stopped: User Consents
2026-06-29 03:04:51.310: [INFO][Sync] Stopped: Send Tab To Self
2026-06-29 03:04:51.310: [INFO][Sync] Stopped: Web Apps
2026-06-29 03:04:51.310: [INFO][Sync] Stopped: History
2026-06-29 03:04:51.310: [INFO][Sync] Stopped: Saved Tab Group
2026-06-29 03:04:51.310: [INFO][Sync] Stopped: WebAuthn Credentials
2026-06-29 03:04:51.310: [INFO][Sync] Stopped: Edge E Drop
2026-06-29 03:04:51.310: [INFO][Sync] Stopped: Edge Hub App Usage
2026-06-29 03:04:51.310: [INFO][Sync] Stopped: Edge Wallet
2026-06-29 03:04:51.310: [INFO][Sync] Stopped: Edge Workspace
2026-06-29 03:04:51.310: [INFO][Sync] SyncState after authenticated was: NotSignedIn
2026-06-29 03:04:51.840: [INFO][Sync] Reset engine, reason: 8
2026-06-29 03:04:51.840: [INFO][Sync] Stopped: Bookmarks
2026-06-29 03:04:51.840: [INFO][Sync] Stopped: Preferences
2026-06-29 03:04:51.840: [INFO][Sync] Stopped: Passwords
2026-06-29 03:04:51.840: [INFO][Sync] Stopped: Autofill Profiles
2026-06-29 03:04:51.840: [INFO][Sync] Stopped: Autofill
2026-06-29 03:04:51.840: [INFO][Sync] Stopped: Extensions
2026-06-29 03:04:51.840: [INFO][Sync] Stopped: Sessions
2026-06-29 03:04:51.840: [INFO][Sync] Stopped: Extension settings
2026-06-29 03:04:51.840: [INFO][Sync] Stopped: History Delete Directives
2026-06-29 03:04:51.840: [INFO][Sync] Stopped: Device Info
2026-06-29 03:04:51.840: [INFO][Sync] Stopped: User Consents
2026-06-29 03:04:51.840: [INFO][Sync] Stopped: Send Tab To Self
2026-06-29 03:04:51.840: [INFO][Sync] Stopped: Web Apps
2026-06-29 03:04:51.840: [INFO][Sync] Stopped: History
2026-06-29 03:04:51.840: [INFO][Sync] Stopped: Saved Tab Group
2026-06-29 03:04:51.840: [INFO][Sync] Stopped: WebAuthn Credentials
2026-06-29 03:04:51.840: [INFO][Sync] Stopped: Edge E Drop
2026-06-29 03:04:51.840: [INFO][Sync] Stopped: Edge Hub App Usage
2026-06-29 03:04:51.840: [INFO][Sync] Stopped: Edge Wallet
2026-06-29 03:04:51.840: [INFO][Sync] Stopped: Edge Workspace
2026-06-29 03:04:54.482: [INFO][Sync] Reset engine, reason: 0
2026-06-29 22:13:37.351: [INFO][Sync] Reset engine, reason: 8
2026-06-29 22:13:37.351: [INFO][Sync] Stopped: Bookmarks
2026-06-29 22:13:37.351: [INFO][Sync] Stopped: Preferences
2026-06-29 22:13:37.351: [INFO][Sync] Stopped: Passwords
2026-06-29 22:13:37.351: [INFO][Sync] Stopped: Autofill Profiles
2026-06-29 22:13:37.351: [INFO][Sync] Stopped: Autofill
2026-06-29 22:13:37.351: [INFO][Sync] Stopped: Extensions
2026-06-29 22:13:37.351: [INFO][Sync] Stopped: Sessions
2026-06-29 22:13:37.351: [INFO][Sync] Stopped: Extension settings
2026-06-29 22:13:37.351: [INFO][Sync] Stopped: History Delete Directives
2026-06-29 22:13:37.351: [INFO][Sync] Stopped: Device Info
2026-06-29 22:13:37.351: [INFO][Sync] Stopped: User Consents
2026-06-29 22:13:37.351: [INFO][Sync] Stopped: Send Tab To Self
2026-06-29 22:13:37.351: [INFO][Sync] Stopped: Web Apps
2026-06-29 22:13:37.351: [INFO][Sync] Stopped: History
2026-06-29 22:13:37.351: [INFO][Sync] Stopped: Saved Tab Group
2026-06-29 22:13:37.351: [INFO][Sync] Stopped: WebAuthn Credentials
2026-06-29 22:13:37.352: [INFO][Sync] Stopped: Edge E Drop
2026-06-29 22:13:37.352: [INFO][Sync] Stopped: Edge Hub App Usage
2026-06-29 22:13:37.352: [INFO][Sync] Stopped: Edge Wallet
2026-06-29 22:13:37.352: [INFO][Sync] Stopped: Edge Workspace
2026-06-29 22:13:37.352: [INFO][Sync] SyncState after authenticated was: NotSignedIn
2026-06-29 22:13:38.926: [INFO][Sync] Reset engine, reason: 8
2026-06-29 22:13:38.926: [INFO][Sync] Stopped: Bookmarks
2026-06-29 22:13:38.926: [INFO][Sync] Stopped: Preferences
2026-06-29 22:13:38.927: [INFO][Sync] Stopped: Passwords
2026-06-29 22:13:38.927: [INFO][Sync] Stopped: Autofill Profiles
2026-06-29 22:13:38.927: [INFO][Sync] Stopped: Autofill
2026-06-29 22:13:38.927: [INFO][Sync] Stopped: Extensions
2026-06-29 22:13:38.927: [INFO][Sync] Stopped: Sessions
2026-06-29 22:13:38.927: [INFO][Sync] Stopped: Extension settings
2026-06-29 22:13:38.927: [INFO][Sync] Stopped: History Delete Directives
2026-06-29 22:13:38.927: [INFO][Sync] Stopped: Device Info
2026-06-29 22:13:38.927: [INFO][Sync] Stopped: User Consents
2026-06-29 22:13:38.927: [INFO][Sync] Stopped: Send Tab To Self
2026-06-29 22:13:38.927: [INFO][Sync] Stopped: Web Apps
2026-06-29 22:13:38.927: [INFO][Sync] Stopped: History
2026-06-29 22:13:38.927: [INFO][Sync] Stopped: Saved Tab Group
2026-06-29 22:13:38.927: [INFO][Sync] Stopped: WebAuthn Credentials
2026-06-29 22:13:38.927: [INFO][Sync] Stopped: Edge E Drop
2026-06-29 22:13:38.927: [INFO][Sync] Stopped: Edge Hub App Usage
2026-06-29 22:13:38.927: [INFO][Sync] Stopped: Edge Wallet
2026-06-29 22:13:38.927: [INFO][Sync] Stopped: Edge Workspace
2026-06-30 01:10:41.977: [INFO][Sync] Reset engine, reason: 0
2026-06-30 01:10:43.126: [INFO][Sync] Reset engine, reason: 8
2026-06-30 01:10:43.126: [INFO][Sync] Stopped: Bookmarks
2026-06-30 01:10:43.126: [INFO][Sync] Stopped: Preferences
2026-06-30 01:10:43.126: [INFO][Sync] Stopped: Passwords
2026-06-30 01:10:43.126: [INFO][Sync] Stopped: Autofill Profiles
2026-06-30 01:10:43.126: [INFO][Sync] Stopped: Autofill
2026-06-30 01:10:43.126: [INFO][Sync] Stopped: Extensions
2026-06-30 01:10:43.126: [INFO][Sync] Stopped: Sessions
2026-06-30 01:10:43.126: [INFO][Sync] Stopped: Extension settings
2026-06-30 01:10:43.126: [INFO][Sync] Stopped: History Delete Directives
2026-06-30 01:10:43.126: [INFO][Sync] Stopped: Device Info
2026-06-30 01:10:43.126: [INFO][Sync] Stopped: User Consents
2026-06-30 01:10:43.126: [INFO][Sync] Stopped: Send Tab To Self
2026-06-30 01:10:43.126: [INFO][Sync] Stopped: Web Apps
2026-06-30 01:10:43.126: [INFO][Sync] Stopped: History
2026-06-30 01:10:43.127: [INFO][Sync] Stopped: Saved Tab Group
2026-06-30 01:10:43.127: [INFO][Sync] Stopped: WebAuthn Credentials
2026-06-30 01:10:43.127: [INFO][Sync] Stopped: Edge E Drop
2026-06-30 01:10:43.127: [INFO][Sync] Stopped: Edge Hub App Usage
2026-06-30 01:10:43.127: [INFO][Sync] Stopped: Edge Wallet
2026-06-30 01:10:43.127: [INFO][Sync] Stopped: Edge Workspace
2026-06-30 01:10:43.127: [INFO][Sync] SyncState after authenticated was: NotSignedIn
2026-06-30 01:10:43.705: [INFO][Sync] Reset engine, reason: 8
2026-06-30 01:10:43.705: [INFO][Sync] Stopped: Bookmarks
2026-06-30 01:10:43.705: [INFO][Sync] Stopped: Preferences
2026-06-30 01:10:43.705: [INFO][Sync] Stopped: Passwords
2026-06-30 01:10:43.705: [INFO][Sync] Stopped: Autofill Profiles
2026-06-30 01:10:43.705: [INFO][Sync] Stopped: Autofill
2026-06-30 01:10:43.705: [INFO][Sync] Stopped: Extensions
2026-06-30 01:10:43.705: [INFO][Sync] Stopped: Sessions
2026-06-30 01:10:43.705: [INFO][Sync] Stopped: Extension settings
2026-06-30 01:10:43.705: [INFO][Sync] Stopped: History Delete Directives
2026-06-30 01:10:43.705: [INFO][Sync] Stopped: Device Info
2026-06-30 01:10:43.705: [INFO][Sync] Stopped: User Consents
2026-06-30 01:10:43.705: [INFO][Sync] Stopped: Send Tab To Self
2026-06-30 01:10:43.705: [INFO][Sync] Stopped: Web Apps
2026-06-30 01:10:43.705: [INFO][Sync] Stopped: History
2026-06-30 01:10:43.705: [INFO][Sync] Stopped: Saved Tab Group
2026-06-30 01:10:43.705: [INFO][Sync] Stopped: WebAuthn Credentials
2026-06-30 01:10:43.705: [INFO][Sync] Stopped: Edge E Drop
2026-06-30 01:10:43.705: [INFO][Sync] Stopped: Edge Hub App Usage
2026-06-30 01:10:43.705: [INFO][Sync] Stopped: Edge Wallet
2026-06-30 01:10:43.705: [INFO][Sync] Stopped: Edge Workspace
2026-06-30 04:28:12.401: [INFO][Sync] Reset engine, reason: 0
2026-06-30 20:43:25.984: [INFO][Sync] Reset engine, reason: 8
2026-06-30 20:43:25.984: [INFO][Sync] Stopped: Bookmarks
2026-06-30 20:43:25.984: [INFO][Sync] Stopped: Preferences
2026-06-30 20:43:25.984: [INFO][Sync] Stopped: Passwords
2026-06-30 20:43:25.984: [INFO][Sync] Stopped: Autofill Profiles
2026-06-30 20:43:25.984: [INFO][Sync] Stopped: Autofill
2026-06-30 20:43:25.984: [INFO][Sync] Stopped: Extensions
2026-06-30 20:43:25.984: [INFO][Sync] Stopped: Sessions
2026-06-30 20:43:25.984: [INFO][Sync] Stopped: Extension settings
2026-06-30 20:43:25.984: [INFO][Sync] Stopped: History Delete Directives
2026-06-30 20:43:25.984: [INFO][Sync] Stopped: Device Info
2026-06-30 20:43:25.984: [INFO][Sync] Stopped: User Consents
2026-06-30 20:43:25.984: [INFO][Sync] Stopped: Send Tab To Self
2026-06-30 20:43:25.984: [INFO][Sync] Stopped: Web Apps
2026-06-30 20:43:25.984: [INFO][Sync] Stopped: History
2026-06-30 20:43:25.984: [INFO][Sync] Stopped: Saved Tab Group
2026-06-30 20:43:25.984: [INFO][Sync] Stopped: WebAuthn Credentials
2026-06-30 20:43:25.984: [INFO][Sync] Stopped: Edge E Drop
2026-06-30 20:43:25.984: [INFO][Sync] Stopped: Edge Hub App Usage
2026-06-30 20:43:25.984: [INFO][Sync] Stopped: Edge Wallet
2026-06-30 20:43:25.984: [INFO][Sync] Stopped: Edge Workspace
2026-06-30 20:43:25.984: [INFO][Sync] SyncState after authenticated was: NotSignedIn
2026-06-30 20:43:26.416: [INFO][Sync] Reset engine, reason: 8
2026-06-30 20:43:26.416: [INFO][Sync] Stopped: Bookmarks
2026-06-30 20:43:26.416: [INFO][Sync] Stopped: Preferences
2026-06-30 20:43:26.416: [INFO][Sync] Stopped: Passwords
2026-06-30 20:43:26.416: [INFO][Sync] Stopped: Autofill Profiles
2026-06-30 20:43:26.416: [INFO][Sync] Stopped: Autofill
2026-06-30 20:43:26.416: [INFO][Sync] Stopped: Extensions
2026-06-30 20:43:26.416: [INFO][Sync] Stopped: Sessions
2026-06-30 20:43:26.416: [INFO][Sync] Stopped: Extension settings
2026-06-30 20:43:26.416: [INFO][Sync] Stopped: History Delete Directives
2026-06-30 20:43:26.416: [INFO][Sync] Stopped: Device Info
2026-06-30 20:43:26.416: [INFO][Sync] Stopped: User Consents
2026-06-30 20:43:26.416: [INFO][Sync] Stopped: Send Tab To Self
2026-06-30 20:43:26.416: [INFO][Sync] Stopped: Web Apps
2026-06-30 20:43:26.416: [INFO][Sync] Stopped: History
2026-06-30 20:43:26.416: [INFO][Sync] Stopped: Saved Tab Group
2026-06-30 20:43:26.416: [INFO][Sync] Stopped: WebAuthn Credentials
2026-06-30 20:43:26.416: [INFO][Sync] Stopped: Edge E Drop
2026-06-30 20:43:26.416: [INFO][Sync] Stopped: Edge Hub App Usage
2026-06-30 20:43:26.416: [INFO][Sync] Stopped: Edge Wallet
2026-06-30 20:43:26.416: [INFO][Sync] Stopped: Edge Workspace
2026-07-01 00:23:41.307: [INFO][Sync] Reset engine, reason: 0
2026-07-01 00:48:02.855: [INFO][Sync] Reset engine, reason: 8
2026-07-01 00:48:02.855: [INFO][Sync] Stopped: Bookmarks
2026-07-01 00:48:02.855: [INFO][Sync] Stopped: Preferences
2026-07-01 00:48:02.855: [INFO][Sync] Stopped: Passwords
2026-07-01 00:48:02.855: [INFO][Sync] Stopped: Autofill Profiles
2026-07-01 00:48:02.855: [INFO][Sync] Stopped: Autofill
2026-07-01 00:48:02.855: [INFO][Sync] Stopped: Extensions
2026-07-01 00:48:02.855: [INFO][Sync] Stopped: Sessions
2026-07-01 00:48:02.855: [INFO][Sync] Stopped: Extension settings
2026-07-01 00:48:02.855: [INFO][Sync] Stopped: History Delete Directives
2026-07-01 00:48:02.855: [INFO][Sync] Stopped: Device Info
2026-07-01 00:48:02.855: [INFO][Sync] Stopped: User Consents
2026-07-01 00:48:02.855: [INFO][Sync] Stopped: Send Tab To Self
2026-07-01 00:48:02.855: [INFO][Sync] Stopped: Web Apps
2026-07-01 00:48:02.855: [INFO][Sync] Stopped: History
2026-07-01 00:48:02.855: [INFO][Sync] Stopped: Saved Tab Group
2026-07-01 00:48:02.855: [INFO][Sync] Stopped: WebAuthn Credentials
2026-07-01 00:48:02.855: [INFO][Sync] Stopped: Edge E Drop
2026-07-01 00:48:02.855: [INFO][Sync] Stopped: Edge Hub App Usage
2026-07-01 00:48:02.855: [INFO][Sync] Stopped: Edge Wallet
2026-07-01 00:48:02.855: [INFO][Sync] Stopped: Edge Workspace
2026-07-01 00:48:02.855: [INFO][Sync] SyncState after authenticated was: NotSignedIn
2026-07-01 00:48:03.429: [INFO][Sync] Reset engine, reason: 8
2026-07-01 00:48:03.429: [INFO][Sync] Stopped: Bookmarks
2026-07-01 00:48:03.429: [INFO][Sync] Stopped: Preferences
2026-07-01 00:48:03.429: [INFO][Sync] Stopped: Passwords
2026-07-01 00:48:03.429: [INFO][Sync] Stopped: Autofill Profiles
2026-07-01 00:48:03.429: [INFO][Sync] Stopped: Autofill
2026-07-01 00:48:03.429: [INFO][Sync] Stopped: Extensions
2026-07-01 00:48:03.429: [INFO][Sync] Stopped: Sessions
2026-07-01 00:48:03.429: [INFO][Sync] Stopped: Extension settings
2026-07-01 00:48:03.429: [INFO][Sync] Stopped: History Delete Directives
2026-07-01 00:48:03.429: [INFO][Sync] Stopped: Device Info
2026-07-01 00:48:03.429: [INFO][Sync] Stopped: User Consents
2026-07-01 00:48:03.429: [INFO][Sync] Stopped: Send Tab To Self
2026-07-01 00:48:03.429: [INFO][Sync] Stopped: Web Apps
2026-07-01 00:48:03.429: [INFO][Sync] Stopped: History
2026-07-01 00:48:03.429: [INFO][Sync] Stopped: Saved Tab Group
2026-07-01 00:48:03.429: [INFO][Sync] Stopped: WebAuthn Credentials
2026-07-01 00:48:03.429: [INFO][Sync] Stopped: Edge E Drop
2026-07-01 00:48:03.429: [INFO][Sync] Stopped: Edge Hub App Usage
2026-07-01 00:48:03.429: [INFO][Sync] Stopped: Edge Wallet
2026-07-01 00:48:03.429: [INFO][Sync] Stopped: Edge Workspace
2026-07-01 00:48:48.014: [INFO][Sync] Reset engine, reason: 0
2026-07-01 01:15:03.022: [INFO][Sync] Reset engine, reason: 8
2026-07-01 01:15:03.022: [INFO][Sync] Stopped: Bookmarks
2026-07-01 01:15:03.022: [INFO][Sync] Stopped: Preferences
2026-07-01 01:15:03.022: [INFO][Sync] Stopped: Passwords
2026-07-01 01:15:03.022: [INFO][Sync] Stopped: Autofill Profiles
2026-07-01 01:15:03.022: [INFO][Sync] Stopped: Autofill
2026-07-01 01:15:03.022: [INFO][Sync] Stopped: Extensions
2026-07-01 01:15:03.022: [INFO][Sync] Stopped: Sessions
2026-07-01 01:15:03.022: [INFO][Sync] Stopped: Extension settings
2026-07-01 01:15:03.022: [INFO][Sync] Stopped: History Delete Directives
2026-07-01 01:15:03.022: [INFO][Sync] Stopped: Device Info
2026-07-01 01:15:03.022: [INFO][Sync] Stopped: User Consents
2026-07-01 01:15:03.022: [INFO][Sync] Stopped: Send Tab To Self
2026-07-01 01:15:03.022: [INFO][Sync] Stopped: Web Apps
2026-07-01 01:15:03.022: [INFO][Sync] Stopped: History
2026-07-01 01:15:03.022: [INFO][Sync] Stopped: Saved Tab Group
2026-07-01 01:15:03.022: [INFO][Sync] Stopped: WebAuthn Credentials
2026-07-01 01:15:03.022: [INFO][Sync] Stopped: Edge E Drop
2026-07-01 01:15:03.022: [INFO][Sync] Stopped: Edge Hub App Usage
2026-07-01 01:15:03.022: [INFO][Sync] Stopped: Edge Wallet
2026-07-01 01:15:03.022: [INFO][Sync] Stopped: Edge Workspace
2026-07-01 01:15:03.023: [INFO][Sync] SyncState after authenticated was: NotSignedIn
2026-07-01 01:15:04.298: [INFO][Sync] Reset engine, reason: 8
2026-07-01 01:15:04.298: [INFO][Sync] Stopped: Bookmarks
2026-07-01 01:15:04.298: [INFO][Sync] Stopped: Preferences
2026-07-01 01:15:04.298: [INFO][Sync] Stopped: Passwords
2026-07-01 01:15:04.298: [INFO][Sync] Stopped: Autofill Profiles
2026-07-01 01:15:04.298: [INFO][Sync] Stopped: Autofill
2026-07-01 01:15:04.298: [INFO][Sync] Stopped: Extensions
2026-07-01 01:15:04.298: [INFO][Sync] Stopped: Sessions
2026-07-01 01:15:04.298: [INFO][Sync] Stopped: Extension settings
2026-07-01 01:15:04.298: [INFO][Sync] Stopped: History Delete Directives
2026-07-01 01:15:04.298: [INFO][Sync] Stopped: Device Info
2026-07-01 01:15:04.298: [INFO][Sync] Stopped: User Consents
2026-07-01 01:15:04.298: [INFO][Sync] Stopped: Send Tab To Self
2026-07-01 01:15:04.298: [INFO][Sync] Stopped: Web Apps
2026-07-01 01:15:04.298: [INFO][Sync] Stopped: History
2026-07-01 01:15:04.298: [INFO][Sync] Stopped: Saved Tab Group
2026-07-01 01:15:04.298: [INFO][Sync] Stopped: WebAuthn Credentials
2026-07-01 01:15:04.298: [INFO][Sync] Stopped: Edge E Drop
2026-07-01 01:15:04.298: [INFO][Sync] Stopped: Edge Hub App Usage
2026-07-01 01:15:04.298: [INFO][Sync] Stopped: Edge Wallet
2026-07-01 01:15:04.298: [INFO][Sync] Stopped: Edge Workspace
2026-07-01 02:21:35.096: [INFO][Sync] Reset engine, reason: 0
2026-07-01 19:00:06.200: [INFO][Sync] Reset engine, reason: 8
2026-07-01 19:00:06.200: [INFO][Sync] Stopped: Bookmarks
2026-07-01 19:00:06.200: [INFO][Sync] Stopped: Preferences
2026-07-01 19:00:06.200: [INFO][Sync] Stopped: Passwords
2026-07-01 19:00:06.200: [INFO][Sync] Stopped: Autofill Profiles
2026-07-01 19:00:06.200: [INFO][Sync] Stopped: Autofill
2026-07-01 19:00:06.200: [INFO][Sync] Stopped: Extensions
2026-07-01 19:00:06.200: [INFO][Sync] Stopped: Sessions
2026-07-01 19:00:06.200: [INFO][Sync] Stopped: Extension settings
2026-07-01 19:00:06.200: [INFO][Sync] Stopped: History Delete Directives
2026-07-01 19:00:06.200: [INFO][Sync] Stopped: Device Info
2026-07-01 19:00:06.200: [INFO][Sync] Stopped: User Consents
2026-07-01 19:00:06.200: [INFO][Sync] Stopped: Send Tab To Self
2026-07-01 19:00:06.200: [INFO][Sync] Stopped: Web Apps
2026-07-01 19:00:06.200: [INFO][Sync] Stopped: History
2026-07-01 19:00:06.200: [INFO][Sync] Stopped: Saved Tab Group
2026-07-01 19:00:06.200: [INFO][Sync] Stopped: WebAuthn Credentials
2026-07-01 19:00:06.200: [INFO][Sync] Stopped: Edge E Drop
2026-07-01 19:00:06.201: [INFO][Sync] Stopped: Edge Hub App Usage
2026-07-01 19:00:06.201: [INFO][Sync] Stopped: Edge Wallet
2026-07-01 19:00:06.201: [INFO][Sync] Stopped: Edge Workspace
2026-07-01 19:00:06.201: [INFO][Sync] SyncState after authenticated was: NotSignedIn
2026-07-01 19:00:06.818: [INFO][Sync] Reset engine, reason: 8
2026-07-01 19:00:06.818: [INFO][Sync] Stopped: Bookmarks
2026-07-01 19:00:06.818: [INFO][Sync] Stopped: Preferences
2026-07-01 19:00:06.818: [INFO][Sync] Stopped: Passwords
2026-07-01 19:00:06.818: [INFO][Sync] Stopped: Autofill Profiles
2026-07-01 19:00:06.818: [INFO][Sync] Stopped: Autofill
2026-07-01 19:00:06.818: [INFO][Sync] Stopped: Extensions
2026-07-01 19:00:06.818: [INFO][Sync] Stopped: Sessions
2026-07-01 19:00:06.818: [INFO][Sync] Stopped: Extension settings
2026-07-01 19:00:06.818: [INFO][Sync] Stopped: History Delete Directives
2026-07-01 19:00:06.818: [INFO][Sync] Stopped: Device Info
2026-07-01 19:00:06.819: [INFO][Sync] Stopped: User Consents
2026-07-01 19:00:06.819: [INFO][Sync] Stopped: Send Tab To Self
2026-07-01 19:00:06.819: [INFO][Sync] Stopped: Web Apps
2026-07-01 19:00:06.819: [INFO][Sync] Stopped: History
2026-07-01 19:00:06.819: [INFO][Sync] Stopped: Saved Tab Group
2026-07-01 19:00:06.819: [INFO][Sync] Stopped: WebAuthn Credentials
2026-07-01 19:00:06.819: [INFO][Sync] Stopped: Edge E Drop
2026-07-01 19:00:06.819: [INFO][Sync] Stopped: Edge Hub App Usage
2026-07-01 19:00:06.819: [INFO][Sync] Stopped: Edge Wallet
2026-07-01 19:00:06.819: [INFO][Sync] Stopped: Edge Workspace
2026-07-02 04:30:31.270: [INFO][Sync] Reset engine, reason: 0
2026-07-02 04:41:06.383: [INFO][Sync] Reset engine, reason: 8
2026-07-02 04:41:06.383: [INFO][Sync] Stopped: Bookmarks
2026-07-02 04:41:06.383: [INFO][Sync] Stopped: Preferences
2026-07-02 04:41:06.384: [INFO][Sync] Stopped: Passwords
2026-07-02 04:41:06.384: [INFO][Sync] Stopped: Autofill Profiles
2026-07-02 04:41:06.384: [INFO][Sync] Stopped: Autofill
2026-07-02 04:41:06.384: [INFO][Sync] Stopped: Extensions
2026-07-02 04:41:06.384: [INFO][Sync] Stopped: Sessions
2026-07-02 04:41:06.384: [INFO][Sync] Stopped: Extension settings
2026-07-02 04:41:06.384: [INFO][Sync] Stopped: History Delete Directives
2026-07-02 04:41:06.384: [INFO][Sync] Stopped: Device Info
2026-07-02 04:41:06.384: [INFO][Sync] Stopped: User Consents
2026-07-02 04:41:06.384: [INFO][Sync] Stopped: Send Tab To Self
2026-07-02 04:41:06.384: [INFO][Sync] Stopped: Web Apps
2026-07-02 04:41:06.384: [INFO][Sync] Stopped: History
2026-07-02 04:41:06.384: [INFO][Sync] Stopped: Saved Tab Group
2026-07-02 04:41:06.384: [INFO][Sync] Stopped: WebAuthn Credentials
2026-07-02 04:41:06.384: [INFO][Sync] Stopped: Edge E Drop
2026-07-02 04:41:06.384: [INFO][Sync] Stopped: Edge Hub App Usage
2026-07-02 04:41:06.384: [INFO][Sync] Stopped: Edge Wallet
2026-07-02 04:41:06.384: [INFO][Sync] Stopped: Edge Workspace
2026-07-02 04:41:06.384: [INFO][Sync] SyncState after authenticated was: NotSignedIn
2026-07-02 04:41:07.038: [INFO][Sync] Reset engine, reason: 8
2026-07-02 04:41:07.038: [INFO][Sync] Stopped: Bookmarks
2026-07-02 04:41:07.038: [INFO][Sync] Stopped: Preferences
2026-07-02 04:41:07.038: [INFO][Sync] Stopped: Passwords
2026-07-02 04:41:07.038: [INFO][Sync] Stopped: Autofill Profiles
2026-07-02 04:41:07.038: [INFO][Sync] Stopped: Autofill
2026-07-02 04:41:07.038: [INFO][Sync] Stopped: Extensions
2026-07-02 04:41:07.038: [INFO][Sync] Stopped: Sessions
2026-07-02 04:41:07.038: [INFO][Sync] Stopped: Extension settings
2026-07-02 04:41:07.038: [INFO][Sync] Stopped: History Delete Directives
2026-07-02 04:41:07.038: [INFO][Sync] Stopped: Device Info
2026-07-02 04:41:07.038: [INFO][Sync] Stopped: User Consents
2026-07-02 04:41:07.038: [INFO][Sync] Stopped: Send Tab To Self
2026-07-02 04:41:07.038: [INFO][Sync] Stopped: Web Apps
2026-07-02 04:41:07.038: [INFO][Sync] Stopped: History
2026-07-02 04:41:07.038: [INFO][Sync] Stopped: Saved Tab Group
2026-07-02 04:41:07.038: [INFO][Sync] Stopped: WebAuthn Credentials
2026-07-02 04:41:07.038: [INFO][Sync] Stopped: Edge E Drop
2026-07-02 04:41:07.038: [INFO][Sync] Stopped: Edge Hub App Usage
2026-07-02 04:41:07.038: [INFO][Sync] Stopped: Edge Wallet
2026-07-02 04:41:07.038: [INFO][Sync] Stopped: Edge Workspace
2026-07-02 04:58:50.015: [INFO][Sync] Reset engine, reason: 0
2026-07-02 04:58:51.403: [INFO][Sync] Reset engine, reason: 8
2026-07-02 04:58:51.404: [INFO][Sync] Stopped: Bookmarks
2026-07-02 04:58:51.404: [INFO][Sync] Stopped: Preferences
2026-07-02 04:58:51.404: [INFO][Sync] Stopped: Passwords
2026-07-02 04:58:51.404: [INFO][Sync] Stopped: Autofill Profiles
2026-07-02 04:58:51.404: [INFO][Sync] Stopped: Autofill
2026-07-02 04:58:51.404: [INFO][Sync] Stopped: Extensions
2026-07-02 04:58:51.404: [INFO][Sync] Stopped: Sessions
2026-07-02 04:58:51.404: [INFO][Sync] Stopped: Extension settings
2026-07-02 04:58:51.404: [INFO][Sync] Stopped: History Delete Directives
2026-07-02 04:58:51.404: [INFO][Sync] Stopped: Device Info
2026-07-02 04:58:51.404: [INFO][Sync] Stopped: User Consents
2026-07-02 04:58:51.404: [INFO][Sync] Stopped: Send Tab To Self
2026-07-02 04:58:51.404: [INFO][Sync] Stopped: Web Apps
2026-07-02 04:58:51.404: [INFO][Sync] Stopped: History
2026-07-02 04:58:51.404: [INFO][Sync] Stopped: Saved Tab Group
2026-07-02 04:58:51.404: [INFO][Sync] Stopped: WebAuthn Credentials
2026-07-02 04:58:51.404: [INFO][Sync] Stopped: Edge E Drop
2026-07-02 04:58:51.404: [INFO][Sync] Stopped: Edge Hub App Usage
2026-07-02 04:58:51.404: [INFO][Sync] Stopped: Edge Wallet
2026-07-02 04:58:51.404: [INFO][Sync] Stopped: Edge Workspace
2026-07-02 04:58:51.404: [INFO][Sync] SyncState after authenticated was: NotSignedIn
2026-07-02 04:58:52.498: [INFO][Sync] Reset engine, reason: 8
2026-07-02 04:58:52.498: [INFO][Sync] Stopped: Bookmarks
2026-07-02 04:58:52.498: [INFO][Sync] Stopped: Preferences
2026-07-02 04:58:52.498: [INFO][Sync] Stopped: Passwords
2026-07-02 04:58:52.498: [INFO][Sync] Stopped: Autofill Profiles
2026-07-02 04:58:52.498: [INFO][Sync] Stopped: Autofill
2026-07-02 04:58:52.498: [INFO][Sync] Stopped: Extensions
2026-07-02 04:58:52.498: [INFO][Sync] Stopped: Sessions
2026-07-02 04:58:52.498: [INFO][Sync] Stopped: Extension settings
2026-07-02 04:58:52.498: [INFO][Sync] Stopped: History Delete Directives
2026-07-02 04:58:52.498: [INFO][Sync] Stopped: Device Info
2026-07-02 04:58:52.498: [INFO][Sync] Stopped: User Consents
2026-07-02 04:58:52.498: [INFO][Sync] Stopped: Send Tab To Self
2026-07-02 04:58:52.498: [INFO][Sync] Stopped: Web Apps
2026-07-02 04:58:52.498: [INFO][Sync] Stopped: History
2026-07-02 04:58:52.498: [INFO][Sync] Stopped: Saved Tab Group
2026-07-02 04:58:52.498: [INFO][Sync] Stopped: WebAuthn Credentials
2026-07-02 04:58:52.499: [INFO][Sync] Stopped: Edge E Drop
2026-07-02 04:58:52.499: [INFO][Sync] Stopped: Edge Hub App Usage
2026-07-02 04:58:52.499: [INFO][Sync] Stopped: Edge Wallet
2026-07-02 04:58:52.499: [INFO][Sync] Stopped: Edge Workspace
2026-07-02 04:59:28.333: [INFO][Sync] Reset engine, reason: 0
2026-07-02 05:00:56.941: [INFO][Sync] Reset engine, reason: 8
2026-07-02 05:00:56.941: [INFO][Sync] Stopped: Bookmarks
2026-07-02 05:00:56.941: [INFO][Sync] Stopped: Preferences
2026-07-02 05:00:56.941: [INFO][Sync] Stopped: Passwords
2026-07-02 05:00:56.941: [INFO][Sync] Stopped: Autofill Profiles
2026-07-02 05:00:56.941: [INFO][Sync] Stopped: Autofill
2026-07-02 05:00:56.941: [INFO][Sync] Stopped: Extensions
2026-07-02 05:00:56.941: [INFO][Sync] Stopped: Sessions
2026-07-02 05:00:56.941: [INFO][Sync] Stopped: Extension settings
2026-07-02 05:00:56.941: [INFO][Sync] Stopped: History Delete Directives
2026-07-02 05:00:56.941: [INFO][Sync] Stopped: Device Info
2026-07-02 05:00:56.941: [INFO][Sync] Stopped: User Consents
2026-07-02 05:00:56.941: [INFO][Sync] Stopped: Send Tab To Self
2026-07-02 05:00:56.941: [INFO][Sync] Stopped: Web Apps
2026-07-02 05:00:56.941: [INFO][Sync] Stopped: History
2026-07-02 05:00:56.941: [INFO][Sync] Stopped: Saved Tab Group
2026-07-02 05:00:56.941: [INFO][Sync] Stopped: WebAuthn Credentials
2026-07-02 05:00:56.941: [INFO][Sync] Stopped: Edge E Drop
2026-07-02 05:00:56.941: [INFO][Sync] Stopped: Edge Hub App Usage
2026-07-02 05:00:56.941: [INFO][Sync] Stopped: Edge Wallet
2026-07-02 05:00:56.941: [INFO][Sync] Stopped: Edge Workspace
2026-07-02 05:00:56.942: [INFO][Sync] SyncState after authenticated was: NotSignedIn
2026-07-02 05:00:57.642: [INFO][Sync] Reset engine, reason: 8
2026-07-02 05:00:57.642: [INFO][Sync] Stopped: Bookmarks
2026-07-02 05:00:57.642: [INFO][Sync] Stopped: Preferences
2026-07-02 05:00:57.642: [INFO][Sync] Stopped: Passwords
2026-07-02 05:00:57.642: [INFO][Sync] Stopped: Autofill Profiles
2026-07-02 05:00:57.643: [INFO][Sync] Stopped: Autofill
2026-07-02 05:00:57.643: [INFO][Sync] Stopped: Extensions
2026-07-02 05:00:57.643: [INFO][Sync] Stopped: Sessions
2026-07-02 05:00:57.643: [INFO][Sync] Stopped: Extension settings
2026-07-02 05:00:57.643: [INFO][Sync] Stopped: History Delete Directives
2026-07-02 05:00:57.643: [INFO][Sync] Stopped: Device Info
2026-07-02 05:00:57.643: [INFO][Sync] Stopped: User Consents
2026-07-02 05:00:57.643: [INFO][Sync] Stopped: Send Tab To Self
2026-07-02 05:00:57.643: [INFO][Sync] Stopped: Web Apps
2026-07-02 05:00:57.643: [INFO][Sync] Stopped: History
2026-07-02 05:00:57.643: [INFO][Sync] Stopped: Saved Tab Group
2026-07-02 05:00:57.643: [INFO][Sync] Stopped: WebAuthn Credentials
2026-07-02 05:00:57.643: [INFO][Sync] Stopped: Edge E Drop
2026-07-02 05:00:57.643: [INFO][Sync] Stopped: Edge Hub App Usage
2026-07-02 05:00:57.643: [INFO][Sync] Stopped: Edge Wallet
2026-07-02 05:00:57.643: [INFO][Sync] Stopped: Edge Workspace
2026-07-02 05:06:19.173: [INFO][Sync] Reset engine, reason: 0
2026-07-02 05:06:23.928: [INFO][Sync] Reset engine, reason: 8
2026-07-02 05:06:23.928: [INFO][Sync] Stopped: Bookmarks
2026-07-02 05:06:23.928: [INFO][Sync] Stopped: Preferences
2026-07-02 05:06:23.928: [INFO][Sync] Stopped: Passwords
2026-07-02 05:06:23.928: [INFO][Sync] Stopped: Autofill Profiles
2026-07-02 05:06:23.928: [INFO][Sync] Stopped: Autofill
2026-07-02 05:06:23.928: [INFO][Sync] Stopped: Extensions
2026-07-02 05:06:23.928: [INFO][Sync] Stopped: Sessions
2026-07-02 05:06:23.928: [INFO][Sync] Stopped: Extension settings
2026-07-02 05:06:23.928: [INFO][Sync] Stopped: History Delete Directives
2026-07-02 05:06:23.928: [INFO][Sync] Stopped: Device Info
2026-07-02 05:06:23.928: [INFO][Sync] Stopped: User Consents
2026-07-02 05:06:23.928: [INFO][Sync] Stopped: Send Tab To Self
2026-07-02 05:06:23.928: [INFO][Sync] Stopped: Web Apps
2026-07-02 05:06:23.928: [INFO][Sync] Stopped: History
2026-07-02 05:06:23.928: [INFO][Sync] Stopped: Saved Tab Group
2026-07-02 05:06:23.928: [INFO][Sync] Stopped: WebAuthn Credentials
2026-07-02 05:06:23.928: [INFO][Sync] Stopped: Edge E Drop
2026-07-02 05:06:23.928: [INFO][Sync] Stopped: Edge Hub App Usage
2026-07-02 05:06:23.928: [INFO][Sync] Stopped: Edge Wallet
2026-07-02 05:06:23.928: [INFO][Sync] Stopped: Edge Workspace
2026-07-02 05:06:23.929: [INFO][Sync] SyncState after authenticated was: NotSignedIn
2026-07-02 05:06:25.318: [INFO][Sync] Reset engine, reason: 8
2026-07-02 05:06:25.318: [INFO][Sync] Stopped: Bookmarks
2026-07-02 05:06:25.318: [INFO][Sync] Stopped: Preferences
2026-07-02 05:06:25.318: [INFO][Sync] Stopped: Passwords
2026-07-02 05:06:25.318: [INFO][Sync] Stopped: Autofill Profiles
2026-07-02 05:06:25.319: [INFO][Sync] Stopped: Autofill
2026-07-02 05:06:25.319: [INFO][Sync] Stopped: Extensions
2026-07-02 05:06:25.319: [INFO][Sync] Stopped: Sessions
2026-07-02 05:06:25.319: [INFO][Sync] Stopped: Extension settings
2026-07-02 05:06:25.319: [INFO][Sync] Stopped: History Delete Directives
2026-07-02 05:06:25.319: [INFO][Sync] Stopped: Device Info
2026-07-02 05:06:25.319: [INFO][Sync] Stopped: User Consents
2026-07-02 05:06:25.319: [INFO][Sync] Stopped: Send Tab To Self
2026-07-02 05:06:25.319: [INFO][Sync] Stopped: Web Apps
2026-07-02 05:06:25.319: [INFO][Sync] Stopped: History
2026-07-02 05:06:25.319: [INFO][Sync] Stopped: Saved Tab Group
2026-07-02 05:06:25.319: [INFO][Sync] Stopped: WebAuthn Credentials
2026-07-02 05:06:25.319: [INFO][Sync] Stopped: Edge E Drop
2026-07-02 05:06:25.319: [INFO][Sync] Stopped: Edge Hub App Usage
2026-07-02 05:06:25.319: [INFO][Sync] Stopped: Edge Wallet
2026-07-02 05:06:25.319: [INFO][Sync] Stopped: Edge Workspace
2026-07-02 05:06:35.158: [INFO][Sync] Reset engine, reason: 0
